customer_id,recency_days,frequency,monetary,cluster,segment,age,gender,city,income_bracket,tenure_months,card_type
C100000,17.0,1.0,928.26,0,Steady Redeemers,46,M,North Judithbury,Mid,51,Green
C100001,35.0,3.0,8301.78,3,"Champions (high-value, engaged)",24,M,East Jill,Affluent,71,Gold
C100002,12.0,4.0,5441.59,3,"Champions (high-value, engaged)",43,M,New Roberttown,High,48,Gold
C100003,1.0,7.0,6606.13,3,"Champions (high-value, engaged)",37,M,East Jessetown,Mid,19,Gold
C100004,59.0,2.0,540.12,0,Steady Redeemers,49,M,Lake Debra,Low,6,Platinum
C100005,42.0,2.0,757.34,0,Steady Redeemers,45,F,Robinsonshire,Low,84,Gold
C100006,261.0,1.0,227.17,2,At-Risk / Lapsing,33,F,Lisatown,Low,155,Gold
C100007,105.0,3.0,6915.87,0,Steady Redeemers,35,M,Lake Roberto,High,53,Platinum
C100008,120.0,3.0,5349.91,0,Steady Redeemers,21,F,Ericmouth,Mid,107,Gold
C100009,560.0,0.0,0.0,1,Low-Engagement / New,36,F,North Noahstad,High,101,Gold
C100010,20.0,2.0,1442.5700000000002,0,Steady Redeemers,24,M,Cassandraton,Low,48,Green
C100011,33.0,7.0,13191.47,3,"Champions (high-value, engaged)",35,M,Herrerafurt,Affluent,135,Green
C100012,36.0,5.0,5113.22,3,"Champions (high-value, engaged)",30,F,New Kellystad,High,69,Gold
C100013,560.0,0.0,0.0,1,Low-Engagement / New,28,M,Lake Chad,Mid,11,Platinum
C100014,72.0,3.0,5204.54,0,Steady Redeemers,51,F,Port Keith,Low,143,Green
C100015,210.0,3.0,1369.06,0,Steady Redeemers,23,M,Port Jesseville,Low,131,Green
C100016,463.0,1.0,1846.26,2,At-Risk / Lapsing,27,F,Ramirezstad,Mid,122,Gold
C100017,416.0,2.0,893.3299999999999,2,At-Risk / Lapsing,30,F,West Michael,Mid,69,Green
C100018,72.0,6.0,4171.77,3,"Champions (high-value, engaged)",32,F,Jacquelineland,Mid,23,Gold
C100019,55.0,5.0,9574.039999999999,3,"Champions (high-value, engaged)",28,F,New Jessica,Mid,37,Gold
C100020,29.0,4.0,6721.51,3,"Champions (high-value, engaged)",34,F,South Noah,Mid,9,Green
C100021,91.0,4.0,2256.14,3,"Champions (high-value, engaged)",41,M,Lake Mark,Low,15,Platinum
C100022,560.0,0.0,0.0,1,Low-Engagement / New,45,F,East Lydiamouth,Mid,131,Gold
C100023,5.0,6.0,7499.88,3,"Champions (high-value, engaged)",44,F,Adamsborough,Mid,93,Gold
C100024,169.0,3.0,2220.34,0,Steady Redeemers,21,F,Jasonfort,Mid,17,Green
C100025,21.0,7.0,12249.59,3,"Champions (high-value, engaged)",42,M,Wilkersonmouth,High,154,Gold
C100026,139.0,4.0,4409.639999999999,3,"Champions (high-value, engaged)",42,M,West Donald,Low,149,Platinum
C100027,51.0,9.0,8203.58,3,"Champions (high-value, engaged)",30,F,Juliechester,Mid,72,Green
C100028,0.0,5.0,4837.04,3,"Champions (high-value, engaged)",56,F,Coxberg,Mid,149,Green
C100029,170.0,4.0,2718.59,3,"Champions (high-value, engaged)",49,M,Daviston,Low,121,Green
C100030,560.0,0.0,0.0,1,Low-Engagement / New,35,M,East Courtneychester,Mid,11,Green
C100031,62.0,2.0,509.24,0,Steady Redeemers,31,F,South Patrickmouth,Low,166,Green
C100032,216.0,1.0,708.46,2,At-Risk / Lapsing,56,M,Tashatown,Low,72,Green
C100033,121.0,3.0,5563.5599999999995,0,Steady Redeemers,37,M,Lake Nicoleview,Affluent,106,Platinum
C100034,24.0,7.0,20100.51,3,"Champions (high-value, engaged)",38,F,Danielchester,Affluent,125,Gold
C100035,219.0,2.0,2646.92,0,Steady Redeemers,38,F,South Aaron,High,35,Green
C100036,51.0,6.0,4734.92,3,"Champions (high-value, engaged)",63,M,Teresaburgh,Mid,119,Platinum
C100037,177.0,2.0,600.63,0,Steady Redeemers,35,F,Port Colleenhaven,Low,14,Green
C100038,308.0,3.0,3489.2200000000003,2,At-Risk / Lapsing,37,F,East Nathaniel,High,14,Gold
C100039,560.0,0.0,0.0,1,Low-Engagement / New,28,F,New Stephanie,Mid,10,Green
C100040,432.0,1.0,216.99,2,At-Risk / Lapsing,33,M,New Mariotown,Low,140,Green
C100041,560.0,0.0,0.0,1,Low-Engagement / New,26,M,West Natashaport,Mid,38,Platinum
C100042,194.0,1.0,754.21,2,At-Risk / Lapsing,29,M,North John,Low,108,Green
C100043,42.0,3.0,18200.4,3,"Champions (high-value, engaged)",21,M,North Jessicaland,Affluent,119,Platinum
C100044,66.0,1.0,1094.77,0,Steady Redeemers,47,M,East Donna,Mid,34,Gold
C100045,16.0,7.0,11111.36,3,"Champions (high-value, engaged)",39,M,West Allison,High,169,Green
C100046,72.0,4.0,2597.8599999999997,3,"Champions (high-value, engaged)",40,M,Brandtside,Mid,10,Gold
C100047,106.0,1.0,1465.17,0,Steady Redeemers,37,M,Lake Larry,Mid,122,Gold
C100048,54.0,5.0,2980.0299999999997,3,"Champions (high-value, engaged)",38,M,Samuelhaven,Mid,145,Green
C100049,381.0,4.0,1218.33,2,At-Risk / Lapsing,55,M,Martinezbury,Low,145,Green
C100050,106.0,2.0,2264.4300000000003,0,Steady Redeemers,29,F,West Andrewside,Affluent,115,Green
C100051,33.0,4.0,14444.86,3,"Champions (high-value, engaged)",41,M,New Jeffrey,High,1,Platinum
C100052,-4.0,3.0,10521.34,3,"Champions (high-value, engaged)",41,M,Lake Crystalbury,Affluent,12,Gold
C100053,171.0,2.0,1861.15,0,Steady Redeemers,50,M,North Micheleland,High,103,Green
C100054,370.0,1.0,2158.34,2,At-Risk / Lapsing,42,F,West Elizabeth,Mid,4,Platinum
C100055,38.0,5.0,14713.95,3,"Champions (high-value, engaged)",43,M,New David,Affluent,170,Green
C100056,75.0,3.0,1366.93,0,Steady Redeemers,24,F,Sanchezfort,Low,141,Green
C100057,560.0,0.0,0.0,1,Low-Engagement / New,29,F,Leeville,Low,98,Green
C100058,168.0,1.0,379.6,0,Steady Redeemers,25,M,Gomezchester,Low,106,Gold
C100059,1.0,1.0,592.4,0,Steady Redeemers,21,M,Shieldston,Mid,85,Green
C100060,104.0,9.0,8279.34,3,"Champions (high-value, engaged)",42,F,North Richardmouth,Mid,121,Gold
C100061,199.0,4.0,5806.62,3,"Champions (high-value, engaged)",35,M,East Jamesside,Mid,132,Platinum
C100062,223.0,1.0,6028.46,2,At-Risk / Lapsing,42,M,Taylorburgh,High,82,Green
C100063,68.0,3.0,8685.5,0,Steady Redeemers,38,M,Stevenland,Mid,19,Green
C100064,134.0,1.0,1934.43,0,Steady Redeemers,40,F,Mortonside,Mid,130,Green
C100065,18.0,1.0,1116.07,0,Steady Redeemers,52,M,North Deniseside,Mid,12,Gold
C100066,43.0,3.0,1396.73,0,Steady Redeemers,38,M,North Sarabury,Low,81,Platinum
C100067,83.0,3.0,2880.92,0,Steady Redeemers,45,M,South Todd,High,74,Green
C100068,560.0,0.0,0.0,1,Low-Engagement / New,34,F,Port Richard,Low,98,Green
C100069,111.0,4.0,8267.23,3,"Champions (high-value, engaged)",47,F,East Nicholasfurt,Affluent,6,Green
C100070,103.0,5.0,9409.33,3,"Champions (high-value, engaged)",24,M,Saramouth,High,136,Green
C100071,206.0,2.0,654.05,0,Steady Redeemers,21,F,Rodneyside,Low,125,Gold
C100072,201.0,2.0,464.71000000000004,0,Steady Redeemers,61,M,Mooreport,Low,51,Green
C100073,53.0,5.0,12673.33,3,"Champions (high-value, engaged)",58,F,North Beth,High,11,Green
C100074,137.0,5.0,10123.810000000001,3,"Champions (high-value, engaged)",21,M,Lake Leeton,High,127,Gold
C100075,416.0,1.0,645.12,2,At-Risk / Lapsing,37,F,Shawhaven,High,140,Green
C100076,144.0,4.0,10616.06,3,"Champions (high-value, engaged)",39,F,North Susan,High,73,Gold
C100077,25.0,2.0,692.06,0,Steady Redeemers,45,F,Port Jacobland,Low,2,Green
C100078,-25.0,3.0,10703.050000000001,3,"Champions (high-value, engaged)",57,M,South David,Mid,8,Platinum
C100079,32.0,5.0,3575.26,3,"Champions (high-value, engaged)",26,F,New Brooke,Low,139,Green
C100080,17.0,2.0,2505.0699999999997,0,Steady Redeemers,26,F,South Dianeshire,High,124,Platinum
C100081,71.0,3.0,3379.13,0,Steady Redeemers,37,F,Sarahborough,Mid,53,Green
C100082,22.0,6.0,8188.5,3,"Champions (high-value, engaged)",27,M,Johnfurt,Mid,10,Platinum
C100083,89.0,3.0,2256.15,0,Steady Redeemers,21,F,Lake Debbie,Low,112,Green
C100084,560.0,0.0,0.0,1,Low-Engagement / New,35,M,Stewartland,Mid,8,Gold
C100085,-24.0,4.0,7360.08,3,"Champions (high-value, engaged)",47,M,South Christineshire,Mid,36,Green
C100086,6.0,8.0,11201.11,3,"Champions (high-value, engaged)",37,M,North Amandahaven,High,106,Gold
C100087,197.0,2.0,1566.85,0,Steady Redeemers,44,M,Davidstad,Mid,14,Gold
C100088,159.0,3.0,4759.99,0,Steady Redeemers,43,M,East Mikeburgh,High,86,Gold
C100089,182.0,2.0,3162.9799999999996,0,Steady Redeemers,26,M,Bassport,Mid,149,Gold
C100090,37.0,3.0,3879.9399999999996,0,Steady Redeemers,38,M,Lake Lisaport,Low,50,Green
C100091,162.0,4.0,7806.38,3,"Champions (high-value, engaged)",21,F,East Josephville,High,167,Green
C100092,13.0,2.0,8612.93,0,Steady Redeemers,32,M,West Juan,High,20,Gold
C100093,108.0,3.0,2214.92,0,Steady Redeemers,38,F,Lake Matthew,Mid,87,Green
C100094,560.0,0.0,0.0,1,Low-Engagement / New,37,F,Williamview,High,135,Green
C100095,62.0,4.0,5579.3,3,"Champions (high-value, engaged)",23,F,North Cynthiaview,Mid,137,Green
C100096,156.0,3.0,4881.58,0,Steady Redeemers,26,M,North Matthewberg,Mid,129,Green
C100097,123.0,3.0,1619.56,0,Steady Redeemers,41,M,Evanmouth,Mid,154,Gold
C100098,105.0,4.0,1462.92,3,"Champions (high-value, engaged)",47,F,Hoffmanville,Low,166,Gold
C100099,475.0,1.0,669.28,2,At-Risk / Lapsing,35,F,Lake Rebeccaside,Low,38,Platinum
C100100,16.0,4.0,2233.2799999999997,3,"Champions (high-value, engaged)",35,F,Port Mikeside,Low,44,Green
C100101,163.0,1.0,2006.92,0,Steady Redeemers,48,F,South David,Mid,86,Platinum
C100102,29.0,2.0,1320.4699999999998,0,Steady Redeemers,29,F,Michaelton,Mid,44,Gold
C100103,41.0,5.0,10869.14,3,"Champions (high-value, engaged)",56,M,Jasonbury,Mid,74,Platinum
C100104,336.0,1.0,8695.36,2,At-Risk / Lapsing,23,F,West Kimberlychester,Affluent,119,Platinum
C100105,17.0,2.0,995.0799999999999,0,Steady Redeemers,49,F,East Michelle,Mid,122,Gold
C100106,226.0,3.0,5700.790000000001,0,Steady Redeemers,43,M,South Angel,Mid,134,Green
C100107,406.0,4.0,5563.77,2,At-Risk / Lapsing,64,F,Kimberlychester,High,145,Green
C100108,82.0,5.0,4927.49,3,"Champions (high-value, engaged)",25,F,West Erik,Mid,51,Green
C100109,89.0,4.0,1459.96,3,"Champions (high-value, engaged)",21,F,South Monicafort,Low,38,Centurion
C100110,37.0,1.0,1694.77,0,Steady Redeemers,51,F,East Lisa,Mid,152,Centurion
C100111,208.0,3.0,1630.1000000000001,0,Steady Redeemers,21,M,Baileybury,Low,51,Gold
C100112,10.0,8.0,15965.91,3,"Champions (high-value, engaged)",44,F,North Donna,Affluent,10,Platinum
C100113,-12.0,2.0,2437.6800000000003,0,Steady Redeemers,51,F,Murphyland,High,120,Platinum
C100114,417.0,1.0,605.95,2,At-Risk / Lapsing,42,F,Michaelhaven,Mid,149,Gold
C100115,154.0,2.0,1557.7199999999998,0,Steady Redeemers,40,M,Frazierside,High,70,Gold
C100116,249.0,5.0,7490.57,3,"Champions (high-value, engaged)",42,M,Sheilaville,High,85,Gold
C100117,18.0,4.0,6419.19,3,"Champions (high-value, engaged)",47,F,Gregoryview,Low,57,Gold
C100118,199.0,2.0,3903.6000000000004,0,Steady Redeemers,44,M,North Candacestad,High,126,Green
C100119,203.0,2.0,1091.88,0,Steady Redeemers,24,F,Samuelhaven,Mid,39,Gold
C100120,172.0,4.0,5281.71,3,"Champions (high-value, engaged)",58,M,South Rachelborough,High,33,Gold
C100121,501.0,1.0,870.78,2,At-Risk / Lapsing,38,F,Bradleychester,High,18,Gold
C100122,163.0,5.0,7046.25,3,"Champions (high-value, engaged)",43,M,New Saraside,Mid,57,Platinum
C100123,560.0,0.0,0.0,1,Low-Engagement / New,45,F,West Ryan,Low,96,Green
C100124,560.0,0.0,0.0,1,Low-Engagement / New,50,F,Cindyville,Mid,48,Green
C100125,-3.0,2.0,1140.21,0,Steady Redeemers,49,M,Williamchester,Mid,42,Platinum
C100126,77.0,5.0,22712.65,3,"Champions (high-value, engaged)",39,F,Richardport,High,27,Gold
C100127,166.0,3.0,4629.48,0,Steady Redeemers,38,M,East Robert,High,74,Green
C100128,157.0,1.0,414.52,0,Steady Redeemers,42,F,Byrdburgh,Low,110,Gold
C100129,50.0,1.0,1019.26,0,Steady Redeemers,50,M,Richardtown,Mid,180,Gold
C100130,300.0,5.0,3071.6099999999997,3,"Champions (high-value, engaged)",25,M,Justinchester,Mid,170,Platinum
C100131,227.0,3.0,4403.450000000001,0,Steady Redeemers,45,M,Stevenmouth,Mid,32,Gold
C100132,59.0,4.0,2171.39,3,"Champions (high-value, engaged)",28,F,New Thomas,Low,26,Green
C100133,42.0,8.0,8767.91,3,"Champions (high-value, engaged)",58,M,Lake Christopher,Mid,25,Gold
C100134,278.0,3.0,4817.37,2,At-Risk / Lapsing,42,M,Clarencebury,Affluent,75,Platinum
C100135,42.0,4.0,3091.79,3,"Champions (high-value, engaged)",33,F,Jeffreyborough,Mid,23,Gold
C100136,116.0,2.0,4936.76,0,Steady Redeemers,42,M,North Brandon,Mid,57,Platinum
C100137,10.0,8.0,23812.440000000002,3,"Champions (high-value, engaged)",38,F,Carrland,High,180,Green
C100138,65.0,4.0,2135.95,3,"Champions (high-value, engaged)",36,F,Perryshire,Mid,126,Platinum
C100139,288.0,3.0,16253.369999999999,2,At-Risk / Lapsing,21,M,Lake Heather,Affluent,87,Platinum
C100140,126.0,4.0,13504.92,3,"Champions (high-value, engaged)",26,M,Rossberg,Affluent,31,Gold
C100141,-5.0,1.0,565.73,0,Steady Redeemers,36,F,Port Michelleville,Mid,64,Green
C100142,93.0,3.0,5053.639999999999,0,Steady Redeemers,21,M,Robinsonhaven,Mid,33,Platinum
C100143,-1.0,5.0,7718.49,3,"Champions (high-value, engaged)",31,M,Williamsbury,Mid,2,Gold
C100144,-17.0,4.0,3599.3,3,"Champions (high-value, engaged)",32,F,South Dennismouth,Mid,18,Platinum
C100145,358.0,2.0,2214.35,2,At-Risk / Lapsing,29,F,Stephaniemouth,Low,175,Green
C100146,-9.0,8.0,14759.710000000001,3,"Champions (high-value, engaged)",46,M,Rivasside,Mid,161,Green
C100147,560.0,0.0,0.0,1,Low-Engagement / New,28,F,Merrittfort,Mid,84,Green
C100148,99.0,3.0,1569.96,0,Steady Redeemers,38,F,Greenbury,Low,35,Gold
C100149,2.0,1.0,792.06,0,Steady Redeemers,34,F,Katiehaven,Mid,179,Gold
C100150,21.0,6.0,16799.88,3,"Champions (high-value, engaged)",36,F,Simsview,Affluent,114,Gold
C100151,90.0,1.0,369.67,0,Steady Redeemers,55,F,Jonesport,Mid,146,Gold
C100152,10.0,3.0,6019.1900000000005,0,Steady Redeemers,39,M,West Matthew,Low,110,Platinum
C100153,114.0,4.0,3932.69,3,"Champions (high-value, engaged)",42,M,East Edwardfurt,Mid,88,Green
C100154,167.0,4.0,26929.309999999998,3,"Champions (high-value, engaged)",29,M,Lake Jason,Affluent,72,Green
C100155,-5.0,5.0,3331.0099999999998,3,"Champions (high-value, engaged)",44,M,Russellside,Mid,125,Platinum
C100156,396.0,1.0,1785.55,2,At-Risk / Lapsing,44,M,Perryborough,High,30,Gold
C100157,223.0,2.0,1356.35,0,Steady Redeemers,43,M,Priceshire,High,172,Gold
C100158,171.0,2.0,991.74,0,Steady Redeemers,24,F,Port Nicoleshire,Mid,53,Gold
C100159,125.0,4.0,10489.56,3,"Champions (high-value, engaged)",31,M,Woodsstad,High,138,Gold
C100160,-15.0,4.0,3208.52,3,"Champions (high-value, engaged)",53,F,Karenchester,Mid,87,Green
C100161,52.0,2.0,1254.84,0,Steady Redeemers,30,M,South Jeffrey,Mid,180,Gold
C100162,192.0,5.0,4859.06,3,"Champions (high-value, engaged)",55,F,Tuckerfurt,Mid,177,Centurion
C100163,6.0,8.0,10532.67,3,"Champions (high-value, engaged)",31,F,Elizabethfurt,Mid,139,Gold
C100164,251.0,4.0,4314.59,3,"Champions (high-value, engaged)",39,F,Port Tanner,Low,164,Green
C100165,262.0,3.0,9857.52,0,Steady Redeemers,35,F,New Amanda,High,161,Platinum
C100166,199.0,5.0,14718.58,3,"Champions (high-value, engaged)",28,F,Vargastown,Mid,175,Green
C100167,322.0,4.0,1473.46,2,At-Risk / Lapsing,28,M,Lake Roymouth,Low,13,Green
C100168,66.0,5.0,5586.4,3,"Champions (high-value, engaged)",30,M,North Jorge,Low,40,Platinum
C100169,55.0,6.0,15820.5,3,"Champions (high-value, engaged)",39,F,Jasonmouth,Mid,89,Green
C100170,6.0,3.0,4154.73,0,Steady Redeemers,47,M,Kathleenfurt,High,68,Platinum
C100171,37.0,3.0,908.91,0,Steady Redeemers,38,M,Karenchester,Low,42,Gold
C100172,73.0,3.0,2328.02,0,Steady Redeemers,37,M,Maryfort,Mid,147,Gold
C100173,170.0,5.0,4357.6,3,"Champions (high-value, engaged)",51,M,Lake Amberstad,Mid,94,Gold
C100174,-5.0,1.0,738.3,0,Steady Redeemers,38,M,Lake Casey,Mid,19,Green
C100175,50.0,3.0,4121.610000000001,0,Steady Redeemers,32,M,Port Anthonybury,Low,23,Gold
C100176,312.0,1.0,3360.02,2,At-Risk / Lapsing,27,M,Port Andrew,High,54,Centurion
C100177,1.0,4.0,5586.16,3,"Champions (high-value, engaged)",51,M,East David,Mid,65,Platinum
C100178,91.0,4.0,5194.62,3,"Champions (high-value, engaged)",34,M,New Staciemouth,Affluent,140,Gold
C100179,212.0,3.0,1904.88,0,Steady Redeemers,31,F,Katieburgh,Low,24,Centurion
C100180,17.0,2.0,917.59,0,Steady Redeemers,30,M,Port Loriport,Mid,34,Green
C100181,56.0,4.0,2961.2400000000002,3,"Champions (high-value, engaged)",51,F,New Anthonyport,Low,53,Green
C100182,27.0,7.0,17514.04,3,"Champions (high-value, engaged)",31,M,Sandersborough,Affluent,136,Green
C100183,560.0,0.0,0.0,1,Low-Engagement / New,48,F,New Hannahbury,High,18,Gold
C100184,560.0,0.0,0.0,1,Low-Engagement / New,35,M,Lake Kendraville,Mid,57,Platinum
C100185,86.0,10.0,23320.51,3,"Champions (high-value, engaged)",24,F,West Amandastad,High,112,Gold
C100186,-3.0,1.0,810.98,0,Steady Redeemers,34,M,New Deborahtown,High,5,Platinum
C100187,99.0,2.0,896.08,0,Steady Redeemers,37,F,Shortville,Mid,154,Gold
C100188,122.0,4.0,4848.96,3,"Champions (high-value, engaged)",36,M,Yumouth,Mid,158,Green
C100189,379.0,1.0,551.27,2,At-Risk / Lapsing,36,F,South Gregory,Mid,13,Green
C100190,156.0,2.0,950.32,0,Steady Redeemers,34,M,Christinaside,Low,83,Platinum
C100191,77.0,4.0,9340.5,3,"Champions (high-value, engaged)",29,F,Marshallshire,High,29,Green
C100192,228.0,3.0,9766.63,0,Steady Redeemers,38,F,Marcusbury,Affluent,3,Gold
C100193,-18.0,2.0,2263.21,0,Steady Redeemers,43,F,West Nicolebury,Mid,90,Green
C100194,37.0,3.0,10672.529999999999,3,"Champions (high-value, engaged)",21,F,Hudsonfurt,Mid,104,Green
C100195,42.0,3.0,3445.38,0,Steady Redeemers,52,M,Anthonymouth,Mid,123,Gold
C100196,169.0,1.0,713.34,0,Steady Redeemers,21,M,South Jason,High,76,Green
C100197,205.0,5.0,6651.08,3,"Champions (high-value, engaged)",38,F,Matthewview,High,130,Platinum
C100198,134.0,4.0,5809.47,3,"Champions (high-value, engaged)",43,M,New Stacyland,High,108,Gold
C100199,92.0,3.0,6239.929999999999,0,Steady Redeemers,31,F,Lake Richard,High,156,Gold
C100200,52.0,7.0,6072.51,3,"Champions (high-value, engaged)",21,M,Lake Thomas,Mid,82,Gold
C100201,488.0,1.0,1851.57,2,At-Risk / Lapsing,36,F,Westtown,Low,77,Gold
C100202,26.0,3.0,9398.17,3,"Champions (high-value, engaged)",39,F,West Jeffreybury,Low,2,Platinum
C100203,384.0,1.0,1538.94,2,At-Risk / Lapsing,25,M,Elizabethstad,High,127,Green
C100204,103.0,5.0,7679.26,3,"Champions (high-value, engaged)",28,F,Transtad,Mid,135,Green
C100205,12.0,6.0,3666.75,3,"Champions (high-value, engaged)",48,M,Barajasside,Low,26,Green
C100206,88.0,3.0,1506.33,0,Steady Redeemers,39,M,Michaelmouth,Low,88,Platinum
C100207,344.0,3.0,4830.63,2,At-Risk / Lapsing,21,F,Kristopherbury,High,16,Centurion
C100208,38.0,2.0,768.65,0,Steady Redeemers,42,M,Lake Jamesville,Low,151,Green
C100209,332.0,2.0,631.87,2,At-Risk / Lapsing,27,F,East Javier,Low,168,Gold
C100210,-1.0,4.0,4172.89,3,"Champions (high-value, engaged)",29,M,Hillshire,Mid,73,Green
C100211,21.0,8.0,8519.130000000001,3,"Champions (high-value, engaged)",40,F,Tinaborough,High,32,Green
C100212,95.0,3.0,11388.85,3,"Champions (high-value, engaged)",39,M,Jeremyburgh,High,15,Gold
C100213,327.0,1.0,407.36,2,At-Risk / Lapsing,33,M,Alexisside,Mid,141,Green
C100214,-1.0,2.0,2576.29,0,Steady Redeemers,32,M,West Brandon,High,5,Gold
C100215,93.0,3.0,2053.17,0,Steady Redeemers,35,M,New Kellyberg,Mid,74,Gold
C100216,-17.0,1.0,1027.3,0,Steady Redeemers,29,F,Garciatown,Mid,52,Platinum
C100217,81.0,3.0,8565.48,0,Steady Redeemers,49,M,Taylormouth,High,77,Gold
C100218,80.0,4.0,2765.54,3,"Champions (high-value, engaged)",21,F,Jackton,Mid,169,Gold
C100219,47.0,4.0,6039.82,3,"Champions (high-value, engaged)",35,M,Shelleyfort,High,110,Gold
C100220,28.0,8.0,18178.92,3,"Champions (high-value, engaged)",21,M,Port Cameronfort,High,178,Green
C100221,308.0,2.0,980.5799999999999,2,At-Risk / Lapsing,48,M,New Crystalton,Mid,143,Gold
C100222,-4.0,4.0,6026.070000000001,3,"Champions (high-value, engaged)",35,M,East Lisa,Low,106,Green
C100223,192.0,2.0,1462.3600000000001,0,Steady Redeemers,26,M,Christopherbury,Mid,127,Green
C100224,148.0,4.0,2111.19,3,"Champions (high-value, engaged)",45,M,New Kathybury,Mid,7,Gold
C100225,126.0,2.0,1454.53,0,Steady Redeemers,21,F,Hayesmouth,Mid,40,Platinum
C100226,157.0,1.0,808.05,0,Steady Redeemers,41,M,Michellechester,Affluent,156,Green
C100227,120.0,3.0,2675.15,0,Steady Redeemers,50,M,Ashleyton,Mid,160,Green
C100228,128.0,5.0,4127.74,3,"Champions (high-value, engaged)",39,M,Port Jaredborough,High,99,Green
C100229,16.0,4.0,2977.2799999999997,3,"Champions (high-value, engaged)",32,F,Donnaburgh,Mid,143,Green
C100230,215.0,4.0,7289.47,3,"Champions (high-value, engaged)",24,M,East Andrea,High,85,Gold
C100231,176.0,1.0,475.73,0,Steady Redeemers,49,F,North Ricky,Mid,65,Green
C100232,36.0,7.0,8069.33,3,"Champions (high-value, engaged)",48,M,Carterbury,Mid,132,Platinum
C100233,68.0,4.0,6839.64,3,"Champions (high-value, engaged)",30,M,Jasminemouth,Mid,11,Platinum
C100234,182.0,1.0,639.66,0,Steady Redeemers,31,M,Lake Jesusview,Low,108,Gold
C100235,56.0,4.0,4380.04,3,"Champions (high-value, engaged)",51,M,South Danny,High,26,Gold
C100236,15.0,2.0,4468.86,0,Steady Redeemers,43,F,Lake Edward,Mid,165,Green
C100237,43.0,3.0,933.98,0,Steady Redeemers,21,M,Margaretland,Low,151,Green
C100238,182.0,3.0,12199.199999999999,0,Steady Redeemers,35,M,East Laurashire,Mid,85,Gold
C100239,65.0,9.0,5390.73,3,"Champions (high-value, engaged)",35,M,Scottmouth,Low,168,Green
C100240,104.0,2.0,5501.11,0,Steady Redeemers,40,M,Hollyview,Affluent,151,Gold
C100241,190.0,2.0,3782.13,0,Steady Redeemers,38,F,Kimton,Affluent,123,Green
C100242,125.0,6.0,14979.9,3,"Champions (high-value, engaged)",32,F,Navarroview,Affluent,144,Green
C100243,173.0,2.0,901.49,0,Steady Redeemers,39,M,North Jeremyshire,Mid,68,Green
C100244,-2.0,4.0,2183.8199999999997,3,"Champions (high-value, engaged)",33,M,Port Emilyview,Low,104,Green
C100245,246.0,2.0,4188.58,2,At-Risk / Lapsing,75,F,Port Katelynfort,Affluent,80,Platinum
C100246,110.0,6.0,4172.37,3,"Champions (high-value, engaged)",39,F,Moonburgh,Mid,159,Green
C100247,100.0,7.0,23011.71,3,"Champions (high-value, engaged)",37,F,Waltersfort,Affluent,53,Platinum
C100248,145.0,2.0,6272.49,0,Steady Redeemers,58,M,South Michaelmouth,Affluent,106,Gold
C100249,42.0,6.0,13837.95,3,"Champions (high-value, engaged)",22,M,Elizabethburgh,High,153,Platinum
C100250,12.0,5.0,5173.16,3,"Champions (high-value, engaged)",36,F,Robertfort,Mid,44,Gold
C100251,74.0,3.0,7451.06,0,Steady Redeemers,27,F,Elainefurt,Mid,140,Platinum
C100252,15.0,3.0,4748.75,0,Steady Redeemers,44,F,South Christopherview,High,90,Green
C100253,94.0,1.0,508.26,0,Steady Redeemers,32,M,Darrellfurt,Mid,101,Gold
C100254,60.0,7.0,6307.93,3,"Champions (high-value, engaged)",44,F,Lake Mollymouth,Low,97,Green
C100255,560.0,0.0,0.0,1,Low-Engagement / New,43,M,Brownhaven,Mid,9,Gold
C100256,71.0,3.0,5344.389999999999,0,Steady Redeemers,46,M,Cindyfort,Affluent,12,Gold
C100257,8.0,9.0,16362.84,3,"Champions (high-value, engaged)",43,F,Wolfborough,High,69,Gold
C100258,250.0,5.0,7059.96,3,"Champions (high-value, engaged)",35,F,Andreaport,Mid,28,Green
C100259,7.0,6.0,4184.98,3,"Champions (high-value, engaged)",22,F,Gilmorefort,Low,56,Green
C100260,91.0,5.0,5955.11,3,"Champions (high-value, engaged)",49,F,North Teresabury,Mid,99,Gold
C100261,20.0,6.0,18030.71,3,"Champions (high-value, engaged)",53,F,West Andrea,Affluent,110,Gold
C100262,-12.0,2.0,851.88,0,Steady Redeemers,27,F,Davisville,Low,77,Green
C100263,65.0,4.0,6080.53,3,"Champions (high-value, engaged)",46,F,Valentineberg,Mid,103,Platinum
C100264,560.0,0.0,0.0,1,Low-Engagement / New,25,M,Cantuport,High,106,Centurion
C100265,18.0,6.0,12200.92,3,"Champions (high-value, engaged)",40,F,Robertfort,High,109,Platinum
C100266,26.0,3.0,3722.44,0,Steady Redeemers,42,M,Sanchezside,High,112,Platinum
C100267,203.0,4.0,6895.9,3,"Champions (high-value, engaged)",33,F,South James,High,58,Green
C100268,134.0,4.0,1841.96,3,"Champions (high-value, engaged)",39,M,Port Chad,Mid,78,Centurion
C100269,152.0,4.0,7896.26,3,"Champions (high-value, engaged)",47,M,Morganhaven,Mid,75,Gold
C100270,231.0,3.0,4453.7300000000005,0,Steady Redeemers,36,M,Loriport,High,42,Green
C100271,51.0,7.0,15367.42,3,"Champions (high-value, engaged)",30,F,Maryshire,High,166,Platinum
C100272,11.0,4.0,9055.76,3,"Champions (high-value, engaged)",24,M,Grimesmouth,High,68,Green
C100273,24.0,3.0,3025.12,0,Steady Redeemers,33,M,Reedside,Affluent,33,Gold
C100274,489.0,1.0,1974.57,2,At-Risk / Lapsing,25,F,Gibsonmouth,Mid,71,Green
C100275,4.0,4.0,5540.0,3,"Champions (high-value, engaged)",33,M,Lake John,Mid,56,Gold
C100276,61.0,3.0,4316.24,0,Steady Redeemers,32,M,Hallchester,High,105,Gold
C100277,264.0,3.0,1585.4,2,At-Risk / Lapsing,46,M,West Juliefurt,Mid,101,Gold
C100278,101.0,1.0,919.33,0,Steady Redeemers,38,F,Mcneilberg,High,51,Green
C100279,145.0,6.0,10091.68,3,"Champions (high-value, engaged)",66,F,Hannaberg,High,74,Gold
C100280,57.0,4.0,3340.39,3,"Champions (high-value, engaged)",21,F,Mollymouth,High,171,Gold
C100281,62.0,5.0,7769.7,3,"Champions (high-value, engaged)",41,M,New Reneetown,Mid,121,Green
C100282,26.0,2.0,1138.46,0,Steady Redeemers,33,M,South Monica,Mid,143,Platinum
C100283,110.0,6.0,5842.87,3,"Champions (high-value, engaged)",27,M,North Terrance,Low,166,Gold
C100284,16.0,6.0,5196.719999999999,3,"Champions (high-value, engaged)",37,F,Matthewfurt,Mid,143,Platinum
C100285,56.0,5.0,5525.61,3,"Champions (high-value, engaged)",36,M,Port Markside,Low,5,Green
C100286,121.0,1.0,1083.27,0,Steady Redeemers,49,M,Finleyfort,Mid,83,Green
C100287,52.0,2.0,3392.5,0,Steady Redeemers,39,F,New Caseyport,Mid,51,Green
C100288,30.0,9.0,12037.9,3,"Champions (high-value, engaged)",30,M,Lake Christopher,Mid,10,Gold
C100289,69.0,4.0,3452.95,3,"Champions (high-value, engaged)",41,M,Port Cynthiaville,Mid,140,Green
C100290,350.0,2.0,735.91,2,At-Risk / Lapsing,35,F,Jacksonport,Low,4,Gold
C100291,240.0,1.0,460.05,2,At-Risk / Lapsing,25,F,North Markton,Low,95,Green
C100292,495.0,2.0,4685.23,2,At-Risk / Lapsing,35,F,Michaelchester,High,146,Green
C100293,532.0,1.0,512.9,2,At-Risk / Lapsing,40,F,East Amanda,Mid,80,Gold
C100294,-11.0,1.0,706.22,0,Steady Redeemers,38,F,East Gregory,Low,36,Centurion
C100295,256.0,4.0,4243.85,3,"Champions (high-value, engaged)",41,F,Harveybury,Mid,25,Green
C100296,456.0,3.0,4712.92,2,At-Risk / Lapsing,32,F,Durhamberg,High,98,Gold
C100297,560.0,0.0,0.0,1,Low-Engagement / New,41,M,South Dana,Mid,164,Gold
C100298,3.0,2.0,3047.3,0,Steady Redeemers,39,F,Scotttown,Mid,101,Gold
C100299,294.0,1.0,944.46,2,At-Risk / Lapsing,39,F,Santanaside,Low,9,Platinum
C100300,267.0,2.0,2767.1099999999997,2,At-Risk / Lapsing,38,F,North Scott,Low,61,Centurion
C100301,560.0,0.0,0.0,1,Low-Engagement / New,61,M,Vanessaport,Mid,53,Green
C100302,243.0,2.0,2721.1099999999997,2,At-Risk / Lapsing,50,M,Vaughnmouth,Mid,146,Gold
C100303,148.0,4.0,4194.01,3,"Champions (high-value, engaged)",41,M,Jamesfurt,Mid,171,Gold
C100304,270.0,2.0,1734.42,2,At-Risk / Lapsing,29,F,Rodriguezfurt,High,163,Gold
C100305,83.0,1.0,10554.39,0,Steady Redeemers,34,M,Baileyport,Affluent,63,Green
C100306,425.0,1.0,1744.19,2,At-Risk / Lapsing,55,M,Port Dominiqueview,Mid,121,Platinum
C100307,216.0,4.0,2533.37,3,"Champions (high-value, engaged)",31,F,New Michelleton,Mid,105,Platinum
C100308,-3.0,4.0,5836.93,3,"Champions (high-value, engaged)",36,F,Wallport,High,4,Green
C100309,131.0,4.0,6483.01,3,"Champions (high-value, engaged)",35,F,New Laurie,Mid,93,Green
C100310,58.0,5.0,3086.75,3,"Champions (high-value, engaged)",42,F,Lake James,Mid,169,Platinum
C100311,111.0,3.0,1695.4499999999998,0,Steady Redeemers,33,F,Ericaberg,Low,173,Green
C100312,203.0,3.0,1488.57,0,Steady Redeemers,39,F,Lake Debbieport,Low,178,Gold
C100313,122.0,5.0,9951.77,3,"Champions (high-value, engaged)",33,M,Johnsonstad,Affluent,28,Green
C100314,161.0,2.0,1664.5,0,Steady Redeemers,52,M,North Renee,High,170,Green
C100315,162.0,2.0,1510.4299999999998,0,Steady Redeemers,30,F,Julieburgh,High,80,Green
C100316,-22.0,3.0,4355.07,0,Steady Redeemers,48,M,East Kristin,Mid,76,Green
C100317,68.0,3.0,1005.22,0,Steady Redeemers,31,F,Alyssaview,Low,116,Green
C100318,82.0,4.0,3838.1400000000003,3,"Champions (high-value, engaged)",28,M,West Robin,Low,69,Gold
C100319,6.0,4.0,5893.639999999999,3,"Champions (high-value, engaged)",30,M,Coffeyport,Mid,98,Gold
C100320,72.0,1.0,516.59,0,Steady Redeemers,21,M,Lindamouth,Mid,1,Green
C100321,368.0,2.0,2436.1000000000004,2,At-Risk / Lapsing,42,F,East Karenbury,High,167,Gold
C100322,140.0,4.0,3402.3700000000003,3,"Champions (high-value, engaged)",25,M,Coffeyside,High,96,Gold
C100323,86.0,3.0,1813.6499999999999,0,Steady Redeemers,34,M,Christopherfurt,Mid,17,Gold
C100324,7.0,4.0,14093.710000000001,3,"Champions (high-value, engaged)",46,F,West Amandamouth,Affluent,112,Gold
C100325,235.0,2.0,6532.94,0,Steady Redeemers,46,F,Emilyview,High,91,Gold
C100326,224.0,1.0,650.43,2,At-Risk / Lapsing,22,M,Carsonstad,Mid,88,Centurion
C100327,347.0,1.0,2585.15,2,At-Risk / Lapsing,41,F,Lake Jesustown,Mid,163,Gold
C100328,560.0,0.0,0.0,1,Low-Engagement / New,50,F,Rosebury,Mid,174,Green
C100329,39.0,5.0,6565.74,3,"Champions (high-value, engaged)",30,M,Lake Madisonport,Mid,170,Gold
C100330,91.0,3.0,4088.24,0,Steady Redeemers,43,F,Wilsonton,Mid,167,Green
C100331,146.0,4.0,5235.49,3,"Champions (high-value, engaged)",25,M,West Wendyville,High,90,Green
C100332,185.0,2.0,2448.09,0,Steady Redeemers,42,M,East Paigeberg,Low,49,Gold
C100333,1.0,1.0,734.55,0,Steady Redeemers,39,F,Chavezside,Low,38,Platinum
C100334,99.0,3.0,984.19,0,Steady Redeemers,45,F,Matthewsberg,Low,151,Green
C100335,37.0,8.0,7659.63,3,"Champions (high-value, engaged)",44,M,Penafort,Low,150,Platinum
C100336,-17.0,5.0,22544.58,3,"Champions (high-value, engaged)",23,F,Crosbyview,High,132,Green
C100337,28.0,6.0,14479.21,3,"Champions (high-value, engaged)",39,F,Lake Mitchellmouth,High,177,Green
C100338,264.0,3.0,4448.24,2,At-Risk / Lapsing,53,F,Sampsonstad,Mid,59,Centurion
C100339,27.0,3.0,3975.52,0,Steady Redeemers,21,F,Lake Michaelstad,Low,68,Gold
C100340,290.0,2.0,4133.95,2,At-Risk / Lapsing,48,F,South Joshuaville,Mid,130,Platinum
C100341,21.0,4.0,1946.21,3,"Champions (high-value, engaged)",55,M,Davisborough,Mid,49,Platinum
C100342,407.0,2.0,1920.5300000000002,2,At-Risk / Lapsing,21,M,North Kristinbury,Low,126,Platinum
C100343,348.0,2.0,4339.66,2,At-Risk / Lapsing,30,F,Port Anne,Mid,159,Green
C100344,16.0,7.0,5118.45,3,"Champions (high-value, engaged)",43,F,Port Kathyborough,Mid,111,Green
C100345,47.0,8.0,11898.42,3,"Champions (high-value, engaged)",28,M,Port Molly,Mid,168,Platinum
C100346,183.0,4.0,2560.5299999999997,3,"Champions (high-value, engaged)",53,M,Kimtown,Mid,48,Gold
C100347,285.0,1.0,855.4,2,At-Risk / Lapsing,49,F,Micheleberg,Low,51,Gold
C100348,37.0,1.0,369.54,0,Steady Redeemers,22,M,New John,Mid,43,Green
C100349,137.0,5.0,2971.23,3,"Champions (high-value, engaged)",29,M,North Donna,Mid,98,Green
C100350,187.0,3.0,3791.83,0,Steady Redeemers,46,M,East Alexisbury,Mid,177,Gold
C100351,209.0,7.0,12479.76,3,"Champions (high-value, engaged)",46,M,Alfredview,High,124,Green
C100352,74.0,4.0,20090.06,3,"Champions (high-value, engaged)",62,M,East Judyhaven,High,80,Green
C100353,35.0,3.0,1136.08,0,Steady Redeemers,28,M,Lake Brycemouth,Low,111,Green
C100354,53.0,4.0,3039.46,3,"Champions (high-value, engaged)",54,F,Williamville,Low,143,Green
C100355,320.0,5.0,8874.21,3,"Champions (high-value, engaged)",27,M,Gordonton,Mid,27,Platinum
C100356,105.0,9.0,8738.539999999999,3,"Champions (high-value, engaged)",43,F,Stephentown,Low,158,Gold
C100357,59.0,5.0,4138.93,3,"Champions (high-value, engaged)",47,F,South Melaniechester,Mid,164,Green
C100358,84.0,4.0,10194.34,3,"Champions (high-value, engaged)",21,M,South Jennifermouth,Affluent,113,Green
C100359,274.0,3.0,2744.99,2,At-Risk / Lapsing,48,M,North Marcberg,Mid,86,Gold
C100360,30.0,6.0,12578.55,3,"Champions (high-value, engaged)",53,F,East Joshuashire,Mid,114,Green
C100361,239.0,9.0,6583.41,3,"Champions (high-value, engaged)",50,M,Oscarhaven,Mid,124,Platinum
C100362,348.0,1.0,1750.69,2,At-Risk / Lapsing,60,M,Shawnchester,Mid,49,Platinum
C100363,79.0,2.0,4908.24,0,Steady Redeemers,48,M,Port Jacquelineside,Mid,76,Platinum
C100364,0.0,9.0,34788.93,3,"Champions (high-value, engaged)",32,M,South Shannon,Affluent,55,Gold
C100365,16.0,6.0,4539.18,3,"Champions (high-value, engaged)",51,F,South Matthew,Mid,56,Green
C100366,268.0,2.0,5096.41,2,At-Risk / Lapsing,31,F,Rossville,Affluent,95,Gold
C100367,141.0,2.0,14458.51,0,Steady Redeemers,38,M,Ronaldview,Affluent,44,Green
C100368,4.0,7.0,6002.86,3,"Champions (high-value, engaged)",47,F,Stephaniefort,Low,159,Green
C100369,172.0,3.0,3819.74,0,Steady Redeemers,42,M,North Marieland,Low,87,Green
C100370,96.0,4.0,1857.06,3,"Champions (high-value, engaged)",52,F,Davisstad,Low,84,Gold
C100371,136.0,2.0,2593.84,0,Steady Redeemers,65,F,New Brian,Low,151,Green
C100372,448.0,1.0,988.04,2,At-Risk / Lapsing,25,F,Elizabethchester,Low,156,Green
C100373,45.0,4.0,6043.75,3,"Champions (high-value, engaged)",34,M,Morganchester,High,16,Gold
C100374,73.0,1.0,437.94,0,Steady Redeemers,41,F,West Carolinestad,Low,165,Centurion
C100375,20.0,4.0,4449.88,3,"Champions (high-value, engaged)",32,M,New Williamberg,Mid,149,Green
C100376,222.0,4.0,4314.530000000001,3,"Champions (high-value, engaged)",37,M,Walkerville,High,145,Gold
C100377,560.0,0.0,0.0,1,Low-Engagement / New,46,M,Meganstad,Low,37,Green
C100378,448.0,1.0,1515.8,2,At-Risk / Lapsing,45,F,Port Joshuabury,High,77,Platinum
C100379,23.0,4.0,4162.37,3,"Champions (high-value, engaged)",40,M,Bruceside,Mid,147,Green
C100380,102.0,6.0,9996.67,3,"Champions (high-value, engaged)",39,M,New Sarahview,Low,158,Platinum
C100381,2.0,4.0,3638.41,3,"Champions (high-value, engaged)",35,M,East Joshuaport,High,45,Green
C100382,189.0,1.0,880.98,0,Steady Redeemers,53,M,Michaelburgh,Mid,146,Platinum
C100383,170.0,3.0,8992.07,0,Steady Redeemers,56,M,New Diane,High,62,Green
C100384,3.0,4.0,10203.66,3,"Champions (high-value, engaged)",49,F,East Joycetown,High,164,Green
C100385,216.0,3.0,2286.82,0,Steady Redeemers,25,M,Lake Alyssafurt,High,100,Green
C100386,92.0,5.0,9341.98,3,"Champions (high-value, engaged)",35,M,Chavezburgh,Mid,52,Green
C100387,488.0,1.0,411.4,2,At-Risk / Lapsing,40,F,Larrymouth,Low,19,Platinum
C100388,3.0,5.0,9294.8,3,"Champions (high-value, engaged)",27,F,North Ericton,High,109,Gold
C100389,33.0,7.0,6763.28,3,"Champions (high-value, engaged)",38,F,West Scottchester,High,44,Gold
C100390,86.0,2.0,5810.5,0,Steady Redeemers,38,F,Lawsonchester,Affluent,7,Centurion
C100391,293.0,1.0,1639.17,2,At-Risk / Lapsing,49,M,Jasonhaven,Mid,172,Gold
C100392,518.0,2.0,1072.06,2,At-Risk / Lapsing,32,F,West Russellport,Mid,117,Centurion
C100393,55.0,6.0,7239.219999999999,3,"Champions (high-value, engaged)",50,M,Roseport,High,68,Green
C100394,168.0,3.0,4390.79,0,Steady Redeemers,27,F,East Randallton,Mid,34,Platinum
C100395,27.0,3.0,8237.76,3,"Champions (high-value, engaged)",29,F,East Kevinborough,Affluent,69,Green
C100396,171.0,3.0,6413.13,0,Steady Redeemers,33,F,Port Jonathan,High,55,Gold
C100397,16.0,6.0,4906.14,3,"Champions (high-value, engaged)",38,F,Davidfort,Mid,10,Gold
C100398,240.0,1.0,616.8,2,At-Risk / Lapsing,21,M,Thompsonfurt,High,42,Gold
C100399,-10.0,4.0,3184.11,3,"Champions (high-value, engaged)",43,M,New Angelica,High,41,Gold
C100400,325.0,1.0,411.2,2,At-Risk / Lapsing,56,F,Charleston,Low,122,Green
C100401,-12.0,5.0,13980.939999999999,3,"Champions (high-value, engaged)",45,F,Smithland,Affluent,138,Centurion
C100402,137.0,3.0,1659.1999999999998,0,Steady Redeemers,35,M,Barbarashire,Mid,10,Centurion
C100403,560.0,0.0,0.0,1,Low-Engagement / New,26,F,Mckinneychester,High,102,Centurion
C100404,122.0,3.0,2979.79,0,Steady Redeemers,21,M,Dariustown,Mid,128,Centurion
C100405,-1.0,5.0,4230.04,3,"Champions (high-value, engaged)",21,F,Georgemouth,High,179,Platinum
C100406,51.0,9.0,19226.41,3,"Champions (high-value, engaged)",36,F,Christopherville,Mid,149,Centurion
C100407,96.0,5.0,4259.0,3,"Champions (high-value, engaged)",61,M,South Brianna,Low,136,Platinum
C100408,311.0,3.0,4286.63,2,At-Risk / Lapsing,21,M,South Monicamouth,Affluent,92,Gold
C100409,110.0,2.0,697.0999999999999,0,Steady Redeemers,45,M,West Kimberly,Low,113,Platinum
C100410,198.0,1.0,383.64,2,At-Risk / Lapsing,30,F,New Cynthiahaven,Mid,78,Platinum
C100411,474.0,1.0,3351.99,2,At-Risk / Lapsing,34,F,Port Michael,Affluent,85,Gold
C100412,12.0,10.0,32142.670000000002,3,"Champions (high-value, engaged)",27,F,East Curtis,Affluent,30,Gold
C100413,293.0,3.0,1985.03,2,At-Risk / Lapsing,22,F,Jamesberg,Mid,49,Green
C100414,27.0,3.0,8206.21,3,"Champions (high-value, engaged)",39,M,East Stephaniefort,Mid,9,Platinum
C100415,63.0,3.0,2122.25,0,Steady Redeemers,40,M,Webstershire,Mid,145,Centurion
C100416,449.0,2.0,3818.1800000000003,2,At-Risk / Lapsing,45,F,Maldonadoshire,Mid,69,Green
C100417,-8.0,3.0,4630.639999999999,0,Steady Redeemers,21,F,Michellemouth,Mid,58,Green
C100418,103.0,4.0,5765.54,3,"Champions (high-value, engaged)",47,M,South Carlos,High,62,Green
C100419,58.0,2.0,2888.12,0,Steady Redeemers,47,M,Welchview,High,52,Gold
C100420,294.0,3.0,11735.96,2,At-Risk / Lapsing,42,M,West Williamport,High,40,Green
C100421,1.0,6.0,12400.619999999999,3,"Champions (high-value, engaged)",33,F,Hayeston,High,166,Gold
C100422,116.0,1.0,344.85,0,Steady Redeemers,41,M,Marieland,Low,171,Centurion
C100423,229.0,2.0,1334.62,2,At-Risk / Lapsing,36,F,New Brookefurt,Mid,63,Gold
C100424,414.0,1.0,2602.17,2,At-Risk / Lapsing,48,M,Carpenterton,Low,147,Green
C100425,137.0,2.0,4059.18,0,Steady Redeemers,33,M,Stoutshire,Mid,50,Platinum
C100426,21.0,4.0,5961.08,3,"Champions (high-value, engaged)",39,M,West Cassidy,Mid,161,Gold
C100427,14.0,4.0,9255.869999999999,3,"Champions (high-value, engaged)",21,F,North Shannon,High,141,Green
C100428,41.0,6.0,4016.82,3,"Champions (high-value, engaged)",41,M,Toniland,Mid,78,Gold
C100429,102.0,3.0,2176.31,0,Steady Redeemers,29,M,North John,Low,97,Gold
C100430,58.0,3.0,2087.76,0,Steady Redeemers,43,M,Ritterhaven,Low,43,Platinum
C100431,198.0,3.0,9558.710000000001,0,Steady Redeemers,46,F,West Nathan,High,177,Platinum
C100432,406.0,2.0,2724.16,2,At-Risk / Lapsing,31,M,Paulmouth,Mid,36,Green
C100433,34.0,7.0,4507.57,3,"Champions (high-value, engaged)",38,F,Port Crystalmouth,Low,122,Green
C100434,84.0,2.0,682.3199999999999,0,Steady Redeemers,39,M,West Codyfurt,Low,108,Green
C100435,11.0,5.0,5145.01,3,"Champions (high-value, engaged)",42,F,Johnathanberg,High,10,Gold
C100436,560.0,0.0,0.0,1,Low-Engagement / New,46,F,Christopherberg,Low,95,Platinum
C100437,216.0,3.0,2720.81,0,Steady Redeemers,45,M,Kylefurt,High,6,Gold
C100438,160.0,1.0,1011.54,0,Steady Redeemers,33,F,New Jeanne,High,57,Green
C100439,253.0,2.0,848.64,2,At-Risk / Lapsing,55,M,West Angelicamouth,Low,129,Centurion
C100440,64.0,7.0,3051.85,3,"Champions (high-value, engaged)",46,F,Lake Jacqueline,Low,71,Platinum
C100441,242.0,4.0,6075.95,3,"Champions (high-value, engaged)",53,M,Lake Ellenhaven,Affluent,21,Green
C100442,174.0,2.0,2167.62,0,Steady Redeemers,41,M,Andrewport,Mid,92,Platinum
C100443,94.0,3.0,2525.59,0,Steady Redeemers,42,M,East Matthew,Mid,127,Gold
C100444,331.0,2.0,2658.54,2,At-Risk / Lapsing,36,M,Leeberg,High,80,Green
C100445,69.0,3.0,7082.240000000001,0,Steady Redeemers,33,M,North Kenneth,Affluent,56,Green
C100446,124.0,4.0,9963.84,3,"Champions (high-value, engaged)",48,F,New Kellihaven,Affluent,116,Green
C100447,-13.0,6.0,12448.05,3,"Champions (high-value, engaged)",40,M,Lake Matthewberg,High,148,Green
C100448,560.0,0.0,0.0,1,Low-Engagement / New,36,F,Mooreburgh,Mid,25,Gold
C100449,11.0,7.0,4586.3,3,"Champions (high-value, engaged)",26,F,Lake Samuel,Low,156,Green
C100450,31.0,3.0,13005.31,3,"Champions (high-value, engaged)",55,F,Diazbury,High,5,Green
C100451,347.0,2.0,1133.28,2,At-Risk / Lapsing,39,F,Bishopmouth,Mid,120,Gold
C100452,80.0,2.0,1296.2,0,Steady Redeemers,24,M,New John,Mid,21,Green
C100453,231.0,2.0,2782.84,0,Steady Redeemers,38,M,Mckeeborough,Affluent,18,Gold
C100454,509.0,1.0,399.53,2,At-Risk / Lapsing,35,M,Erikashire,Low,175,Gold
C100455,25.0,5.0,6930.21,3,"Champions (high-value, engaged)",35,F,Murrayport,Mid,57,Gold
C100456,295.0,3.0,1877.0900000000001,2,At-Risk / Lapsing,44,F,Shawchester,Low,93,Centurion
C100457,262.0,3.0,2945.7200000000003,2,At-Risk / Lapsing,35,F,Port James,Mid,19,Green
C100458,364.0,2.0,1784.88,2,At-Risk / Lapsing,34,F,Port John,Low,128,Gold
C100459,139.0,5.0,6534.54,3,"Champions (high-value, engaged)",52,F,Sawyerside,Low,97,Green
C100460,560.0,0.0,0.0,1,Low-Engagement / New,21,F,Lake Meghanville,Low,131,Platinum
C100461,83.0,4.0,1999.56,3,"Champions (high-value, engaged)",37,F,Christopherburgh,Mid,170,Platinum
C100462,192.0,2.0,4355.48,0,Steady Redeemers,48,F,Shannonhaven,High,21,Green
C100463,252.0,1.0,1038.63,2,At-Risk / Lapsing,44,F,Port Samuel,Mid,40,Gold
C100464,87.0,2.0,4274.54,0,Steady Redeemers,49,F,Port Shannon,Affluent,67,Green
C100465,205.0,1.0,711.72,2,At-Risk / Lapsing,60,F,Sarahchester,Mid,153,Centurion
C100466,24.0,1.0,422.41,0,Steady Redeemers,56,F,South Waynebury,Mid,127,Green
C100467,30.0,4.0,7700.83,3,"Champions (high-value, engaged)",25,M,Vangstad,High,55,Platinum
C100468,461.0,1.0,350.91,2,At-Risk / Lapsing,21,F,North Lucas,Mid,180,Green
C100469,51.0,7.0,21590.239999999998,3,"Champions (high-value, engaged)",41,F,Port Jennifermouth,Affluent,172,Gold
C100470,392.0,1.0,673.47,2,At-Risk / Lapsing,23,M,East Benjamin,Low,109,Centurion
C100471,85.0,6.0,16445.73,3,"Champions (high-value, engaged)",21,M,Hortonberg,Affluent,98,Platinum
C100472,8.0,5.0,2833.13,3,"Champions (high-value, engaged)",41,F,Westtown,Low,112,Green
C100473,105.0,3.0,10337.84,0,Steady Redeemers,44,F,North Jonathanberg,High,115,Gold
C100474,306.0,5.0,5756.75,3,"Champions (high-value, engaged)",56,M,Rodriguezport,Mid,117,Green
C100475,161.0,3.0,6440.24,0,Steady Redeemers,46,M,West David,Affluent,87,Gold
C100476,560.0,0.0,0.0,1,Low-Engagement / New,59,F,South Danielle,Low,81,Green
C100477,134.0,4.0,11098.37,3,"Champions (high-value, engaged)",41,M,Brownfort,Mid,66,Green
C100478,560.0,0.0,0.0,1,Low-Engagement / New,25,M,Lake Zacharybury,Affluent,19,Gold
C100479,167.0,4.0,6205.349999999999,3,"Champions (high-value, engaged)",47,F,West Ruben,Mid,135,Green
C100480,276.0,2.0,4389.69,2,At-Risk / Lapsing,52,F,Johnchester,Mid,118,Gold
C100481,58.0,5.0,20761.940000000002,3,"Champions (high-value, engaged)",42,F,Lake Elizabeth,High,42,Green
C100482,13.0,2.0,10593.46,0,Steady Redeemers,53,M,Carloshaven,Mid,42,Green
C100483,180.0,3.0,11021.73,0,Steady Redeemers,36,M,South Morganton,Mid,59,Gold
C100484,47.0,2.0,2564.74,0,Steady Redeemers,44,M,Zavalaview,Mid,20,Green
C100485,-10.0,6.0,43041.69,3,"Champions (high-value, engaged)",36,M,West Kristinastad,Affluent,73,Green
C100486,405.0,1.0,942.05,2,At-Risk / Lapsing,64,M,Lake Diane,Low,17,Gold
C100487,106.0,2.0,3749.67,0,Steady Redeemers,47,F,Port Bonniemouth,Mid,27,Gold
C100488,53.0,5.0,22044.4,3,"Champions (high-value, engaged)",25,M,North Michael,Affluent,175,Gold
C100489,138.0,4.0,4206.16,3,"Champions (high-value, engaged)",58,F,Lisaburgh,High,2,Green
C100490,80.0,2.0,1135.3600000000001,0,Steady Redeemers,29,M,Pollardfort,Mid,63,Green
C100491,261.0,3.0,3133.92,2,At-Risk / Lapsing,38,F,Port Dennis,Mid,62,Platinum
C100492,6.0,1.0,1287.78,0,Steady Redeemers,43,F,Johnsonborough,Mid,100,Centurion
C100493,281.0,2.0,1093.6799999999998,2,At-Risk / Lapsing,44,M,Port Jameston,Low,19,Green
C100494,560.0,0.0,0.0,1,Low-Engagement / New,43,M,Sarahhaven,Mid,17,Gold
C100495,-3.0,5.0,12976.830000000002,3,"Champions (high-value, engaged)",25,F,Haysside,Mid,69,Green
C100496,42.0,6.0,4882.31,3,"Champions (high-value, engaged)",43,F,Kingborough,Mid,167,Green
C100497,152.0,2.0,571.6500000000001,0,Steady Redeemers,50,F,Michaelton,Low,117,Green
C100498,421.0,2.0,2469.56,2,At-Risk / Lapsing,49,M,Joshuastad,Affluent,81,Gold
C100499,47.0,6.0,19630.760000000002,3,"Champions (high-value, engaged)",23,F,Prestonmouth,Affluent,39,Green
C100500,560.0,0.0,0.0,1,Low-Engagement / New,30,F,Morganburgh,High,36,Platinum
C100501,38.0,3.0,5832.58,0,Steady Redeemers,26,M,Holtstad,Mid,168,Gold
C100502,129.0,4.0,3467.06,3,"Champions (high-value, engaged)",41,F,Lauriechester,Mid,173,Green
C100503,1.0,1.0,642.34,0,Steady Redeemers,21,F,South Carrieburgh,High,132,Platinum
C100504,32.0,11.0,24442.59,3,"Champions (high-value, engaged)",25,F,Manuelland,High,153,Green
C100505,83.0,3.0,1710.69,0,Steady Redeemers,30,F,Donnaport,Low,158,Gold
C100506,136.0,6.0,33861.61,3,"Champions (high-value, engaged)",21,F,Morrisonchester,Affluent,29,Green
C100507,131.0,3.0,9756.39,0,Steady Redeemers,37,M,Lake Scott,High,51,Green
C100508,453.0,1.0,5700.16,2,At-Risk / Lapsing,21,M,Williamsstad,Affluent,152,Green
C100509,76.0,3.0,6904.61,0,Steady Redeemers,43,F,Hillton,High,14,Green
C100510,13.0,6.0,7568.02,3,"Champions (high-value, engaged)",33,F,Lake Danastad,Mid,69,Green
C100511,227.0,3.0,2054.91,0,Steady Redeemers,31,F,North Douglas,Mid,146,Green
C100512,94.0,7.0,25038.890000000003,3,"Champions (high-value, engaged)",32,M,Johnsonland,Affluent,170,Centurion
C100513,21.0,8.0,14819.69,3,"Champions (high-value, engaged)",37,M,Port Deanna,High,57,Green
C100514,15.0,5.0,3588.29,3,"Champions (high-value, engaged)",44,F,Patrickshire,Low,12,Green
C100515,210.0,1.0,1372.11,2,At-Risk / Lapsing,52,F,New Ericmouth,Low,17,Centurion
C100516,87.0,4.0,3484.6000000000004,3,"Champions (high-value, engaged)",49,M,Nathanland,Mid,30,Gold
C100517,32.0,4.0,2795.7200000000003,3,"Champions (high-value, engaged)",62,F,New Michael,High,88,Gold
C100518,204.0,3.0,4409.32,0,Steady Redeemers,45,M,Debrabury,Affluent,99,Green
C100519,560.0,0.0,0.0,1,Low-Engagement / New,39,M,North Jillfort,Low,23,Gold
C100520,72.0,3.0,6540.839999999999,0,Steady Redeemers,32,F,Mcintyreville,Mid,129,Green
C100521,60.0,5.0,4331.889999999999,3,"Champions (high-value, engaged)",33,M,Kimberlymouth,Mid,79,Gold
C100522,49.0,5.0,8251.17,3,"Champions (high-value, engaged)",43,F,New Justin,Affluent,32,Centurion
C100523,196.0,5.0,22132.76,3,"Champions (high-value, engaged)",27,M,Gonzalezberg,High,9,Gold
C100524,560.0,0.0,0.0,1,Low-Engagement / New,40,M,South Geraldmouth,High,15,Green
C100525,96.0,6.0,10270.119999999999,3,"Champions (high-value, engaged)",37,F,Port Evelynmouth,Mid,156,Gold
C100526,415.0,1.0,416.99,2,At-Risk / Lapsing,29,F,Jennaside,Mid,152,Gold
C100527,11.0,1.0,1363.89,0,Steady Redeemers,26,M,Patriciaburgh,Mid,163,Gold
C100528,122.0,2.0,1156.1,0,Steady Redeemers,65,M,Port Michael,Low,27,Gold
C100529,194.0,7.0,17590.969999999998,3,"Champions (high-value, engaged)",22,F,North Tracie,High,109,Gold
C100530,45.0,2.0,1636.56,0,Steady Redeemers,37,M,East Kristy,High,76,Gold
C100531,43.0,6.0,21773.36,3,"Champions (high-value, engaged)",51,F,West Angelastad,Affluent,148,Centurion
C100532,134.0,5.0,13879.99,3,"Champions (high-value, engaged)",43,M,Laraside,Affluent,65,Platinum
C100533,155.0,2.0,897.29,0,Steady Redeemers,32,F,New Nicole,Mid,177,Green
C100534,244.0,1.0,1460.29,2,At-Risk / Lapsing,24,M,West Raymondfort,High,109,Gold
C100535,138.0,3.0,6434.860000000001,0,Steady Redeemers,39,F,Hammondshire,Affluent,129,Green
C100536,50.0,1.0,916.28,0,Steady Redeemers,21,F,East Teresaland,High,10,Platinum
C100537,125.0,5.0,3832.18,3,"Champions (high-value, engaged)",39,M,Owenshaven,Mid,47,Green
C100538,181.0,2.0,945.2,0,Steady Redeemers,38,F,Davidside,Mid,123,Gold
C100539,83.0,2.0,2262.89,0,Steady Redeemers,49,M,Port Tammy,Low,59,Platinum
C100540,68.0,6.0,11052.86,3,"Champions (high-value, engaged)",25,M,Shawton,Affluent,96,Green
C100541,-6.0,8.0,9542.61,3,"Champions (high-value, engaged)",34,M,New Ericburgh,Mid,103,Platinum
C100542,86.0,2.0,1867.03,0,Steady Redeemers,42,F,West Sarah,Mid,124,Gold
C100543,266.0,4.0,7931.93,3,"Champions (high-value, engaged)",40,M,West Stacey,High,86,Green
C100544,71.0,2.0,2748.52,0,Steady Redeemers,23,F,Meghanview,Mid,146,Gold
C100545,175.0,2.0,831.66,0,Steady Redeemers,30,F,Lake Stephanie,Mid,112,Platinum
C100546,19.0,3.0,1353.37,0,Steady Redeemers,53,M,Davidport,Low,174,Green
C100547,137.0,3.0,4020.74,0,Steady Redeemers,40,M,New Danielleshire,High,160,Gold
C100548,275.0,3.0,5953.450000000001,2,At-Risk / Lapsing,21,M,East Donna,Mid,27,Gold
C100549,38.0,2.0,8299.86,0,Steady Redeemers,47,M,Meganshire,High,18,Platinum
C100550,18.0,5.0,4231.07,3,"Champions (high-value, engaged)",21,M,Port Michelleland,Mid,167,Gold
C100551,-9.0,3.0,7824.07,3,"Champions (high-value, engaged)",34,F,Lake Kelliview,High,177,Gold
C100552,112.0,5.0,5983.55,3,"Champions (high-value, engaged)",44,F,Port Ashley,Mid,82,Platinum
C100553,103.0,1.0,5957.53,0,Steady Redeemers,51,M,South Pamelaside,Mid,172,Platinum
C100554,416.0,1.0,645.65,2,At-Risk / Lapsing,21,F,Dawnport,High,72,Gold
C100555,560.0,0.0,0.0,1,Low-Engagement / New,45,M,Sanchezfurt,Mid,54,Green
C100556,345.0,2.0,704.59,2,At-Risk / Lapsing,47,F,Shawnton,Low,162,Green
C100557,417.0,4.0,2983.6499999999996,2,At-Risk / Lapsing,31,F,South Robert,Low,71,Gold
C100558,109.0,4.0,5981.8,3,"Champions (high-value, engaged)",38,M,Harrisberg,High,164,Gold
C100559,374.0,2.0,2657.8599999999997,2,At-Risk / Lapsing,21,F,Michellemouth,Mid,146,Green
C100560,72.0,4.0,4196.82,3,"Champions (high-value, engaged)",21,F,Theresaberg,High,38,Green
C100561,560.0,0.0,0.0,1,Low-Engagement / New,50,F,Zacharyville,Mid,137,Gold
C100562,133.0,2.0,877.02,0,Steady Redeemers,32,M,Johnville,Low,179,Green
C100563,53.0,3.0,2555.51,0,Steady Redeemers,34,M,Shannonberg,Low,35,Green
C100564,75.0,2.0,4165.88,0,Steady Redeemers,40,M,North Kellyfurt,Mid,82,Green
C100565,87.0,1.0,973.03,0,Steady Redeemers,33,M,Wrightburgh,Mid,133,Platinum
C100566,-5.0,8.0,13387.720000000001,3,"Champions (high-value, engaged)",32,F,Sarahmouth,Mid,142,Gold
C100567,231.0,2.0,1444.09,2,At-Risk / Lapsing,42,M,Port Erik,Mid,158,Green
C100568,17.0,5.0,15381.060000000001,3,"Champions (high-value, engaged)",21,F,Jimenezport,Affluent,4,Green
C100569,6.0,4.0,3085.1800000000003,3,"Champions (high-value, engaged)",50,M,Johnsonfurt,Mid,167,Gold
C100570,103.0,8.0,6890.48,3,"Champions (high-value, engaged)",35,M,Levyborough,Mid,153,Platinum
C100571,87.0,3.0,4093.6800000000003,0,Steady Redeemers,26,F,Brandonport,High,156,Gold
C100572,369.0,1.0,498.42,2,At-Risk / Lapsing,25,M,Harperfort,Mid,150,Green
C100573,327.0,1.0,443.42,2,At-Risk / Lapsing,38,F,Amandaville,Mid,159,Gold
C100574,37.0,6.0,11271.02,3,"Champions (high-value, engaged)",34,M,Andersonview,High,23,Platinum
C100575,45.0,2.0,8063.83,0,Steady Redeemers,21,M,Kathrynstad,Affluent,48,Green
C100576,100.0,2.0,573.3299999999999,0,Steady Redeemers,31,M,South Brettside,Low,148,Gold
C100577,81.0,3.0,7309.509999999999,0,Steady Redeemers,29,M,West Angela,Affluent,125,Green
C100578,79.0,3.0,3381.66,0,Steady Redeemers,51,F,South Williamside,Mid,166,Green
C100579,1.0,4.0,4713.88,3,"Champions (high-value, engaged)",39,M,Marciaville,Mid,55,Green
C100580,16.0,5.0,3948.16,3,"Champions (high-value, engaged)",55,F,North Phillip,Mid,68,Gold
C100581,4.0,4.0,6103.780000000001,3,"Champions (high-value, engaged)",30,M,Angelastad,Affluent,88,Green
C100582,213.0,1.0,1940.52,2,At-Risk / Lapsing,34,F,East Carrie,Mid,1,Green
C100583,-26.0,2.0,3747.99,0,Steady Redeemers,42,M,Porterton,Mid,135,Green
C100584,67.0,3.0,5846.290000000001,0,Steady Redeemers,44,F,East Jenniferfort,Mid,95,Green
C100585,59.0,2.0,1439.1399999999999,0,Steady Redeemers,45,F,Hernandezhaven,Mid,140,Gold
C100586,211.0,4.0,1908.23,0,Steady Redeemers,28,F,West Sarah,Low,106,Green
C100587,49.0,4.0,3793.43,3,"Champions (high-value, engaged)",28,F,Franciscoport,Low,133,Green
C100588,30.0,9.0,7887.4400000000005,3,"Champions (high-value, engaged)",34,M,Williamhaven,Low,108,Platinum
C100589,-3.0,10.0,12787.58,3,"Champions (high-value, engaged)",54,F,Ericksonport,Low,178,Gold
C100590,2.0,1.0,272.45,0,Steady Redeemers,26,F,Cabrerastad,Low,42,Gold
C100591,41.0,6.0,7736.7300000000005,3,"Champions (high-value, engaged)",32,M,Emilychester,Mid,102,Green
C100592,421.0,1.0,735.78,2,At-Risk / Lapsing,46,F,Lauratown,Low,124,Gold
C100593,33.0,3.0,3868.28,0,Steady Redeemers,45,F,Bakershire,Mid,140,Green
C100594,20.0,2.0,6919.9400000000005,0,Steady Redeemers,44,F,Lake Brett,High,103,Green
C100595,152.0,4.0,3568.38,3,"Champions (high-value, engaged)",38,F,Jacksonfurt,Mid,146,Gold
C100596,210.0,2.0,8299.53,0,Steady Redeemers,26,F,Port Erin,High,74,Platinum
C100597,265.0,3.0,3003.63,2,At-Risk / Lapsing,30,F,New Stacyville,Low,108,Gold
C100598,484.0,3.0,1270.01,2,At-Risk / Lapsing,50,M,North Scott,Low,122,Green
C100599,304.0,1.0,432.15,2,At-Risk / Lapsing,46,M,Hernandezborough,Low,17,Platinum
C100600,560.0,0.0,0.0,1,Low-Engagement / New,23,M,Shawfort,Low,71,Green
C100601,122.0,7.0,5499.23,3,"Champions (high-value, engaged)",47,M,Lake Devinborough,Mid,62,Platinum
C100602,22.0,5.0,2347.75,3,"Champions (high-value, engaged)",52,M,Whitneyfort,Low,41,Green
C100603,16.0,3.0,3100.75,0,Steady Redeemers,38,F,Edwardsburgh,Low,119,Green
C100604,39.0,5.0,4297.81,3,"Champions (high-value, engaged)",42,M,Barrmouth,Low,162,Gold
C100605,-10.0,6.0,4372.25,3,"Champions (high-value, engaged)",49,F,Ericaview,Mid,45,Centurion
C100606,152.0,3.0,1935.47,0,Steady Redeemers,30,F,Leebury,Mid,58,Platinum
C100607,108.0,4.0,5008.27,3,"Champions (high-value, engaged)",63,F,Angelabury,Mid,179,Gold
C100608,59.0,8.0,11114.88,3,"Champions (high-value, engaged)",51,M,Kellieborough,Mid,126,Gold
C100609,6.0,5.0,7452.349999999999,3,"Champions (high-value, engaged)",43,M,Stewartstad,High,162,Gold
C100610,113.0,5.0,2030.33,3,"Champions (high-value, engaged)",37,M,Keithshire,Low,44,Gold
C100611,5.0,8.0,10046.9,3,"Champions (high-value, engaged)",43,M,Huangfurt,High,15,Platinum
C100612,326.0,4.0,5933.01,2,At-Risk / Lapsing,21,F,Stephanieberg,Mid,78,Green
C100613,560.0,0.0,0.0,1,Low-Engagement / New,60,F,Bobbyland,Low,70,Green
C100614,140.0,7.0,30940.54,3,"Champions (high-value, engaged)",50,F,Sandraview,High,178,Centurion
C100615,-4.0,3.0,3961.16,0,Steady Redeemers,54,M,Lewisside,Affluent,101,Platinum
C100616,102.0,6.0,4954.62,3,"Champions (high-value, engaged)",38,M,Sarahview,Low,160,Green
C100617,166.0,3.0,3502.37,0,Steady Redeemers,34,F,North Christina,Mid,3,Green
C100618,59.0,1.0,480.81,0,Steady Redeemers,30,M,East Brent,High,86,Centurion
C100619,94.0,2.0,1632.87,0,Steady Redeemers,46,F,Lake Jesse,High,74,Gold
C100620,123.0,1.0,375.55,0,Steady Redeemers,32,F,South Markfort,Low,51,Gold
C100621,451.0,1.0,443.88,2,At-Risk / Lapsing,35,M,Lake Kellitown,Mid,67,Green
C100622,248.0,1.0,316.73,2,At-Risk / Lapsing,44,F,South Denise,Mid,76,Platinum
C100623,329.0,2.0,2131.86,2,At-Risk / Lapsing,30,F,Woodsborough,Mid,93,Green
C100624,199.0,3.0,8223.45,0,Steady Redeemers,49,F,Manuelton,Mid,176,Green
C100625,28.0,1.0,645.56,0,Steady Redeemers,37,M,Lake Audreyside,Mid,145,Green
C100626,20.0,4.0,7446.96,3,"Champions (high-value, engaged)",21,F,East Robertburgh,Mid,7,Platinum
C100627,98.0,4.0,2812.55,3,"Champions (high-value, engaged)",30,M,Port Randyfort,High,13,Gold
C100628,96.0,4.0,4345.9,3,"Champions (high-value, engaged)",52,M,Lake Suzanne,Low,120,Platinum
C100629,74.0,2.0,1560.02,0,Steady Redeemers,27,M,Nancytown,Mid,66,Green
C100630,311.0,1.0,1759.73,2,At-Risk / Lapsing,47,M,Ashleyville,High,4,Platinum
C100631,272.0,9.0,12603.03,3,"Champions (high-value, engaged)",39,M,Justinside,High,138,Platinum
C100632,560.0,0.0,0.0,1,Low-Engagement / New,36,M,Smallberg,Mid,88,Platinum
C100633,67.0,3.0,10241.800000000001,3,"Champions (high-value, engaged)",65,M,Nelsonville,Mid,17,Centurion
C100634,257.0,3.0,6128.88,0,Steady Redeemers,23,M,Franciscomouth,Low,52,Green
C100635,169.0,2.0,2146.96,0,Steady Redeemers,29,F,Jennifertown,Mid,134,Gold
C100636,201.0,2.0,1912.9299999999998,0,Steady Redeemers,37,M,Krystalshire,Mid,69,Platinum
C100637,18.0,4.0,2934.5,3,"Champions (high-value, engaged)",64,F,East Cheryl,Mid,137,Platinum
C100638,37.0,4.0,9066.92,3,"Champions (high-value, engaged)",37,F,Wilcoxhaven,Mid,21,Gold
C100639,102.0,2.0,1399.42,0,Steady Redeemers,41,M,Christopherville,Mid,24,Green
C100640,42.0,3.0,3358.84,0,Steady Redeemers,34,M,East Thomas,Low,4,Gold
C100641,255.0,1.0,535.59,2,At-Risk / Lapsing,41,M,North Jose,Mid,152,Gold
C100642,90.0,5.0,5616.21,3,"Champions (high-value, engaged)",34,F,South Karen,Mid,3,Green
C100643,71.0,6.0,7170.77,3,"Champions (high-value, engaged)",45,F,Kevinshire,Mid,68,Platinum
C100644,190.0,2.0,2372.62,0,Steady Redeemers,46,F,West Desireebury,Low,101,Green
C100645,19.0,2.0,1529.92,0,Steady Redeemers,35,M,Lake Davidport,High,168,Green
C100646,104.0,6.0,14480.69,3,"Champions (high-value, engaged)",25,F,South Gina,Mid,176,Gold
C100647,108.0,3.0,1637.01,0,Steady Redeemers,39,M,Hannahport,High,54,Gold
C100648,129.0,1.0,837.33,0,Steady Redeemers,53,F,Christinabury,High,35,Green
C100649,296.0,1.0,436.6,2,At-Risk / Lapsing,28,M,South Eric,Mid,56,Green
C100650,417.0,2.0,964.9399999999999,2,At-Risk / Lapsing,41,F,Robertside,Low,108,Green
C100651,449.0,1.0,350.98,2,At-Risk / Lapsing,24,F,Toddborough,Mid,40,Green
C100652,5.0,2.0,1355.47,0,Steady Redeemers,26,F,Lake Karen,Mid,68,Green
C100653,6.0,5.0,7590.0599999999995,3,"Champions (high-value, engaged)",52,M,New Seanstad,High,46,Green
C100654,484.0,1.0,1048.83,2,At-Risk / Lapsing,45,F,New Danielside,Mid,78,Green
C100655,30.0,4.0,3796.38,3,"Champions (high-value, engaged)",41,M,New Amanda,Low,141,Gold
C100656,53.0,8.0,18083.96,3,"Champions (high-value, engaged)",21,F,West Melissa,Mid,155,Platinum
C100657,83.0,2.0,1198.6100000000001,0,Steady Redeemers,31,F,Wilsonborough,Mid,6,Gold
C100658,254.0,3.0,7229.719999999999,0,Steady Redeemers,44,M,Davishaven,Mid,17,Gold
C100659,10.0,6.0,19785.829999999998,3,"Champions (high-value, engaged)",22,F,Stokesmouth,Mid,164,Green
C100660,560.0,0.0,0.0,1,Low-Engagement / New,34,M,New Robert,Mid,99,Platinum
C100661,68.0,3.0,6785.56,0,Steady Redeemers,46,M,New Stevenport,Affluent,81,Gold
C100662,16.0,3.0,2943.02,0,Steady Redeemers,21,M,South Jonathantown,Mid,2,Gold
C100663,141.0,4.0,4233.69,3,"Champions (high-value, engaged)",21,F,New Charles,Mid,77,Green
C100664,207.0,5.0,3539.96,3,"Champions (high-value, engaged)",21,F,Cooperland,Low,180,Green
C100665,84.0,4.0,3165.2200000000003,3,"Champions (high-value, engaged)",41,F,North Valeriefort,Low,66,Gold
C100666,-17.0,1.0,401.88,0,Steady Redeemers,31,M,West Robertberg,Mid,52,Gold
C100667,33.0,3.0,1962.25,0,Steady Redeemers,47,F,Brooksfurt,Low,92,Platinum
C100668,47.0,3.0,1623.9299999999998,0,Steady Redeemers,39,M,Kanefurt,Low,171,Green
C100669,7.0,3.0,2585.71,0,Steady Redeemers,58,F,Millerside,Mid,22,Green
C100670,103.0,4.0,3850.21,3,"Champions (high-value, engaged)",24,M,Lake Michelle,Low,111,Gold
C100671,51.0,5.0,7201.29,3,"Champions (high-value, engaged)",41,F,East Victoriafurt,High,107,Platinum
C100672,549.0,1.0,1479.46,2,At-Risk / Lapsing,29,M,Lake Tiffany,Low,67,Green
C100673,25.0,3.0,5294.549999999999,0,Steady Redeemers,44,F,Port Andrewport,Mid,140,Gold
C100674,23.0,2.0,894.8399999999999,0,Steady Redeemers,39,F,Nunezside,Mid,69,Green
C100675,254.0,8.0,21864.72,3,"Champions (high-value, engaged)",27,F,Patelbury,Affluent,84,Gold
C100676,24.0,5.0,3845.59,3,"Champions (high-value, engaged)",36,M,South Michael,Low,103,Platinum
C100677,560.0,0.0,0.0,1,Low-Engagement / New,38,M,Jacobville,Mid,39,Platinum
C100678,172.0,2.0,5905.71,0,Steady Redeemers,31,M,Port Donnatown,Affluent,13,Green
C100679,185.0,2.0,8867.99,0,Steady Redeemers,45,M,East Carlos,High,41,Green
C100680,252.0,2.0,1477.83,2,At-Risk / Lapsing,26,F,South Carlaton,High,57,Gold
C100681,155.0,4.0,3193.07,3,"Champions (high-value, engaged)",61,M,Lake Bradley,Mid,12,Green
C100682,354.0,1.0,391.77,2,At-Risk / Lapsing,48,M,Youngborough,Low,13,Gold
C100683,412.0,2.0,9658.609999999999,2,At-Risk / Lapsing,41,M,East Williamport,High,120,Gold
C100684,334.0,1.0,8059.39,2,At-Risk / Lapsing,69,F,Port Sabrina,Affluent,97,Green
C100685,29.0,6.0,10670.480000000001,3,"Champions (high-value, engaged)",34,M,Barbaramouth,Mid,57,Platinum
C100686,280.0,3.0,2049.49,2,At-Risk / Lapsing,44,F,West Nancy,Mid,40,Green
C100687,29.0,3.0,3286.29,0,Steady Redeemers,40,M,South Kevin,Mid,118,Centurion
C100688,52.0,4.0,13334.04,3,"Champions (high-value, engaged)",46,F,New Stacyburgh,High,80,Platinum
C100689,0.0,4.0,3522.24,3,"Champions (high-value, engaged)",54,F,Peterston,Low,128,Gold
C100690,18.0,5.0,7574.879999999999,3,"Champions (high-value, engaged)",44,M,Shellyfurt,Mid,173,Green
C100691,77.0,2.0,4539.74,0,Steady Redeemers,49,F,Heatherchester,Mid,35,Platinum
C100692,163.0,2.0,2857.62,0,Steady Redeemers,31,M,West Nicholas,Mid,3,Platinum
C100693,39.0,3.0,3343.52,0,Steady Redeemers,35,F,Allenbury,Mid,120,Green
C100694,104.0,1.0,380.95,0,Steady Redeemers,56,F,Meredithberg,Low,5,Green
C100695,99.0,4.0,4541.26,3,"Champions (high-value, engaged)",44,M,Melendezside,Mid,11,Green
C100696,110.0,4.0,2643.83,3,"Champions (high-value, engaged)",40,F,Faulknerside,Mid,126,Centurion
C100697,78.0,5.0,3019.95,3,"Champions (high-value, engaged)",29,F,South John,Mid,71,Platinum
C100698,247.0,2.0,1229.3400000000001,2,At-Risk / Lapsing,48,F,West Deborah,Low,117,Platinum
C100699,184.0,2.0,4720.16,0,Steady Redeemers,29,M,Booneland,Mid,138,Platinum
C100700,15.0,5.0,2825.1,3,"Champions (high-value, engaged)",26,M,North Joseph,Mid,106,Gold
C100701,560.0,0.0,0.0,1,Low-Engagement / New,39,M,Port Charlesshire,Low,116,Green
C100702,29.0,8.0,20244.989999999998,3,"Champions (high-value, engaged)",21,F,South Jason,Mid,162,Green
C100703,236.0,1.0,697.83,2,At-Risk / Lapsing,44,F,Kevintown,Low,67,Green
C100704,220.0,3.0,4985.449999999999,0,Steady Redeemers,42,M,East Suzanne,Low,31,Gold
C100705,31.0,7.0,24057.16,3,"Champions (high-value, engaged)",34,M,Lake Yvonnefort,Affluent,75,Platinum
C100706,56.0,1.0,654.8,0,Steady Redeemers,35,F,Lake Cassandra,Mid,71,Centurion
C100707,113.0,1.0,2358.5,0,Steady Redeemers,36,F,South Rose,High,66,Green
C100708,105.0,1.0,431.63,0,Steady Redeemers,29,F,Kimberlyfurt,Mid,70,Gold
C100709,123.0,5.0,7919.870000000001,3,"Champions (high-value, engaged)",40,M,Fergusonstad,High,41,Gold
C100710,-10.0,5.0,9490.9,3,"Champions (high-value, engaged)",35,M,Josehaven,High,160,Gold
C100711,55.0,3.0,2616.5099999999998,0,Steady Redeemers,39,M,Owensfort,Mid,20,Gold
C100712,560.0,0.0,0.0,1,Low-Engagement / New,36,M,Robinstad,Mid,178,Green
C100713,80.0,4.0,2516.21,3,"Champions (high-value, engaged)",34,F,Robertshire,Mid,153,Platinum
C100714,37.0,6.0,15505.599999999999,3,"Champions (high-value, engaged)",41,F,Lake Dustin,Mid,140,Gold
C100715,560.0,0.0,0.0,1,Low-Engagement / New,46,F,Angelashire,Affluent,39,Platinum
C100716,48.0,5.0,6977.55,3,"Champions (high-value, engaged)",32,M,Phillipsborough,High,145,Green
C100717,-24.0,4.0,5187.030000000001,3,"Champions (high-value, engaged)",42,F,Jerryshire,Affluent,45,Green
C100718,97.0,9.0,5706.56,3,"Champions (high-value, engaged)",43,F,South Andrea,Low,139,Green
C100719,35.0,4.0,4264.98,3,"Champions (high-value, engaged)",23,M,Jonathanfort,High,70,Platinum
C100720,147.0,7.0,33355.02,3,"Champions (high-value, engaged)",48,M,Murraystad,Affluent,125,Platinum
C100721,138.0,1.0,270.08,0,Steady Redeemers,60,F,East Jennifer,Low,151,Gold
C100722,179.0,4.0,2569.7200000000003,3,"Champions (high-value, engaged)",37,F,Whiteside,Low,91,Platinum
C100723,0.0,4.0,3548.08,3,"Champions (high-value, engaged)",36,M,New Arthurland,High,70,Gold
C100724,221.0,2.0,7049.57,0,Steady Redeemers,35,F,Port Adamberg,Mid,166,Green
C100725,33.0,4.0,6270.6900000000005,3,"Champions (high-value, engaged)",44,F,North Jasmine,High,130,Gold
C100726,237.0,3.0,1595.4,0,Steady Redeemers,43,F,East Williamstad,Low,84,Platinum
C100727,81.0,2.0,2472.12,0,Steady Redeemers,21,F,New Danafort,High,89,Green
C100728,2.0,2.0,1699.87,0,Steady Redeemers,28,M,Smithside,Mid,79,Green
C100729,192.0,2.0,1379.55,0,Steady Redeemers,43,F,Smithhaven,Low,113,Gold
C100730,35.0,4.0,3714.39,3,"Champions (high-value, engaged)",36,F,Amandaport,Low,93,Green
C100731,23.0,3.0,4523.6,0,Steady Redeemers,25,F,New Lisachester,High,72,Platinum
C100732,25.0,7.0,8111.14,3,"Champions (high-value, engaged)",54,M,North Samantha,High,165,Gold
C100733,18.0,10.0,13483.3,3,"Champions (high-value, engaged)",29,F,East James,Mid,49,Green
C100734,5.0,5.0,4001.05,3,"Champions (high-value, engaged)",38,M,Lisaview,Mid,52,Green
C100735,26.0,4.0,5901.68,3,"Champions (high-value, engaged)",36,F,Millerfurt,High,33,Centurion
C100736,347.0,2.0,1071.24,2,At-Risk / Lapsing,26,F,Cunninghambury,Mid,22,Gold
C100737,-3.0,1.0,760.69,0,Steady Redeemers,40,F,Gabriellaland,High,114,Gold
C100738,352.0,4.0,5478.46,2,At-Risk / Lapsing,42,F,North Richardfurt,Mid,133,Green
C100739,-5.0,2.0,3582.79,0,Steady Redeemers,32,F,Browntown,Mid,18,Platinum
C100740,9.0,4.0,3243.41,3,"Champions (high-value, engaged)",34,M,North Vincent,Mid,166,Gold
C100741,220.0,4.0,4850.599999999999,3,"Champions (high-value, engaged)",44,M,Newmanmouth,Mid,118,Gold
C100742,8.0,6.0,5416.91,3,"Champions (high-value, engaged)",21,F,New Samanthabury,High,117,Centurion
C100743,10.0,2.0,843.25,0,Steady Redeemers,28,F,Port Heather,Mid,37,Green
C100744,365.0,1.0,1003.09,2,At-Risk / Lapsing,40,F,Nelsonland,Mid,64,Gold
C100745,-10.0,9.0,20587.52,3,"Champions (high-value, engaged)",32,M,Rachelshire,High,138,Green
C100746,560.0,0.0,0.0,1,Low-Engagement / New,32,M,East Sarahmouth,Mid,79,Gold
C100747,300.0,2.0,1692.48,2,At-Risk / Lapsing,47,F,East Brendafurt,Mid,170,Green
C100748,66.0,4.0,17230.010000000002,3,"Champions (high-value, engaged)",31,F,West Franciscobury,Affluent,123,Platinum
C100749,35.0,3.0,2829.05,0,Steady Redeemers,59,F,Rhodesside,Mid,176,Green
C100750,-10.0,2.0,648.22,0,Steady Redeemers,21,F,Patrickberg,Low,44,Gold
C100751,133.0,3.0,11512.61,0,Steady Redeemers,21,M,New Juliestad,Affluent,82,Platinum
C100752,27.0,4.0,3235.58,3,"Champions (high-value, engaged)",47,F,North Samuelland,Mid,87,Centurion
C100753,493.0,1.0,505.81,2,At-Risk / Lapsing,27,F,Cassiefurt,Mid,16,Gold
C100754,116.0,2.0,2531.2999999999997,0,Steady Redeemers,27,F,Anthonyview,Low,54,Gold
C100755,77.0,5.0,8875.51,3,"Champions (high-value, engaged)",48,M,Henrystad,High,102,Green
C100756,506.0,1.0,309.54,2,At-Risk / Lapsing,32,M,Reynoldsshire,Mid,163,Green
C100757,217.0,1.0,548.15,2,At-Risk / Lapsing,48,F,Millerport,Mid,98,Gold
C100758,318.0,2.0,4331.36,2,At-Risk / Lapsing,31,M,Lake Charles,High,156,Green
C100759,206.0,2.0,1448.07,0,Steady Redeemers,41,M,Ericberg,High,2,Green
C100760,493.0,1.0,450.74,2,At-Risk / Lapsing,32,M,Stewartville,Low,94,Green
C100761,13.0,3.0,5962.07,0,Steady Redeemers,27,F,North Sherrymouth,Mid,141,Gold
C100762,27.0,6.0,4824.43,3,"Champions (high-value, engaged)",57,M,Kathleenville,Mid,169,Gold
C100763,227.0,2.0,4118.67,0,Steady Redeemers,50,F,North Jacob,High,59,Green
C100764,131.0,3.0,1331.1100000000001,0,Steady Redeemers,30,F,Hawkinshaven,Low,69,Green
C100765,61.0,5.0,2792.72,3,"Champions (high-value, engaged)",36,F,Garcialand,Mid,119,Gold
C100766,457.0,2.0,3803.6400000000003,2,At-Risk / Lapsing,54,F,Angelamouth,High,92,Gold
C100767,176.0,1.0,1408.26,0,Steady Redeemers,27,M,Smithchester,High,45,Gold
C100768,6.0,5.0,8151.56,3,"Champions (high-value, engaged)",27,M,Maxwellside,Mid,148,Platinum
C100769,76.0,2.0,2803.31,0,Steady Redeemers,43,M,New Adriana,High,24,Green
C100770,-10.0,5.0,2638.17,3,"Champions (high-value, engaged)",62,F,Jacksonview,Low,91,Green
C100771,-11.0,8.0,15173.14,3,"Champions (high-value, engaged)",38,F,Josephberg,High,94,Green
C100772,15.0,5.0,8777.36,3,"Champions (high-value, engaged)",49,F,East Ryanchester,Low,58,Gold
C100773,26.0,3.0,1482.76,0,Steady Redeemers,26,F,Toddland,Mid,155,Gold
C100774,44.0,4.0,4439.29,3,"Champions (high-value, engaged)",41,F,Johnathanbury,High,154,Green
C100775,51.0,3.0,1504.28,0,Steady Redeemers,34,F,Wheelerborough,Low,128,Gold
C100776,73.0,4.0,12104.98,3,"Champions (high-value, engaged)",58,F,Rodriguezport,Mid,7,Gold
C100777,83.0,9.0,12941.56,3,"Champions (high-value, engaged)",55,M,South Martinfurt,High,170,Centurion
C100778,32.0,4.0,10050.05,3,"Champions (high-value, engaged)",63,M,Scottchester,High,47,Gold
C100779,179.0,3.0,4235.14,0,Steady Redeemers,30,F,West Malik,Mid,53,Gold
C100780,446.0,1.0,638.79,2,At-Risk / Lapsing,38,F,South Leon,High,38,Gold
C100781,348.0,2.0,1160.1599999999999,2,At-Risk / Lapsing,42,F,Novakport,Mid,53,Centurion
C100782,23.0,4.0,6144.370000000001,3,"Champions (high-value, engaged)",30,M,Faulknerbury,Mid,143,Centurion
C100783,247.0,3.0,1612.37,0,Steady Redeemers,39,M,Nicholasfurt,Mid,154,Gold
C100784,518.0,1.0,756.62,2,At-Risk / Lapsing,47,M,Danielshire,Low,48,Gold
C100785,65.0,3.0,7376.13,0,Steady Redeemers,31,M,New Wendy,Affluent,95,Gold
C100786,-1.0,5.0,4910.45,3,"Champions (high-value, engaged)",30,F,Lake Katrina,Mid,147,Gold
C100787,246.0,6.0,3755.81,3,"Champions (high-value, engaged)",29,M,Lake Stevenborough,Mid,137,Gold
C100788,70.0,2.0,3698.0,0,Steady Redeemers,23,F,Salinasland,Mid,64,Green
C100789,12.0,8.0,23569.4,3,"Champions (high-value, engaged)",47,M,Chambersberg,Affluent,93,Platinum
C100790,301.0,1.0,619.09,2,At-Risk / Lapsing,30,M,Johnberg,Low,125,Gold
C100791,218.0,3.0,2216.67,0,Steady Redeemers,29,M,Mccormickland,Mid,179,Platinum
C100792,17.0,4.0,4841.02,3,"Champions (high-value, engaged)",43,F,Ewingfort,Mid,39,Gold
C100793,33.0,6.0,6956.5,3,"Champions (high-value, engaged)",37,F,Fergusonchester,Mid,4,Gold
C100794,40.0,3.0,2120.95,0,Steady Redeemers,32,F,Port Tanyaside,Low,126,Green
C100795,16.0,6.0,9975.84,3,"Champions (high-value, engaged)",46,F,North Kaylastad,High,3,Gold
C100796,316.0,4.0,14640.460000000001,3,"Champions (high-value, engaged)",31,F,Lake Cheyenne,Affluent,64,Gold
C100797,322.0,1.0,1272.38,2,At-Risk / Lapsing,21,M,Rasmussenmouth,Mid,29,Green
C100798,378.0,1.0,1230.33,2,At-Risk / Lapsing,52,M,Rodriguezville,High,116,Platinum
C100799,-25.0,1.0,878.09,0,Steady Redeemers,28,M,Jeffreyhaven,Affluent,11,Green
C100800,560.0,0.0,0.0,1,Low-Engagement / New,30,M,South Neil,High,97,Gold
C100801,412.0,1.0,268.3,2,At-Risk / Lapsing,30,M,Bartonshire,Low,102,Green
C100802,-21.0,5.0,7933.48,3,"Champions (high-value, engaged)",38,M,West Whitney,Mid,155,Platinum
C100803,39.0,6.0,3708.21,3,"Champions (high-value, engaged)",34,M,Garciachester,Mid,21,Green
C100804,560.0,0.0,0.0,1,Low-Engagement / New,48,F,North Marieberg,Mid,39,Gold
C100805,560.0,0.0,0.0,1,Low-Engagement / New,56,F,Larrymouth,High,102,Green
C100806,353.0,3.0,8037.35,2,At-Risk / Lapsing,30,M,New Timothy,Affluent,46,Gold
C100807,38.0,6.0,11576.550000000001,3,"Champions (high-value, engaged)",27,F,Davismouth,Affluent,66,Platinum
C100808,-2.0,5.0,11731.74,3,"Champions (high-value, engaged)",32,F,Carloston,Mid,91,Green
C100809,152.0,4.0,4881.099999999999,3,"Champions (high-value, engaged)",42,M,North Melindaville,Low,164,Gold
C100810,17.0,5.0,13731.86,3,"Champions (high-value, engaged)",36,F,Lake John,Affluent,111,Green
C100811,161.0,6.0,17510.5,3,"Champions (high-value, engaged)",32,M,New Ethan,High,82,Gold
C100812,340.0,2.0,3086.0299999999997,2,At-Risk / Lapsing,23,M,Mullenbury,Low,123,Gold
C100813,113.0,4.0,5972.26,3,"Champions (high-value, engaged)",21,M,Sotoburgh,Affluent,99,Gold
C100814,374.0,2.0,6472.2699999999995,2,At-Risk / Lapsing,26,M,Fosterborough,High,35,Gold
C100815,44.0,3.0,1951.6399999999999,0,Steady Redeemers,51,M,Vargasfurt,Mid,159,Gold
C100816,45.0,4.0,3389.2799999999997,3,"Champions (high-value, engaged)",42,M,Lake Jasonview,Mid,156,Green
C100817,128.0,2.0,12828.48,0,Steady Redeemers,35,F,New Cristianside,Mid,103,Gold
C100818,-10.0,5.0,5683.71,3,"Champions (high-value, engaged)",46,F,West Mark,Low,129,Green
C100819,114.0,4.0,3178.96,3,"Champions (high-value, engaged)",23,F,Wilsonfort,Mid,25,Platinum
C100820,134.0,5.0,16438.31,3,"Champions (high-value, engaged)",38,F,Candicefurt,High,43,Platinum
C100821,62.0,3.0,1897.56,0,Steady Redeemers,21,F,West Michaelmouth,Low,84,Green
C100822,219.0,1.0,3505.79,2,At-Risk / Lapsing,41,M,Port Emily,Mid,51,Green
C100823,243.0,3.0,4672.96,0,Steady Redeemers,40,F,Samanthashire,Mid,130,Green
C100824,14.0,8.0,10594.32,3,"Champions (high-value, engaged)",41,F,Lake Dennisville,Mid,126,Centurion
C100825,53.0,6.0,36098.7,3,"Champions (high-value, engaged)",50,M,West Daryl,Affluent,69,Platinum
C100826,560.0,0.0,0.0,1,Low-Engagement / New,46,F,Heatherhaven,Mid,9,Green
C100827,93.0,1.0,476.28,0,Steady Redeemers,24,F,Barnesberg,Mid,2,Gold
C100828,450.0,1.0,2628.26,2,At-Risk / Lapsing,51,M,Hendersonfort,High,162,Green
C100829,75.0,5.0,5150.4400000000005,3,"Champions (high-value, engaged)",35,M,New Garrett,Mid,159,Gold
C100830,116.0,3.0,3296.66,0,Steady Redeemers,21,M,Donaldmouth,Mid,10,Gold
C100831,59.0,5.0,3894.23,3,"Champions (high-value, engaged)",36,F,Harveystad,Mid,114,Gold
C100832,62.0,3.0,1284.32,0,Steady Redeemers,45,M,South Derrickfurt,Low,76,Platinum
C100833,211.0,3.0,2058.24,0,Steady Redeemers,26,M,Ortizfort,Low,164,Gold
C100834,11.0,1.0,1048.27,0,Steady Redeemers,52,M,Mckinneymouth,Mid,85,Green
C100835,-6.0,3.0,2712.1000000000004,0,Steady Redeemers,27,F,Jacksonshire,Mid,49,Gold
C100836,225.0,1.0,2695.35,2,At-Risk / Lapsing,32,F,Port Kathleenport,Affluent,70,Gold
C100837,235.0,1.0,421.19,2,At-Risk / Lapsing,30,F,West Jeffreyport,Mid,177,Platinum
C100838,-1.0,4.0,6577.41,3,"Champions (high-value, engaged)",21,M,Port Stephen,Mid,131,Green
C100839,175.0,1.0,1421.27,0,Steady Redeemers,27,F,Dunnville,Mid,133,Gold
C100840,168.0,3.0,1189.43,0,Steady Redeemers,30,F,West Kimberlystad,Low,90,Gold
C100841,560.0,0.0,0.0,1,Low-Engagement / New,36,F,Port Jenniferside,High,26,Gold
C100842,560.0,0.0,0.0,1,Low-Engagement / New,21,F,South Curtis,Low,72,Green
C100843,178.0,3.0,32299.1,3,"Champions (high-value, engaged)",45,M,West Nancy,Affluent,5,Centurion
C100844,-12.0,7.0,12537.720000000001,3,"Champions (high-value, engaged)",45,M,South Joseland,Low,15,Green
C100845,89.0,3.0,1257.24,0,Steady Redeemers,50,M,Grimesville,Mid,123,Green
C100846,-9.0,2.0,1930.98,0,Steady Redeemers,21,F,East Lisa,Low,144,Platinum
C100847,81.0,6.0,13603.72,3,"Champions (high-value, engaged)",34,F,Michellechester,Affluent,1,Green
C100848,8.0,5.0,6345.13,3,"Champions (high-value, engaged)",48,F,New Donald,Mid,144,Green
C100849,94.0,3.0,1929.83,0,Steady Redeemers,49,F,Port Jamie,Mid,165,Gold
C100850,511.0,1.0,523.12,2,At-Risk / Lapsing,54,F,New Michaelview,Low,3,Green
C100851,24.0,6.0,16510.920000000002,3,"Champions (high-value, engaged)",39,M,West Tiffany,High,180,Centurion
C100852,90.0,2.0,1064.9499999999998,0,Steady Redeemers,37,M,Keithview,Mid,47,Gold
C100853,-17.0,9.0,16810.99,3,"Champions (high-value, engaged)",21,F,East Sydneychester,High,95,Gold
C100854,200.0,2.0,2560.91,0,Steady Redeemers,49,F,West Michelleberg,Mid,13,Green
C100855,396.0,2.0,1216.45,2,At-Risk / Lapsing,32,F,East Dustin,Low,120,Green
C100856,22.0,2.0,1509.55,0,Steady Redeemers,38,F,Mariafurt,Low,55,Gold
C100857,327.0,1.0,849.08,2,At-Risk / Lapsing,37,M,Thomasview,Mid,149,Gold
C100858,29.0,4.0,6860.77,3,"Champions (high-value, engaged)",21,M,Brooksland,Mid,66,Platinum
C100859,17.0,6.0,7696.0599999999995,3,"Champions (high-value, engaged)",29,M,South Zacharyview,Low,155,Green
C100860,26.0,3.0,2369.66,0,Steady Redeemers,42,F,Shawnfort,High,166,Gold
C100861,560.0,0.0,0.0,1,Low-Engagement / New,37,F,Brandiland,Mid,90,Green
C100862,29.0,4.0,4604.49,3,"Champions (high-value, engaged)",43,F,Reidstad,Mid,62,Gold
C100863,258.0,3.0,2440.0,2,At-Risk / Lapsing,46,M,Port Amandaborough,Mid,102,Gold
C100864,169.0,4.0,1755.5,3,"Champions (high-value, engaged)",28,M,Summersfort,Mid,174,Green
C100865,9.0,5.0,2991.16,3,"Champions (high-value, engaged)",32,F,Marcusport,Mid,139,Gold
C100866,291.0,1.0,558.38,2,At-Risk / Lapsing,36,M,Amyberg,Low,8,Green
C100867,560.0,0.0,0.0,1,Low-Engagement / New,46,F,Kramerton,Low,97,Gold
C100868,280.0,2.0,1476.5900000000001,2,At-Risk / Lapsing,35,F,North Conniemouth,High,117,Gold
C100869,73.0,4.0,11591.369999999999,3,"Champions (high-value, engaged)",21,F,North Sarahburgh,Affluent,64,Green
C100870,147.0,1.0,2042.67,0,Steady Redeemers,35,F,Bryantchester,Mid,21,Platinum
C100871,92.0,2.0,1633.5099999999998,0,Steady Redeemers,46,M,Lake Regina,Mid,115,Gold
C100872,1.0,4.0,3516.27,3,"Champions (high-value, engaged)",52,F,Erikview,Mid,85,Platinum
C100873,90.0,6.0,5000.34,3,"Champions (high-value, engaged)",41,M,Lake Michaelland,Mid,20,Green
C100874,145.0,3.0,2851.94,0,Steady Redeemers,21,M,Elizabethburgh,Low,8,Platinum
C100875,121.0,2.0,1582.1000000000001,0,Steady Redeemers,33,M,South Conniebury,Low,58,Green
C100876,195.0,3.0,2437.75,0,Steady Redeemers,43,M,Riosville,High,46,Gold
C100877,102.0,6.0,13567.63,3,"Champions (high-value, engaged)",47,F,East Thomasberg,High,31,Platinum
C100878,124.0,4.0,2342.72,3,"Champions (high-value, engaged)",43,F,New Erin,Low,93,Green
C100879,42.0,2.0,991.3800000000001,0,Steady Redeemers,35,M,North Heatherville,Mid,9,Green
C100880,134.0,6.0,7839.46,3,"Champions (high-value, engaged)",47,M,Bensonfort,Mid,15,Platinum
C100881,-1.0,4.0,13005.36,3,"Champions (high-value, engaged)",30,M,East Patrickville,High,94,Gold
C100882,5.0,8.0,8270.76,3,"Champions (high-value, engaged)",40,F,West Michaelport,Low,154,Gold
C100883,464.0,1.0,294.93,2,At-Risk / Lapsing,46,F,South Kiara,Low,138,Green
C100884,51.0,5.0,15208.95,3,"Champions (high-value, engaged)",44,M,Lake Victoria,High,29,Gold
C100885,102.0,2.0,1582.09,0,Steady Redeemers,44,M,North Alyssa,Low,80,Green
C100886,181.0,4.0,6459.87,3,"Champions (high-value, engaged)",44,M,New Debramouth,High,36,Platinum
C100887,42.0,4.0,2986.75,3,"Champions (high-value, engaged)",26,M,Jenniferberg,Mid,84,Gold
C100888,560.0,0.0,0.0,1,Low-Engagement / New,38,F,Jensenmouth,Low,109,Gold
C100889,182.0,1.0,4032.77,0,Steady Redeemers,27,M,North Peggy,Mid,118,Green
C100890,461.0,1.0,10937.96,2,At-Risk / Lapsing,34,M,Port David,High,37,Platinum
C100891,386.0,2.0,6533.780000000001,2,At-Risk / Lapsing,25,M,Bellchester,High,86,Gold
C100892,428.0,3.0,6675.98,2,At-Risk / Lapsing,41,F,Kyliebury,High,71,Platinum
C100893,560.0,0.0,0.0,1,Low-Engagement / New,21,M,Deannabury,Mid,151,Green
C100894,560.0,0.0,0.0,1,Low-Engagement / New,44,F,Kimberlytown,High,169,Platinum
C100895,345.0,2.0,1025.42,2,At-Risk / Lapsing,38,F,Jamiehaven,Mid,93,Gold
C100896,41.0,2.0,1504.87,0,Steady Redeemers,58,F,Lake Peter,Mid,80,Green
C100897,26.0,2.0,1395.15,0,Steady Redeemers,35,M,Port Rachaelbury,High,102,Gold
C100898,16.0,6.0,6455.11,3,"Champions (high-value, engaged)",35,M,Cruzbury,Low,156,Green
C100899,560.0,0.0,0.0,1,Low-Engagement / New,45,M,Littleland,Low,176,Green
C100900,117.0,1.0,1663.01,0,Steady Redeemers,36,M,West Sarahberg,Mid,166,Green
C100901,56.0,4.0,2787.42,3,"Champions (high-value, engaged)",41,M,Valenciashire,Low,159,Gold
C100902,189.0,4.0,1311.71,0,Steady Redeemers,48,M,Diazburgh,Low,14,Gold
C100903,2.0,6.0,3581.24,3,"Champions (high-value, engaged)",35,M,Bestland,Mid,117,Gold
C100904,20.0,3.0,2612.73,0,Steady Redeemers,51,M,New Carlosview,Mid,73,Green
C100905,85.0,7.0,23238.09,3,"Champions (high-value, engaged)",21,F,North Sandra,High,91,Platinum
C100906,112.0,2.0,1796.68,0,Steady Redeemers,55,M,Hunterhaven,High,90,Platinum
C100907,127.0,4.0,3601.88,3,"Champions (high-value, engaged)",21,M,Hendersonfurt,Mid,29,Green
C100908,45.0,5.0,8052.399999999999,3,"Champions (high-value, engaged)",52,M,Lake Amandaberg,Mid,179,Green
C100909,223.0,3.0,2902.4,0,Steady Redeemers,21,F,Christopherland,Mid,49,Gold
C100910,9.0,4.0,9105.7,3,"Champions (high-value, engaged)",59,F,Port Eric,Mid,171,Gold
C100911,90.0,2.0,931.26,0,Steady Redeemers,39,M,Peterland,Mid,72,Gold
C100912,8.0,5.0,8565.55,3,"Champions (high-value, engaged)",27,F,Hollybury,Mid,133,Gold
C100913,70.0,6.0,14594.3,3,"Champions (high-value, engaged)",58,M,East Christopherchester,Mid,42,Green
C100914,321.0,3.0,1285.5,2,At-Risk / Lapsing,26,F,South Cherylton,Mid,135,Platinum
C100915,404.0,1.0,1717.82,2,At-Risk / Lapsing,35,F,Elizabethburgh,Mid,42,Gold
C100916,50.0,2.0,1789.1799999999998,0,Steady Redeemers,66,F,North Jeantown,Mid,164,Green
C100917,17.0,3.0,4817.24,0,Steady Redeemers,42,F,South Stephanie,Affluent,105,Green
C100918,44.0,4.0,4733.28,3,"Champions (high-value, engaged)",21,M,Garyberg,High,27,Gold
C100919,30.0,2.0,4242.030000000001,0,Steady Redeemers,34,M,Jessicaville,Low,58,Gold
C100920,52.0,5.0,17114.06,3,"Champions (high-value, engaged)",34,M,West Lindsayview,High,46,Gold
C100921,51.0,8.0,7683.59,3,"Champions (high-value, engaged)",40,F,West Jennifershire,Mid,66,Centurion
C100922,105.0,9.0,10449.74,3,"Champions (high-value, engaged)",37,M,South Spencerstad,High,25,Green
C100923,6.0,5.0,8418.67,3,"Champions (high-value, engaged)",44,M,South Micheleburgh,High,73,Centurion
C100924,22.0,4.0,5322.74,3,"Champions (high-value, engaged)",21,M,Ericville,Mid,117,Gold
C100925,-13.0,3.0,2306.25,0,Steady Redeemers,31,M,East Joycetown,Low,155,Gold
C100926,-9.0,5.0,11493.05,3,"Champions (high-value, engaged)",41,F,Port Michellebury,Mid,129,Platinum
C100927,161.0,2.0,1693.3500000000001,0,Steady Redeemers,29,M,South Michaelberg,Mid,87,Gold
C100928,179.0,3.0,2833.71,0,Steady Redeemers,50,M,Port Austin,Mid,74,Green
C100929,152.0,3.0,1892.09,0,Steady Redeemers,29,M,Walkerbury,Mid,170,Platinum
C100930,22.0,7.0,6980.25,3,"Champions (high-value, engaged)",39,F,Moonmouth,Low,180,Gold
C100931,103.0,4.0,11815.380000000001,3,"Champions (high-value, engaged)",36,M,Margaretshire,High,153,Gold
C100932,560.0,0.0,0.0,1,Low-Engagement / New,26,M,Davidton,Affluent,125,Platinum
C100933,48.0,1.0,1987.88,0,Steady Redeemers,38,F,East Linda,Mid,67,Gold
C100934,560.0,0.0,0.0,1,Low-Engagement / New,23,M,South Caseymouth,Low,6,Gold
C100935,560.0,0.0,0.0,1,Low-Engagement / New,33,M,Kiaraport,Mid,125,Gold
C100936,488.0,4.0,2784.7599999999998,2,At-Risk / Lapsing,38,F,Christophermouth,Low,58,Gold
C100937,100.0,3.0,5782.26,0,Steady Redeemers,22,M,West Jamesshire,Affluent,70,Green
C100938,560.0,0.0,0.0,1,Low-Engagement / New,44,M,Jodibury,Low,53,Platinum
C100939,560.0,0.0,0.0,1,Low-Engagement / New,40,F,Richardsonfort,Mid,66,Green
C100940,103.0,4.0,5502.31,3,"Champions (high-value, engaged)",43,M,Lake Rachel,Mid,58,Gold
C100941,560.0,0.0,0.0,1,Low-Engagement / New,38,M,East Adam,Mid,82,Platinum
C100942,81.0,4.0,6996.8099999999995,3,"Champions (high-value, engaged)",25,F,Johnsonside,High,87,Green
C100943,145.0,1.0,1412.27,0,Steady Redeemers,37,F,Cynthiatown,High,2,Green
C100944,41.0,6.0,7251.2,3,"Champions (high-value, engaged)",44,F,Aaronfurt,Mid,150,Green
C100945,47.0,4.0,2855.17,3,"Champions (high-value, engaged)",24,M,Daltonhaven,Low,37,Gold
C100946,165.0,3.0,1942.69,0,Steady Redeemers,25,M,South Travis,Low,148,Platinum
C100947,-6.0,3.0,3669.1800000000003,0,Steady Redeemers,35,F,East Jenniferland,Affluent,103,Gold
C100948,72.0,6.0,10495.63,3,"Champions (high-value, engaged)",33,M,East Phyllishaven,High,24,Green
C100949,148.0,4.0,3835.81,3,"Champions (high-value, engaged)",37,M,Haynesstad,Mid,112,Gold
C100950,24.0,4.0,2643.66,3,"Champions (high-value, engaged)",34,F,Villegasland,Mid,65,Gold
C100951,46.0,6.0,8663.24,3,"Champions (high-value, engaged)",39,M,New Dennisfurt,High,129,Green
C100952,107.0,1.0,332.83,0,Steady Redeemers,51,M,New Ashleychester,Low,117,Gold
C100953,178.0,1.0,2902.66,0,Steady Redeemers,43,M,East Kelly,Affluent,116,Green
C100954,72.0,6.0,7809.51,3,"Champions (high-value, engaged)",38,F,Sarafurt,Mid,105,Platinum
C100955,140.0,2.0,1923.89,0,Steady Redeemers,25,M,Louisview,Mid,3,Green
C100956,36.0,4.0,8838.91,3,"Champions (high-value, engaged)",30,M,North Sherry,Mid,46,Green
C100957,108.0,4.0,3433.54,3,"Champions (high-value, engaged)",47,M,Port Kayla,Low,55,Platinum
C100958,121.0,6.0,3333.8,3,"Champions (high-value, engaged)",32,F,East Danielmouth,Low,75,Gold
C100959,-6.0,4.0,4543.36,3,"Champions (high-value, engaged)",27,M,Edwardsville,High,45,Green
C100960,560.0,0.0,0.0,1,Low-Engagement / New,61,M,Tamiborough,Low,154,Platinum
C100961,2.0,4.0,2873.44,3,"Champions (high-value, engaged)",54,F,Parkerview,Mid,77,Gold
C100962,6.0,1.0,2175.01,0,Steady Redeemers,36,M,North Ericport,Mid,24,Green
C100963,58.0,3.0,4613.25,0,Steady Redeemers,26,M,East Marymouth,Mid,35,Gold
C100964,14.0,3.0,2098.7200000000003,0,Steady Redeemers,45,F,North Jennifer,Mid,24,Platinum
C100965,132.0,3.0,1568.1999999999998,0,Steady Redeemers,32,F,Randyton,Mid,28,Gold
C100966,-2.0,2.0,4792.0,0,Steady Redeemers,47,M,Jorgeburgh,High,16,Green
C100967,560.0,0.0,0.0,1,Low-Engagement / New,32,F,South Melissaside,Mid,59,Gold
C100968,24.0,6.0,7831.37,3,"Champions (high-value, engaged)",56,M,North Steven,Mid,144,Gold
C100969,49.0,7.0,7197.820000000001,3,"Champions (high-value, engaged)",32,F,North Alexander,Mid,15,Platinum
C100970,-3.0,3.0,3743.0800000000004,0,Steady Redeemers,64,F,East James,High,11,Green
C100971,190.0,2.0,2761.33,0,Steady Redeemers,40,F,Watsonland,Affluent,79,Gold
C100972,176.0,3.0,3270.05,0,Steady Redeemers,53,M,Samanthaland,High,115,Green
C100973,140.0,1.0,508.39,0,Steady Redeemers,32,M,North Jamesmouth,Mid,68,Gold
C100974,310.0,4.0,3498.14,2,At-Risk / Lapsing,23,F,North Rebecca,Low,43,Centurion
C100975,33.0,2.0,2948.61,0,Steady Redeemers,21,F,Davidmouth,Mid,69,Green
C100976,316.0,3.0,3555.16,2,At-Risk / Lapsing,52,F,East Sandrachester,Mid,141,Green
C100977,161.0,1.0,399.66,0,Steady Redeemers,38,M,Crawfordfurt,Low,138,Gold
C100978,124.0,4.0,2606.66,3,"Champions (high-value, engaged)",24,M,Thompsonborough,Mid,75,Gold
C100979,159.0,2.0,1551.54,0,Steady Redeemers,52,F,West Joshua,Mid,103,Green
C100980,47.0,2.0,1959.23,0,Steady Redeemers,50,F,North Christina,Mid,41,Gold
C100981,167.0,7.0,19236.21,3,"Champions (high-value, engaged)",53,M,Lake Kenneth,High,178,Platinum
C100982,176.0,3.0,4857.29,0,Steady Redeemers,23,F,Andradefort,Low,59,Gold
C100983,69.0,6.0,5819.1,3,"Champions (high-value, engaged)",51,F,North Joshuaberg,Low,39,Gold
C100984,56.0,2.0,3159.04,0,Steady Redeemers,42,M,Gonzalezhaven,High,3,Green
C100985,78.0,7.0,9726.68,3,"Champions (high-value, engaged)",53,F,Lake Virginia,Mid,7,Platinum
C100986,50.0,6.0,6230.639999999999,3,"Champions (high-value, engaged)",43,M,South Kimberlystad,High,49,Green
C100987,26.0,4.0,5630.83,3,"Champions (high-value, engaged)",39,F,Stephensfort,Mid,26,Green
C100988,213.0,8.0,7474.42,3,"Champions (high-value, engaged)",51,F,Robertahaven,Mid,161,Green
C100989,121.0,5.0,9252.65,3,"Champions (high-value, engaged)",47,M,Paulburgh,High,101,Gold
C100990,517.0,1.0,804.44,2,At-Risk / Lapsing,49,F,West Carlatown,High,176,Platinum
C100991,334.0,1.0,6728.97,2,At-Risk / Lapsing,32,F,Brianfort,High,79,Green
C100992,77.0,5.0,4190.13,3,"Champions (high-value, engaged)",36,F,Katiebury,Mid,2,Platinum
C100993,-15.0,6.0,6354.389999999999,3,"Champions (high-value, engaged)",21,M,North John,Mid,127,Platinum
C100994,332.0,5.0,2003.24,2,At-Risk / Lapsing,31,M,West Amanda,Mid,160,Gold
C100995,49.0,2.0,2173.92,0,Steady Redeemers,46,F,Port Wendybury,Low,132,Platinum
C100996,32.0,4.0,6793.1,3,"Champions (high-value, engaged)",44,M,Kellyburgh,Affluent,20,Green
C100997,124.0,3.0,1008.73,0,Steady Redeemers,27,M,East Brittany,Low,117,Green
C100998,468.0,1.0,2789.22,2,At-Risk / Lapsing,52,M,Robintown,Affluent,164,Platinum
C100999,452.0,1.0,730.65,2,At-Risk / Lapsing,70,M,Staceyshire,Mid,32,Gold
C101000,193.0,2.0,1380.31,0,Steady Redeemers,28,F,New Stacy,Low,28,Green
C101001,98.0,1.0,428.86,0,Steady Redeemers,35,F,Weaverburgh,Mid,77,Gold
C101002,166.0,2.0,18161.93,0,Steady Redeemers,31,F,Johnsonton,High,1,Platinum
C101003,250.0,2.0,2009.77,2,At-Risk / Lapsing,36,F,New Jeffery,High,56,Gold
C101004,21.0,3.0,3100.27,0,Steady Redeemers,41,F,Smithborough,High,35,Green
C101005,217.0,2.0,3852.6,0,Steady Redeemers,30,M,West Jennifer,High,112,Gold
C101006,175.0,2.0,5325.46,0,Steady Redeemers,34,F,Brianberg,High,30,Platinum
C101007,143.0,2.0,7263.6900000000005,0,Steady Redeemers,38,M,Port Daniel,High,54,Green
C101008,414.0,1.0,1029.58,2,At-Risk / Lapsing,43,F,Susanstad,Mid,36,Green
C101009,182.0,1.0,382.67,0,Steady Redeemers,54,M,Willismouth,Mid,80,Gold
C101010,163.0,2.0,3200.98,0,Steady Redeemers,37,M,Marcusburgh,Mid,58,Gold
C101011,425.0,1.0,1440.95,2,At-Risk / Lapsing,31,M,Connerfort,Affluent,83,Green
C101012,53.0,5.0,10996.01,3,"Champions (high-value, engaged)",45,M,Grantside,Affluent,65,Green
C101013,560.0,0.0,0.0,1,Low-Engagement / New,42,M,Jeffreyshire,Low,69,Green
C101014,75.0,3.0,7473.75,0,Steady Redeemers,35,M,South Kurt,High,128,Green
C101015,26.0,2.0,6161.83,0,Steady Redeemers,43,M,Davidtown,Affluent,51,Green
C101016,34.0,5.0,4347.59,3,"Champions (high-value, engaged)",33,M,Rosalesshire,Low,22,Gold
C101017,446.0,1.0,4312.13,2,At-Risk / Lapsing,32,M,East Carriebury,Mid,107,Gold
C101018,86.0,3.0,7177.93,0,Steady Redeemers,21,M,South Donaldland,Affluent,109,Gold
C101019,357.0,2.0,2040.7399999999998,2,At-Risk / Lapsing,34,F,West Toni,Low,116,Gold
C101020,494.0,2.0,2970.39,2,At-Risk / Lapsing,21,F,Lake Nicole,High,101,Green
C101021,145.0,3.0,2922.77,0,Steady Redeemers,30,F,Port Jennamouth,Mid,100,Gold
C101022,-5.0,3.0,11674.4,3,"Champions (high-value, engaged)",44,F,Smithborough,Affluent,164,Green
C101023,106.0,8.0,25764.52,3,"Champions (high-value, engaged)",21,F,Lake Carlos,Affluent,68,Green
C101024,560.0,0.0,0.0,1,Low-Engagement / New,35,F,Kristintown,Affluent,36,Green
C101025,161.0,3.0,3759.58,0,Steady Redeemers,38,M,South Samuelchester,Mid,180,Centurion
C101026,44.0,3.0,3113.17,0,Steady Redeemers,35,F,South Trevor,High,178,Green
C101027,-7.0,4.0,6168.6,3,"Champions (high-value, engaged)",32,M,Bellfurt,High,169,Platinum
C101028,171.0,2.0,2299.82,0,Steady Redeemers,41,F,Port Timothyshire,Mid,146,Green
C101029,560.0,0.0,0.0,1,Low-Engagement / New,43,F,East Shannon,High,22,Gold
C101030,9.0,6.0,9330.41,3,"Champions (high-value, engaged)",38,F,West Andrewview,Low,66,Platinum
C101031,237.0,1.0,321.54,2,At-Risk / Lapsing,33,M,North Matthewfurt,Mid,21,Green
C101032,10.0,4.0,3637.75,3,"Champions (high-value, engaged)",47,F,Lake Charles,Mid,100,Green
C101033,57.0,4.0,5483.85,3,"Champions (high-value, engaged)",23,F,West Brookefort,Low,128,Centurion
C101034,44.0,3.0,1100.82,0,Steady Redeemers,45,M,South Sherriburgh,Low,44,Gold
C101035,144.0,1.0,2981.79,0,Steady Redeemers,42,F,Mooreville,High,103,Green
C101036,166.0,2.0,1302.71,0,Steady Redeemers,40,M,Jamieborough,Mid,47,Green
C101037,560.0,0.0,0.0,1,Low-Engagement / New,37,M,Terryside,High,39,Platinum
C101038,560.0,0.0,0.0,1,Low-Engagement / New,21,M,Donnaport,Low,29,Platinum
C101039,258.0,1.0,1161.16,2,At-Risk / Lapsing,53,F,North Brandon,Mid,54,Gold
C101040,119.0,4.0,2298.99,3,"Champions (high-value, engaged)",47,M,Hernandezstad,Mid,90,Green
C101041,382.0,2.0,3032.72,2,At-Risk / Lapsing,27,M,South Christopherfort,High,85,Platinum
C101042,264.0,1.0,2049.42,2,At-Risk / Lapsing,46,M,North Anthony,Mid,17,Green
C101043,210.0,2.0,1219.43,0,Steady Redeemers,40,M,Lake Kelly,Mid,80,Gold
C101044,106.0,3.0,2447.12,0,Steady Redeemers,31,M,South Meganport,High,159,Gold
C101045,143.0,2.0,862.3299999999999,0,Steady Redeemers,51,M,Ruizview,Mid,73,Green
C101046,56.0,3.0,4022.16,0,Steady Redeemers,33,M,Lake Amyburgh,Mid,49,Gold
C101047,38.0,1.0,324.08,0,Steady Redeemers,52,M,Nicolestad,Low,101,Platinum
C101048,53.0,3.0,3167.63,0,Steady Redeemers,43,M,South Bradley,High,2,Platinum
C101049,203.0,2.0,459.02,0,Steady Redeemers,48,F,Marshallbury,Low,176,Green
C101050,129.0,5.0,9138.32,3,"Champions (high-value, engaged)",44,F,Anneberg,High,142,Green
C101051,139.0,4.0,3128.4900000000002,3,"Champions (high-value, engaged)",43,M,North Elizabethside,Mid,59,Green
C101052,53.0,3.0,5693.2,0,Steady Redeemers,40,M,Arellanoshire,Affluent,97,Green
C101053,4.0,6.0,6936.85,3,"Champions (high-value, engaged)",30,F,New Bruce,High,99,Gold
C101054,58.0,4.0,5074.030000000001,3,"Champions (high-value, engaged)",38,M,Cardenaschester,Affluent,103,Gold
C101055,353.0,3.0,2832.35,2,At-Risk / Lapsing,48,F,Armstrongbury,Mid,179,Green
C101056,92.0,3.0,7089.13,0,Steady Redeemers,45,M,Evansfurt,High,2,Green
C101057,389.0,4.0,2303.45,2,At-Risk / Lapsing,43,M,New Ashleyhaven,Mid,41,Green
C101058,300.0,3.0,2414.27,2,At-Risk / Lapsing,21,F,North Stacy,Mid,123,Gold
C101059,183.0,3.0,3811.91,0,Steady Redeemers,35,F,Thompsonburgh,Mid,82,Gold
C101060,91.0,4.0,5765.450000000001,3,"Champions (high-value, engaged)",34,M,Port James,High,144,Gold
C101061,45.0,8.0,21730.86,3,"Champions (high-value, engaged)",25,M,South Christianchester,Affluent,132,Gold
C101062,100.0,5.0,15262.89,3,"Champions (high-value, engaged)",47,F,Port Courtney,High,140,Gold
C101063,136.0,3.0,3463.0,0,Steady Redeemers,21,M,Luisland,Mid,29,Gold
C101064,92.0,4.0,6504.110000000001,3,"Champions (high-value, engaged)",47,F,South Angelaside,Mid,135,Green
C101065,40.0,4.0,4766.9,3,"Champions (high-value, engaged)",52,M,Melissahaven,High,14,Gold
C101066,198.0,3.0,2183.8900000000003,0,Steady Redeemers,35,M,Starktown,Mid,12,Green
C101067,94.0,4.0,3900.56,3,"Champions (high-value, engaged)",37,M,Rodriguezberg,Low,99,Green
C101068,20.0,2.0,3302.1499999999996,0,Steady Redeemers,48,F,New Brianna,Mid,133,Centurion
C101069,26.0,1.0,2865.47,0,Steady Redeemers,29,M,North Annaville,Mid,81,Green
C101070,50.0,1.0,10082.84,0,Steady Redeemers,45,M,Mikaylastad,Mid,106,Gold
C101071,170.0,3.0,3638.4300000000003,0,Steady Redeemers,27,M,Bakerfort,Mid,32,Gold
C101072,103.0,2.0,1835.6999999999998,0,Steady Redeemers,24,F,Johnsonview,Low,74,Green
C101073,100.0,4.0,3542.5200000000004,3,"Champions (high-value, engaged)",41,F,Thomasfurt,Low,171,Green
C101074,39.0,9.0,20565.54,3,"Champions (high-value, engaged)",37,F,South Pamelamouth,Affluent,81,Gold
C101075,15.0,2.0,725.41,0,Steady Redeemers,21,F,North Julie,Mid,69,Green
C101076,560.0,0.0,0.0,1,Low-Engagement / New,53,M,Pennytown,Mid,45,Green
C101077,-12.0,2.0,1103.25,0,Steady Redeemers,33,F,Lisaport,High,106,Centurion
C101078,130.0,5.0,4005.14,3,"Champions (high-value, engaged)",43,M,Juanfort,Mid,137,Gold
C101079,44.0,2.0,6249.1900000000005,0,Steady Redeemers,55,M,Port Jeremyport,Affluent,177,Green
C101080,236.0,2.0,1562.32,2,At-Risk / Lapsing,40,M,Schroedermouth,High,161,Green
C101081,442.0,1.0,2542.98,2,At-Risk / Lapsing,52,F,Jessicaland,Low,100,Gold
C101082,3.0,5.0,4012.1000000000004,3,"Champions (high-value, engaged)",28,F,South Jason,Mid,146,Green
C101083,488.0,1.0,657.25,2,At-Risk / Lapsing,53,F,Figueroahaven,High,9,Green
C101084,189.0,1.0,5168.3,0,Steady Redeemers,28,F,Lorihaven,Affluent,62,Gold
C101085,31.0,4.0,4154.58,3,"Champions (high-value, engaged)",31,F,North Larry,Mid,29,Green
C101086,17.0,4.0,1872.58,3,"Champions (high-value, engaged)",21,F,Taylorhaven,Mid,125,Gold
C101087,341.0,4.0,2190.87,2,At-Risk / Lapsing,40,M,East Jamesborough,Low,114,Gold
C101088,86.0,3.0,7986.909999999999,0,Steady Redeemers,44,F,East Antonioton,Affluent,153,Green
C101089,541.0,1.0,794.67,2,At-Risk / Lapsing,46,F,Janetview,Mid,143,Green
C101090,59.0,1.0,1249.43,0,Steady Redeemers,22,F,Madisonhaven,Affluent,134,Gold
C101091,31.0,3.0,6240.25,0,Steady Redeemers,42,M,Reidville,Mid,120,Gold
C101092,60.0,4.0,2301.1,3,"Champions (high-value, engaged)",42,M,East Nathanmouth,Mid,170,Green
C101093,-13.0,5.0,5680.5599999999995,3,"Champions (high-value, engaged)",44,M,Port Thomas,Mid,157,Green
C101094,131.0,8.0,5901.93,3,"Champions (high-value, engaged)",29,M,Maxview,Mid,79,Centurion
C101095,106.0,2.0,3611.54,0,Steady Redeemers,21,M,West Anthonyton,Low,93,Green
C101096,118.0,2.0,2061.07,0,Steady Redeemers,45,F,Port Ashley,Mid,4,Centurion
C101097,252.0,4.0,2703.62,3,"Champions (high-value, engaged)",36,F,Port Jeffrey,Low,82,Green
C101098,31.0,2.0,3496.6499999999996,0,Steady Redeemers,41,F,Lake Jamie,High,177,Green
C101099,16.0,8.0,5108.889999999999,3,"Champions (high-value, engaged)",36,M,Palmertown,Mid,172,Gold
C101100,0.0,5.0,6161.080000000001,3,"Champions (high-value, engaged)",40,M,Buckburgh,Low,75,Green
C101101,152.0,3.0,14027.5,3,"Champions (high-value, engaged)",46,M,East Johnnyport,Affluent,14,Green
C101102,258.0,2.0,2551.29,2,At-Risk / Lapsing,21,M,Rodneyfurt,High,131,Green
C101103,68.0,2.0,10916.24,0,Steady Redeemers,50,M,Stephenborough,Affluent,114,Centurion
C101104,9.0,6.0,13415.880000000001,3,"Champions (high-value, engaged)",35,M,Turnerhaven,Affluent,62,Green
C101105,193.0,2.0,6457.089999999999,0,Steady Redeemers,55,F,Silvatown,Low,106,Gold
C101106,-7.0,2.0,1096.24,0,Steady Redeemers,32,M,Annaport,Mid,64,Gold
C101107,151.0,5.0,7038.46,3,"Champions (high-value, engaged)",30,F,Gabriellefort,High,102,Gold
C101108,8.0,4.0,3570.0,3,"Champions (high-value, engaged)",36,F,West Vanessamouth,High,173,Gold
C101109,11.0,3.0,3198.28,0,Steady Redeemers,43,F,Joseport,Low,106,Green
C101110,53.0,2.0,3229.82,0,Steady Redeemers,34,F,East Zachary,High,20,Green
C101111,560.0,0.0,0.0,1,Low-Engagement / New,44,F,North Linda,Mid,58,Green
C101112,12.0,6.0,4425.74,3,"Champions (high-value, engaged)",33,F,Guerreroberg,Mid,112,Green
C101113,306.0,6.0,7503.03,3,"Champions (high-value, engaged)",38,F,Lake Tylerport,Mid,57,Green
C101114,145.0,7.0,6346.51,3,"Champions (high-value, engaged)",62,M,Rebeccafurt,Mid,119,Green
C101115,334.0,1.0,1010.48,2,At-Risk / Lapsing,41,M,Doyleshire,Mid,97,Platinum
C101116,61.0,3.0,1221.07,0,Steady Redeemers,42,F,West Jessica,Low,92,Platinum
C101117,-23.0,4.0,7655.04,3,"Champions (high-value, engaged)",21,M,Lake Amanda,High,52,Green
C101118,39.0,4.0,5399.99,3,"Champions (high-value, engaged)",52,F,Knoxstad,Mid,37,Green
C101119,16.0,4.0,2322.5,3,"Champions (high-value, engaged)",49,F,Meganside,Low,8,Green
C101120,36.0,2.0,3671.37,0,Steady Redeemers,30,M,West Connor,High,44,Green
C101121,8.0,11.0,24606.82,3,"Champions (high-value, engaged)",49,M,Lake Jonathan,Affluent,98,Green
C101122,51.0,2.0,3446.04,0,Steady Redeemers,41,F,Lake Rachel,High,133,Platinum
C101123,280.0,3.0,5341.33,2,At-Risk / Lapsing,38,F,East Michaelport,High,118,Green
C101124,135.0,6.0,9928.72,3,"Champions (high-value, engaged)",52,F,Frenchmouth,High,69,Green
C101125,106.0,4.0,3137.3500000000004,3,"Champions (high-value, engaged)",32,F,Jorgeport,Mid,159,Green
C101126,280.0,3.0,1850.41,2,At-Risk / Lapsing,30,F,Yorkfort,Low,45,Centurion
C101127,450.0,1.0,2140.15,2,At-Risk / Lapsing,40,F,Port Cynthiashire,Mid,137,Platinum
C101128,51.0,2.0,3338.89,0,Steady Redeemers,43,M,South Pamelahaven,Mid,32,Gold
C101129,115.0,5.0,5456.24,3,"Champions (high-value, engaged)",48,M,Port Erinhaven,Mid,33,Gold
C101130,316.0,2.0,6741.15,2,At-Risk / Lapsing,36,M,Robertberg,High,126,Green
C101131,1.0,4.0,2668.93,3,"Champions (high-value, engaged)",28,M,East Matthew,Mid,67,Green
C101132,112.0,2.0,1350.72,0,Steady Redeemers,65,M,Thomasburgh,Low,30,Gold
C101133,146.0,3.0,3170.32,0,Steady Redeemers,26,F,South Marvinburgh,Mid,114,Platinum
C101134,306.0,1.0,779.39,2,At-Risk / Lapsing,38,F,Cynthiatown,High,29,Green
C101135,-10.0,2.0,913.25,0,Steady Redeemers,46,F,Hillburgh,Low,131,Green
C101136,472.0,1.0,2833.3,2,At-Risk / Lapsing,50,F,South Kristen,High,30,Gold
C101137,197.0,1.0,490.17,2,At-Risk / Lapsing,31,M,East Christinachester,Mid,137,Green
C101138,27.0,3.0,2888.75,0,Steady Redeemers,21,M,Pattersonfort,Mid,154,Gold
C101139,194.0,6.0,8272.24,3,"Champions (high-value, engaged)",31,F,Smithside,Mid,130,Green
C101140,67.0,3.0,8193.17,0,Steady Redeemers,47,M,Lake Nathan,High,62,Green
C101141,34.0,1.0,647.13,0,Steady Redeemers,45,F,West Katherinehaven,Mid,3,Gold
C101142,269.0,1.0,1552.6,2,At-Risk / Lapsing,45,M,North Erica,High,174,Platinum
C101143,68.0,3.0,3642.88,0,Steady Redeemers,45,M,East Heather,Mid,68,Green
C101144,36.0,6.0,17912.420000000002,3,"Champions (high-value, engaged)",52,M,Larryville,Mid,25,Green
C101145,75.0,2.0,3347.73,0,Steady Redeemers,29,F,Gordonport,High,179,Green
C101146,560.0,0.0,0.0,1,Low-Engagement / New,24,F,North Madison,High,141,Gold
C101147,128.0,6.0,8639.15,3,"Champions (high-value, engaged)",42,F,Stacymouth,High,44,Platinum
C101148,7.0,5.0,8518.63,3,"Champions (high-value, engaged)",26,F,Ryanberg,High,163,Green
C101149,86.0,5.0,5883.58,3,"Champions (high-value, engaged)",24,F,Wendyfort,High,55,Green
C101150,42.0,3.0,6242.73,0,Steady Redeemers,51,F,Karenburgh,High,137,Centurion
C101151,247.0,2.0,2130.21,2,At-Risk / Lapsing,40,F,Smithbury,High,130,Gold
C101152,560.0,0.0,0.0,1,Low-Engagement / New,38,M,East Jessica,High,41,Gold
C101153,338.0,2.0,2222.4,2,At-Risk / Lapsing,38,F,North Michael,High,172,Green
C101154,-14.0,2.0,821.26,0,Steady Redeemers,36,F,South Nancyview,Mid,64,Green
C101155,381.0,1.0,496.3,2,At-Risk / Lapsing,51,M,New Virginiaville,High,31,Gold
C101156,256.0,2.0,4687.700000000001,2,At-Risk / Lapsing,21,M,North Hannahchester,Low,47,Gold
C101157,-23.0,4.0,5911.860000000001,3,"Champions (high-value, engaged)",21,M,Jamesside,High,130,Gold
C101158,290.0,5.0,5402.11,3,"Champions (high-value, engaged)",27,M,Thomasberg,High,96,Green
C101159,173.0,4.0,2345.46,3,"Champions (high-value, engaged)",41,F,Lake Gina,Low,77,Gold
C101160,95.0,4.0,3778.09,3,"Champions (high-value, engaged)",57,F,West Robertville,High,110,Platinum
C101161,98.0,4.0,1109.01,0,Steady Redeemers,47,F,Cindyberg,Low,69,Platinum
C101162,210.0,2.0,1803.6599999999999,0,Steady Redeemers,44,F,Rivasville,Mid,58,Green
C101163,111.0,4.0,4544.26,3,"Champions (high-value, engaged)",37,F,West Danielville,High,106,Gold
C101164,233.0,3.0,3118.4700000000003,0,Steady Redeemers,23,M,Gonzalezborough,Low,44,Gold
C101165,433.0,1.0,6624.11,2,At-Risk / Lapsing,43,F,Marieborough,High,74,Platinum
C101166,37.0,1.0,741.09,0,Steady Redeemers,60,F,Jadeport,High,56,Platinum
C101167,2.0,4.0,2043.13,3,"Champions (high-value, engaged)",35,F,North Amy,Mid,171,Centurion
C101168,63.0,3.0,1086.77,0,Steady Redeemers,31,F,Lake Sarah,Low,127,Centurion
C101169,447.0,1.0,3914.0,2,At-Risk / Lapsing,35,F,Jimmytown,Mid,162,Green
C101170,219.0,4.0,5077.79,3,"Champions (high-value, engaged)",44,M,North Maryfort,Mid,30,Gold
C101171,48.0,3.0,4439.65,0,Steady Redeemers,39,F,North Kimberly,Affluent,71,Gold
C101172,215.0,4.0,4114.0599999999995,3,"Champions (high-value, engaged)",48,F,Lake Jenniferview,Mid,118,Green
C101173,265.0,4.0,5226.6,3,"Champions (high-value, engaged)",37,F,South Vanessa,Mid,55,Green
C101174,19.0,8.0,5977.84,3,"Champions (high-value, engaged)",35,M,Josephton,Mid,67,Green
C101175,74.0,4.0,6007.15,3,"Champions (high-value, engaged)",40,M,Port Greggton,Mid,141,Platinum
C101176,241.0,3.0,12812.55,0,Steady Redeemers,32,M,Michaelmouth,High,3,Green
C101177,-3.0,6.0,4460.31,3,"Champions (high-value, engaged)",57,F,Rodgersville,Low,26,Platinum
C101178,560.0,0.0,0.0,1,Low-Engagement / New,47,M,North Melissaburgh,High,57,Gold
C101179,6.0,1.0,511.0,0,Steady Redeemers,25,F,Michaelmouth,Mid,126,Gold
C101180,529.0,1.0,1159.49,2,At-Risk / Lapsing,29,M,Natalieland,Affluent,152,Green
C101181,141.0,2.0,1735.71,0,Steady Redeemers,44,M,Lisaburgh,Mid,53,Gold
C101182,325.0,2.0,2622.97,2,At-Risk / Lapsing,40,F,South Ricardomouth,Mid,43,Gold
C101183,232.0,2.0,2966.34,0,Steady Redeemers,41,F,Maryfort,Affluent,49,Green
C101184,62.0,5.0,6496.610000000001,3,"Champions (high-value, engaged)",35,F,Banksburgh,Low,42,Platinum
C101185,42.0,3.0,5935.52,0,Steady Redeemers,43,M,East Heatherton,Affluent,11,Gold
C101186,48.0,5.0,5864.85,3,"Champions (high-value, engaged)",36,M,North Robert,High,103,Green
C101187,150.0,4.0,2046.05,3,"Champions (high-value, engaged)",44,M,Phammouth,Low,98,Platinum
C101188,21.0,3.0,2886.2,0,Steady Redeemers,46,M,New Noah,Mid,146,Green
C101189,-1.0,4.0,6288.17,3,"Champions (high-value, engaged)",55,F,Cherylberg,High,85,Gold
C101190,380.0,1.0,282.09,2,At-Risk / Lapsing,32,M,Knappville,Low,100,Gold
C101191,300.0,1.0,1201.98,2,At-Risk / Lapsing,37,F,Alexanderland,Mid,104,Green
C101192,51.0,4.0,3210.39,3,"Champions (high-value, engaged)",24,F,Dianatown,Mid,180,Gold
C101193,49.0,5.0,6018.47,3,"Champions (high-value, engaged)",58,F,Lake Morgan,Mid,46,Gold
C101194,15.0,2.0,1905.83,0,Steady Redeemers,21,F,South Dorothybury,Low,44,Gold
C101195,114.0,3.0,2490.82,0,Steady Redeemers,56,M,Reedfurt,High,22,Green
C101196,397.0,1.0,3800.36,2,At-Risk / Lapsing,39,M,Port Margaret,Affluent,114,Green
C101197,45.0,5.0,21961.02,3,"Champions (high-value, engaged)",42,F,North Dawnburgh,Affluent,125,Green
C101198,251.0,3.0,6513.28,0,Steady Redeemers,36,M,Christianburgh,High,124,Centurion
C101199,330.0,1.0,497.35,2,At-Risk / Lapsing,38,F,Port Travisbury,Low,30,Green
C101200,560.0,0.0,0.0,1,Low-Engagement / New,44,F,Taraton,High,8,Gold
C101201,176.0,3.0,3861.92,0,Steady Redeemers,21,F,New Dawn,Low,98,Platinum
C101202,158.0,3.0,2417.17,0,Steady Redeemers,30,F,Montoyaland,Low,57,Platinum
C101203,15.0,4.0,6823.99,3,"Champions (high-value, engaged)",28,F,Wallaceshire,Mid,111,Platinum
C101204,37.0,2.0,1588.0700000000002,0,Steady Redeemers,42,F,Millerfort,Mid,73,Centurion
C101205,154.0,2.0,3516.0499999999997,0,Steady Redeemers,38,M,Stewartfort,High,115,Green
C101206,167.0,4.0,12903.32,3,"Champions (high-value, engaged)",44,F,North Richardton,High,20,Green
C101207,213.0,4.0,1735.73,0,Steady Redeemers,39,M,Port Christopherport,Mid,25,Green
C101208,98.0,7.0,6538.49,3,"Champions (high-value, engaged)",49,F,Lake Emily,Mid,19,Green
C101209,128.0,6.0,12615.300000000001,3,"Champions (high-value, engaged)",29,F,Michaelton,Affluent,5,Gold
C101210,56.0,4.0,9682.36,3,"Champions (high-value, engaged)",38,M,Port Shawn,Mid,75,Green
C101211,306.0,2.0,4282.39,2,At-Risk / Lapsing,50,M,Moranstad,Mid,128,Gold
C101212,130.0,4.0,3802.89,3,"Champions (high-value, engaged)",48,M,Wilsonbury,Low,72,Green
C101213,506.0,1.0,1139.12,2,At-Risk / Lapsing,21,F,West Michaelport,High,155,Green
C101214,75.0,4.0,11638.900000000001,3,"Champions (high-value, engaged)",26,F,Jacquelineton,High,40,Gold
C101215,98.0,2.0,1235.83,0,Steady Redeemers,37,F,South Donald,Mid,26,Green
C101216,167.0,2.0,888.35,0,Steady Redeemers,35,F,Rodriguezborough,Low,27,Gold
C101217,235.0,4.0,5132.360000000001,3,"Champions (high-value, engaged)",37,M,North Sarah,High,83,Centurion
C101218,130.0,1.0,885.81,0,Steady Redeemers,46,F,Lewisborough,High,128,Platinum
C101219,168.0,4.0,4492.219999999999,3,"Champions (high-value, engaged)",41,F,Danielchester,Mid,178,Green
C101220,115.0,4.0,7496.74,3,"Champions (high-value, engaged)",41,M,Lake Maryshire,Affluent,170,Platinum
C101221,429.0,1.0,240.35,2,At-Risk / Lapsing,45,M,Port Patriciamouth,Low,157,Green
C101222,66.0,7.0,8080.74,3,"Champions (high-value, engaged)",49,F,South Adam,Mid,167,Gold
C101223,160.0,2.0,2295.88,0,Steady Redeemers,21,F,New Savannahshire,Affluent,169,Green
C101224,428.0,1.0,1073.59,2,At-Risk / Lapsing,33,F,Glassburgh,Mid,33,Green
C101225,58.0,6.0,6266.179999999999,3,"Champions (high-value, engaged)",28,F,Lake Lisa,Mid,97,Centurion
C101226,170.0,2.0,1210.9,0,Steady Redeemers,43,M,South Dianemouth,Mid,111,Green
C101227,168.0,3.0,2085.71,0,Steady Redeemers,32,F,Barnesbury,Mid,16,Platinum
C101228,93.0,4.0,6359.73,3,"Champions (high-value, engaged)",38,M,Raymondmouth,Affluent,23,Green
C101229,7.0,3.0,1594.28,0,Steady Redeemers,47,F,Shawnberg,Mid,135,Platinum
C101230,96.0,2.0,2122.8900000000003,0,Steady Redeemers,31,M,South Carrie,High,26,Centurion
C101231,355.0,1.0,2141.12,2,At-Risk / Lapsing,41,F,Meganside,Mid,96,Gold
C101232,-15.0,4.0,5399.72,3,"Champions (high-value, engaged)",55,M,Jenniferside,Mid,12,Gold
C101233,326.0,1.0,1715.95,2,At-Risk / Lapsing,47,M,East Jason,Low,72,Gold
C101234,7.0,2.0,2238.8999999999996,0,Steady Redeemers,21,M,Glendaberg,High,133,Platinum
C101235,358.0,2.0,2747.05,2,At-Risk / Lapsing,34,M,New Amy,Mid,106,Green
C101236,71.0,5.0,5225.0,3,"Champions (high-value, engaged)",41,M,Jenniferstad,High,117,Gold
C101237,148.0,1.0,902.85,0,Steady Redeemers,44,F,Aguilarchester,Mid,177,Green
C101238,326.0,1.0,4338.97,2,At-Risk / Lapsing,35,M,Nataliechester,Affluent,26,Green
C101239,216.0,2.0,1892.46,0,Steady Redeemers,30,M,New Danielfurt,Low,133,Green
C101240,120.0,3.0,3229.21,0,Steady Redeemers,38,M,North Ellen,High,22,Gold
C101241,77.0,3.0,2683.49,0,Steady Redeemers,26,M,West Karen,High,13,Platinum
C101242,117.0,4.0,5431.95,3,"Champions (high-value, engaged)",50,F,West Frances,High,156,Green
C101243,-9.0,1.0,4641.07,0,Steady Redeemers,58,F,Port Bryan,High,161,Gold
C101244,-2.0,2.0,7116.63,0,Steady Redeemers,42,M,Jamesside,High,107,Gold
C101245,101.0,5.0,5768.610000000001,3,"Champions (high-value, engaged)",35,M,West Lisaville,Mid,23,Gold
C101246,81.0,3.0,3713.1099999999997,0,Steady Redeemers,48,F,Lake Deborah,Low,97,Platinum
C101247,32.0,3.0,2230.1,0,Steady Redeemers,46,F,Youngport,Low,18,Green
C101248,41.0,3.0,8427.95,3,"Champions (high-value, engaged)",34,M,South Paulmouth,Affluent,117,Green
C101249,28.0,5.0,2856.79,3,"Champions (high-value, engaged)",37,M,North Juliaborough,Mid,30,Green
C101250,163.0,4.0,7768.36,3,"Champions (high-value, engaged)",31,M,Greerstad,High,26,Platinum
C101251,163.0,6.0,11491.04,3,"Champions (high-value, engaged)",39,M,Port Jenny,Mid,144,Centurion
C101252,-6.0,5.0,9003.58,3,"Champions (high-value, engaged)",41,M,West Shane,Low,39,Green
C101253,4.0,4.0,2423.92,3,"Champions (high-value, engaged)",29,M,East Sydneyhaven,Low,161,Green
C101254,8.0,6.0,10644.18,3,"Champions (high-value, engaged)",26,M,South Billyview,High,154,Gold
C101255,323.0,4.0,4169.41,2,At-Risk / Lapsing,23,F,Davidshire,Mid,176,Gold
C101256,56.0,4.0,3589.42,3,"Champions (high-value, engaged)",42,F,Adammouth,Mid,166,Gold
C101257,176.0,4.0,8556.18,3,"Champions (high-value, engaged)",37,F,North Eric,Mid,130,Centurion
C101258,560.0,0.0,0.0,1,Low-Engagement / New,37,F,Candiceport,Low,113,Platinum
C101259,84.0,3.0,1308.1599999999999,0,Steady Redeemers,43,M,Tylerside,Mid,134,Platinum
C101260,205.0,3.0,4079.2,0,Steady Redeemers,28,M,Charlesmouth,Mid,46,Gold
C101261,156.0,2.0,6746.18,0,Steady Redeemers,26,M,East Abigail,High,50,Green
C101262,125.0,1.0,558.38,0,Steady Redeemers,40,F,South Amy,Mid,166,Gold
C101263,4.0,3.0,3133.7000000000003,0,Steady Redeemers,21,F,Davisbury,Mid,106,Gold
C101264,113.0,2.0,710.23,0,Steady Redeemers,35,F,Lake Martin,Low,146,Green
C101265,429.0,1.0,399.32,2,At-Risk / Lapsing,65,M,Kellyhaven,Low,155,Green
C101266,186.0,2.0,3200.69,0,Steady Redeemers,23,M,Barajastown,Mid,169,Gold
C101267,227.0,1.0,2904.79,2,At-Risk / Lapsing,33,F,Lake Michaelbury,Mid,72,Gold
C101268,195.0,2.0,1497.65,0,Steady Redeemers,21,F,North Felicia,Mid,74,Gold
C101269,142.0,2.0,2564.05,0,Steady Redeemers,35,M,Patrickville,Mid,17,Green
C101270,264.0,3.0,5013.38,2,At-Risk / Lapsing,59,F,Scottport,High,157,Gold
C101271,206.0,5.0,11619.06,3,"Champions (high-value, engaged)",43,M,New Lynnstad,High,70,Green
C101272,1.0,6.0,8821.16,3,"Champions (high-value, engaged)",31,F,Tuckerport,High,150,Gold
C101273,560.0,0.0,0.0,1,Low-Engagement / New,61,M,West Willie,Low,6,Gold
C101274,147.0,1.0,559.76,0,Steady Redeemers,21,F,East Teresaside,Mid,26,Platinum
C101275,560.0,0.0,0.0,1,Low-Engagement / New,42,F,Lake Cameronborough,Low,167,Platinum
C101276,57.0,6.0,10920.189999999999,3,"Champions (high-value, engaged)",38,F,Houstonborough,Mid,140,Gold
C101277,144.0,3.0,8632.27,0,Steady Redeemers,35,F,Lucasland,Affluent,99,Gold
C101278,54.0,4.0,2179.38,3,"Champions (high-value, engaged)",46,M,North Stephen,Low,142,Gold
C101279,170.0,3.0,2551.8100000000004,0,Steady Redeemers,24,M,Benjaminland,Mid,22,Green
C101280,135.0,5.0,5522.610000000001,3,"Champions (high-value, engaged)",41,M,East Lauraside,Mid,51,Gold
C101281,12.0,4.0,9214.67,3,"Champions (high-value, engaged)",40,M,New Lorraineview,High,151,Gold
C101282,-19.0,2.0,2095.63,0,Steady Redeemers,28,M,Hughesfurt,Mid,176,Gold
C101283,257.0,3.0,2157.81,2,At-Risk / Lapsing,59,M,Stewartfurt,Low,104,Green
C101284,100.0,4.0,2276.33,3,"Champions (high-value, engaged)",35,F,New Adamland,Mid,178,Platinum
C101285,168.0,3.0,1839.6200000000001,0,Steady Redeemers,36,M,Lake Melaniestad,Mid,89,Green
C101286,101.0,5.0,2912.15,3,"Champions (high-value, engaged)",26,M,West Kristinport,Low,141,Green
C101287,57.0,3.0,2801.69,0,Steady Redeemers,36,F,West Kathymouth,Mid,138,Centurion
C101288,84.0,7.0,10905.97,3,"Champions (high-value, engaged)",63,F,Fostertown,Low,9,Platinum
C101289,25.0,3.0,4060.28,0,Steady Redeemers,35,F,Moorebury,Low,79,Green
C101290,86.0,4.0,3159.9,3,"Champions (high-value, engaged)",43,F,Lake Peter,Mid,52,Platinum
C101291,82.0,6.0,6315.58,3,"Champions (high-value, engaged)",48,M,Susanberg,Low,130,Green
C101292,28.0,4.0,2444.88,3,"Champions (high-value, engaged)",36,M,Ericastad,Mid,153,Gold
C101293,175.0,1.0,922.84,0,Steady Redeemers,33,F,New Nancyberg,High,13,Gold
C101294,8.0,6.0,16282.150000000001,3,"Champions (high-value, engaged)",43,M,North Adamfurt,High,51,Gold
C101295,27.0,4.0,3947.4699999999993,3,"Champions (high-value, engaged)",35,F,West Jasonstad,Mid,34,Gold
C101296,-8.0,5.0,1484.6799999999998,3,"Champions (high-value, engaged)",34,M,South Rebecca,Low,35,Green
C101297,560.0,0.0,0.0,1,Low-Engagement / New,48,F,East Jack,Low,131,Green
C101298,3.0,4.0,2205.56,3,"Champions (high-value, engaged)",37,F,Jamesburgh,Mid,120,Gold
C101299,560.0,0.0,0.0,1,Low-Engagement / New,51,F,Port Karenside,High,70,Green
C101300,286.0,2.0,877.56,2,At-Risk / Lapsing,36,M,Newmanland,Low,176,Centurion
C101301,47.0,3.0,3645.84,0,Steady Redeemers,23,F,Emilyview,Affluent,147,Gold
C101302,213.0,4.0,4391.33,3,"Champions (high-value, engaged)",21,F,East Jessicafort,Low,67,Green
C101303,560.0,0.0,0.0,1,Low-Engagement / New,21,M,Michaelbury,Mid,103,Gold
C101304,127.0,6.0,9170.51,3,"Champions (high-value, engaged)",21,F,West Christineborough,High,73,Green
C101305,16.0,4.0,5986.52,3,"Champions (high-value, engaged)",40,M,Toddmouth,High,116,Green
C101306,560.0,0.0,0.0,1,Low-Engagement / New,27,M,Heatherberg,High,133,Gold
C101307,68.0,5.0,6649.3,3,"Champions (high-value, engaged)",21,M,Lindseychester,High,67,Centurion
C101308,228.0,2.0,1193.43,2,At-Risk / Lapsing,36,F,North Lawrence,Mid,139,Gold
C101309,66.0,3.0,7366.33,0,Steady Redeemers,26,M,Lake Jodi,High,121,Green
C101310,220.0,2.0,814.05,0,Steady Redeemers,43,F,Hillstad,Low,94,Gold
C101311,195.0,1.0,1000.8,2,At-Risk / Lapsing,42,F,Lake Jessica,High,129,Green
C101312,20.0,5.0,7325.6,3,"Champions (high-value, engaged)",43,F,Fordstad,Mid,91,Green
C101313,49.0,4.0,4006.04,3,"Champions (high-value, engaged)",21,M,Tonyville,High,92,Platinum
C101314,107.0,1.0,811.52,0,Steady Redeemers,38,M,Lake Catherine,Mid,63,Centurion
C101315,110.0,5.0,4970.12,3,"Champions (high-value, engaged)",36,M,Micheleberg,Mid,29,Green
C101316,-25.0,7.0,6355.4,3,"Champions (high-value, engaged)",24,M,West Jessica,Mid,12,Gold
C101317,250.0,4.0,13253.54,3,"Champions (high-value, engaged)",21,F,Lake Charlestown,High,77,Centurion
C101318,420.0,1.0,345.93,2,At-Risk / Lapsing,36,F,Port Bonniefurt,Low,41,Green
C101319,83.0,3.0,1099.4299999999998,0,Steady Redeemers,49,M,North Andrea,Low,130,Green
C101320,19.0,9.0,6877.69,3,"Champions (high-value, engaged)",21,M,Valdezberg,Mid,37,Platinum
C101321,318.0,2.0,1868.4299999999998,2,At-Risk / Lapsing,28,F,Philipshire,Low,173,Gold
C101322,560.0,0.0,0.0,1,Low-Engagement / New,39,M,Dennishaven,High,176,Green
C101323,288.0,1.0,332.39,2,At-Risk / Lapsing,50,F,South Michaeltown,Mid,24,Green
C101324,47.0,5.0,13672.45,3,"Champions (high-value, engaged)",34,M,Port Tamara,Affluent,99,Green
C101325,560.0,0.0,0.0,1,Low-Engagement / New,59,F,Port Willie,Mid,150,Gold
C101326,475.0,1.0,418.58,2,At-Risk / Lapsing,21,F,Mooreshire,Low,100,Platinum
C101327,164.0,5.0,6049.85,3,"Champions (high-value, engaged)",21,F,Lake Jessica,High,139,Gold
C101328,8.0,7.0,12926.58,3,"Champions (high-value, engaged)",49,M,Billyfort,High,58,Gold
C101329,560.0,0.0,0.0,1,Low-Engagement / New,21,F,North Joseph,Mid,174,Green
C101330,-4.0,2.0,2468.94,0,Steady Redeemers,43,F,North Elizabeth,Mid,29,Green
C101331,102.0,5.0,9596.449999999999,3,"Champions (high-value, engaged)",34,M,Paulmouth,High,163,Green
C101332,85.0,3.0,3137.59,0,Steady Redeemers,28,M,North Tinamouth,Mid,143,Platinum
C101333,73.0,4.0,14519.369999999999,3,"Champions (high-value, engaged)",33,F,Lake Tanyaview,Affluent,60,Gold
C101334,8.0,3.0,3332.6,0,Steady Redeemers,23,M,Bethshire,Affluent,95,Green
C101335,107.0,2.0,2763.31,0,Steady Redeemers,34,M,South Desiree,High,42,Gold
C101336,106.0,2.0,1058.89,0,Steady Redeemers,38,M,Brianaland,Low,43,Platinum
C101337,123.0,1.0,1184.74,0,Steady Redeemers,33,F,Nicholasbury,High,74,Gold
C101338,12.0,5.0,3316.75,3,"Champions (high-value, engaged)",31,F,Gomezstad,Low,177,Green
C101339,560.0,0.0,0.0,1,Low-Engagement / New,40,F,Sparkstown,Low,160,Green
C101340,96.0,1.0,347.39,0,Steady Redeemers,56,F,South Gabriel,Mid,64,Green
C101341,42.0,6.0,5864.92,3,"Champions (high-value, engaged)",35,F,New Dawnborough,Mid,2,Platinum
C101342,38.0,5.0,15225.3,3,"Champions (high-value, engaged)",47,F,East Eric,High,152,Gold
C101343,376.0,1.0,1685.56,2,At-Risk / Lapsing,27,F,Lake Jerrymouth,High,66,Gold
C101344,81.0,4.0,8730.86,3,"Champions (high-value, engaged)",23,F,South Emmafort,High,166,Platinum
C101345,15.0,6.0,10150.72,3,"Champions (high-value, engaged)",42,M,New Evan,Mid,31,Centurion
C101346,135.0,1.0,1017.82,0,Steady Redeemers,35,F,Johnsonton,Mid,115,Green
C101347,129.0,4.0,6513.7,3,"Champions (high-value, engaged)",50,F,New Brittany,Mid,26,Green
C101348,27.0,5.0,10042.3,3,"Champions (high-value, engaged)",52,M,Lake William,Affluent,29,Gold
C101349,249.0,1.0,687.66,2,At-Risk / Lapsing,47,M,North Gabriel,Low,78,Green
C101350,-5.0,6.0,11066.98,3,"Champions (high-value, engaged)",46,F,New Susan,High,25,Platinum
C101351,336.0,2.0,1705.53,2,At-Risk / Lapsing,21,M,Lake Jessicaport,Mid,48,Platinum
C101352,277.0,3.0,5038.41,2,At-Risk / Lapsing,42,M,East Shanefort,Mid,65,Gold
C101353,-9.0,3.0,4999.76,0,Steady Redeemers,47,M,Jacksonchester,High,67,Green
C101354,130.0,1.0,1874.36,0,Steady Redeemers,24,M,Port Brandi,Mid,90,Green
C101355,68.0,2.0,2445.73,0,Steady Redeemers,38,F,New Donna,High,146,Green
C101356,200.0,4.0,15240.060000000001,3,"Champions (high-value, engaged)",26,M,Garymouth,Affluent,137,Platinum
C101357,34.0,6.0,10267.58,3,"Champions (high-value, engaged)",49,M,Carlsonland,Mid,38,Green
C101358,254.0,2.0,1640.8000000000002,2,At-Risk / Lapsing,27,M,South Paul,Mid,87,Green
C101359,84.0,2.0,3089.63,0,Steady Redeemers,29,F,North Jameshaven,Mid,149,Green
C101360,6.0,8.0,25739.77,3,"Champions (high-value, engaged)",32,F,Serranoville,Affluent,65,Centurion
C101361,4.0,5.0,3130.2599999999998,3,"Champions (high-value, engaged)",62,F,South Rachel,Mid,149,Gold
C101362,114.0,4.0,4118.53,3,"Champions (high-value, engaged)",49,F,Port Amandaville,Mid,27,Platinum
C101363,-5.0,2.0,1424.7,0,Steady Redeemers,55,M,South Donnaside,Mid,106,Platinum
C101364,283.0,4.0,3579.2200000000003,2,At-Risk / Lapsing,21,F,Port Erikachester,High,123,Gold
C101365,-11.0,2.0,844.9200000000001,0,Steady Redeemers,24,F,Woodton,Low,44,Green
C101366,188.0,3.0,8249.34,0,Steady Redeemers,52,F,Perezfort,High,100,Green
C101367,-11.0,6.0,17097.74,3,"Champions (high-value, engaged)",21,M,Bellshire,Affluent,28,Gold
C101368,282.0,1.0,1503.29,2,At-Risk / Lapsing,30,M,South Dennisfort,Low,173,Platinum
C101369,235.0,2.0,5132.25,0,Steady Redeemers,60,F,Port Christopher,Mid,17,Green
C101370,-4.0,2.0,3456.33,0,Steady Redeemers,27,M,Scotttown,Affluent,127,Green
C101371,162.0,4.0,4042.23,3,"Champions (high-value, engaged)",21,M,New Alexandrahaven,Low,123,Gold
C101372,546.0,1.0,2435.73,2,At-Risk / Lapsing,38,F,South Diamondmouth,High,168,Green
C101373,48.0,3.0,1951.24,0,Steady Redeemers,21,M,Coxberg,Mid,131,Gold
C101374,-9.0,1.0,855.17,0,Steady Redeemers,51,F,Pearsonview,Mid,76,Green
C101375,-3.0,4.0,4453.34,3,"Champions (high-value, engaged)",28,M,Melissachester,High,46,Green
C101376,115.0,4.0,4509.29,3,"Champions (high-value, engaged)",25,F,Cherylfurt,Mid,158,Green
C101377,249.0,1.0,510.1,2,At-Risk / Lapsing,38,M,South Andrea,Mid,69,Gold
C101378,198.0,2.0,2476.3900000000003,0,Steady Redeemers,33,F,Whiteside,Mid,137,Gold
C101379,220.0,4.0,2924.35,3,"Champions (high-value, engaged)",40,M,Kingport,Mid,85,Green
C101380,560.0,0.0,0.0,1,Low-Engagement / New,43,F,Kimfurt,Low,11,Platinum
C101381,560.0,0.0,0.0,1,Low-Engagement / New,35,F,Port Michelle,Mid,69,Green
C101382,9.0,10.0,22326.449999999997,3,"Champions (high-value, engaged)",25,M,Lake Jerryburgh,Affluent,99,Green
C101383,172.0,4.0,8738.869999999999,3,"Champions (high-value, engaged)",46,F,East Williammouth,Mid,91,Gold
C101384,90.0,4.0,4162.4,3,"Champions (high-value, engaged)",30,F,East Paultown,High,159,Green
C101385,75.0,6.0,6651.29,3,"Champions (high-value, engaged)",28,M,Port Dustinchester,Mid,161,Gold
C101386,82.0,2.0,1456.97,0,Steady Redeemers,39,M,North Josestad,High,167,Centurion
C101387,532.0,1.0,644.64,2,At-Risk / Lapsing,21,M,New Benjaminfurt,Low,94,Gold
C101388,505.0,1.0,5211.34,2,At-Risk / Lapsing,42,M,Mendezhaven,Affluent,174,Gold
C101389,188.0,5.0,7371.15,3,"Champions (high-value, engaged)",40,F,Jenniferton,Mid,165,Gold
C101390,-12.0,4.0,2777.88,3,"Champions (high-value, engaged)",50,M,Lake Troy,Mid,115,Green
C101391,402.0,1.0,233.0,2,At-Risk / Lapsing,32,F,East Melissahaven,Low,31,Gold
C101392,32.0,4.0,8309.49,3,"Champions (high-value, engaged)",52,M,Jameshaven,Low,11,Green
C101393,458.0,1.0,660.79,2,At-Risk / Lapsing,43,M,New Gavin,Mid,87,Centurion
C101394,345.0,3.0,3346.68,2,At-Risk / Lapsing,37,M,West Johntown,Mid,121,Green
C101395,70.0,8.0,10357.01,3,"Champions (high-value, engaged)",57,M,North Wendy,High,130,Gold
C101396,182.0,5.0,6922.549999999999,3,"Champions (high-value, engaged)",39,F,Gomezfurt,Mid,105,Platinum
C101397,67.0,3.0,3124.91,0,Steady Redeemers,32,M,Willishaven,Mid,27,Platinum
C101398,560.0,0.0,0.0,1,Low-Engagement / New,39,F,Lake Janeland,Mid,2,Centurion
C101399,195.0,6.0,17327.52,3,"Champions (high-value, engaged)",32,M,Jessicaside,High,103,Gold
C101400,161.0,5.0,5463.889999999999,3,"Champions (high-value, engaged)",42,M,Michaelview,Low,101,Green
C101401,0.0,6.0,6609.48,3,"Champions (high-value, engaged)",52,M,New Sylvia,Low,21,Platinum
C101402,118.0,2.0,757.14,0,Steady Redeemers,37,M,Spearsshire,Low,58,Green
C101403,522.0,1.0,3360.74,2,At-Risk / Lapsing,38,M,West Gregoryhaven,High,133,Green
C101404,160.0,5.0,7271.84,3,"Champions (high-value, engaged)",46,M,New Charlesport,High,180,Gold
C101405,17.0,4.0,11144.400000000001,3,"Champions (high-value, engaged)",51,F,Staceyhaven,Mid,173,Gold
C101406,103.0,2.0,2328.65,0,Steady Redeemers,33,F,Nancyshire,High,85,Platinum
C101407,52.0,1.0,1336.49,0,Steady Redeemers,39,F,Heatherfurt,High,93,Centurion
C101408,323.0,3.0,1808.98,2,At-Risk / Lapsing,46,M,Carrillomouth,Mid,20,Platinum
C101409,111.0,4.0,3814.2999999999997,3,"Champions (high-value, engaged)",41,M,Maldonadoshire,High,61,Green
C101410,560.0,0.0,0.0,1,Low-Engagement / New,21,F,South Darrenland,Mid,38,Gold
C101411,560.0,0.0,0.0,1,Low-Engagement / New,48,F,Schultzbury,Low,148,Platinum
C101412,338.0,3.0,3186.37,2,At-Risk / Lapsing,43,M,Port Leslie,Mid,25,Centurion
C101413,512.0,1.0,775.42,2,At-Risk / Lapsing,44,M,Zacharytown,Low,130,Green
C101414,560.0,0.0,0.0,1,Low-Engagement / New,24,M,Johnland,Mid,121,Green
C101415,442.0,3.0,4246.280000000001,2,At-Risk / Lapsing,39,F,Nunezmouth,Affluent,160,Platinum
C101416,171.0,5.0,5442.7300000000005,3,"Champions (high-value, engaged)",47,F,New Sarahfort,Low,26,Green
C101417,99.0,3.0,1733.69,0,Steady Redeemers,28,M,Michaelshire,Low,169,Gold
C101418,346.0,1.0,353.81,2,At-Risk / Lapsing,31,M,Ianborough,Mid,67,Green
C101419,43.0,5.0,16573.48,3,"Champions (high-value, engaged)",47,M,Mclaughlinbury,Affluent,1,Gold
C101420,560.0,0.0,0.0,1,Low-Engagement / New,30,M,Port Joseph,Mid,51,Gold
C101421,432.0,2.0,2735.77,2,At-Risk / Lapsing,35,F,East Mary,Mid,5,Green
C101422,17.0,2.0,870.07,0,Steady Redeemers,26,F,Ericville,Low,13,Gold
C101423,145.0,1.0,261.31,0,Steady Redeemers,58,M,North Emmafort,Low,147,Green
C101424,142.0,4.0,7180.09,3,"Champions (high-value, engaged)",43,F,Port Mercedeston,Affluent,140,Green
C101425,128.0,3.0,4822.99,0,Steady Redeemers,35,M,Watsonmouth,Affluent,48,Green
C101426,299.0,1.0,222.98,2,At-Risk / Lapsing,33,F,Villanuevashire,Low,153,Gold
C101427,90.0,4.0,8806.79,3,"Champions (high-value, engaged)",24,F,Travishaven,Affluent,57,Green
C101428,560.0,0.0,0.0,1,Low-Engagement / New,36,M,Raymondshire,Mid,115,Gold
C101429,67.0,5.0,6743.37,3,"Champions (high-value, engaged)",45,F,North Alicia,High,35,Gold
C101430,17.0,2.0,2592.35,0,Steady Redeemers,29,M,Mendozaside,Mid,76,Gold
C101431,67.0,4.0,4836.1,3,"Champions (high-value, engaged)",39,M,New Michaelburgh,Mid,94,Gold
C101432,25.0,3.0,11876.289999999999,3,"Champions (high-value, engaged)",33,M,Brayhaven,Mid,5,Gold
C101433,-5.0,5.0,17579.56,3,"Champions (high-value, engaged)",53,M,Stewarttown,High,22,Green
C101434,48.0,3.0,2479.31,0,Steady Redeemers,30,F,Lake Jasonshire,Low,103,Gold
C101435,196.0,1.0,218.52,2,At-Risk / Lapsing,46,M,West Michaelview,Low,175,Green
C101436,154.0,3.0,1251.73,0,Steady Redeemers,53,F,New Jose,Mid,131,Platinum
C101437,560.0,0.0,0.0,1,Low-Engagement / New,33,F,Thomasmouth,High,124,Platinum
C101438,43.0,4.0,4101.37,3,"Champions (high-value, engaged)",31,M,Ivanchester,Mid,53,Green
C101439,332.0,5.0,11312.13,3,"Champions (high-value, engaged)",48,M,South Jaclyn,High,159,Gold
C101440,27.0,7.0,16653.35,3,"Champions (high-value, engaged)",21,M,Michaelfurt,Affluent,69,Platinum
C101441,346.0,2.0,2282.65,2,At-Risk / Lapsing,42,M,Shannonshire,Low,104,Green
C101442,60.0,9.0,11159.400000000001,3,"Champions (high-value, engaged)",21,M,New Gina,High,161,Gold
C101443,67.0,3.0,5614.91,0,Steady Redeemers,51,F,Lake Josephbury,Mid,178,Green
C101444,16.0,4.0,6156.18,3,"Champions (high-value, engaged)",35,M,Chaseborough,High,16,Gold
C101445,400.0,2.0,1506.76,2,At-Risk / Lapsing,37,F,Port Susan,Low,116,Platinum
C101446,214.0,2.0,4034.2300000000005,0,Steady Redeemers,30,M,South Linda,High,76,Gold
C101447,81.0,2.0,1644.7,0,Steady Redeemers,21,M,South Victor,High,109,Gold
C101448,135.0,3.0,7010.92,0,Steady Redeemers,51,M,Kristenport,Affluent,39,Platinum
C101449,340.0,3.0,10106.21,2,At-Risk / Lapsing,36,M,Annashire,High,89,Gold
C101450,169.0,1.0,2314.05,0,Steady Redeemers,73,M,South Coreyburgh,Mid,174,Gold
C101451,147.0,6.0,7128.719999999999,3,"Champions (high-value, engaged)",29,F,East Lisafort,Mid,112,Gold
C101452,132.0,1.0,847.16,0,Steady Redeemers,30,F,South Julieview,High,47,Gold
C101453,25.0,2.0,1306.58,0,Steady Redeemers,28,M,Michaelside,Mid,172,Platinum
C101454,151.0,1.0,717.08,0,Steady Redeemers,36,F,Mauricechester,Low,137,Centurion
C101455,31.0,2.0,4119.05,0,Steady Redeemers,55,M,West Michelleborough,Affluent,128,Platinum
C101456,232.0,5.0,9478.27,3,"Champions (high-value, engaged)",49,M,Port Justin,High,178,Gold
C101457,118.0,4.0,6381.570000000001,3,"Champions (high-value, engaged)",21,F,Emilyfort,High,77,Green
C101458,246.0,3.0,3071.55,0,Steady Redeemers,51,F,Prestonfurt,Mid,15,Platinum
C101459,445.0,2.0,1755.57,2,At-Risk / Lapsing,45,F,Stevenberg,High,36,Gold
C101460,56.0,1.0,1641.67,0,Steady Redeemers,43,M,Lake Lindsey,Mid,63,Platinum
C101461,0.0,4.0,4640.52,3,"Champions (high-value, engaged)",30,F,Robertshire,High,69,Green
C101462,77.0,4.0,6639.27,3,"Champions (high-value, engaged)",31,F,Sweeneyland,Low,169,Platinum
C101463,59.0,2.0,1505.6399999999999,0,Steady Redeemers,39,M,East Matthewmouth,High,74,Green
C101464,160.0,4.0,6850.78,3,"Champions (high-value, engaged)",31,F,Deniseview,Affluent,24,Green
C101465,386.0,2.0,1098.83,2,At-Risk / Lapsing,52,F,Nelsonmouth,Low,49,Gold
C101466,-14.0,4.0,13166.79,3,"Champions (high-value, engaged)",31,F,Juliehaven,Affluent,146,Gold
C101467,560.0,0.0,0.0,1,Low-Engagement / New,21,F,Gutierrezburgh,Mid,7,Green
C101468,354.0,2.0,2465.83,2,At-Risk / Lapsing,23,M,East Jessicaview,High,4,Gold
C101469,28.0,5.0,19172.03,3,"Champions (high-value, engaged)",24,F,East Garrettville,High,90,Green
C101470,74.0,2.0,4986.34,0,Steady Redeemers,35,M,North Sharonfort,Mid,60,Green
C101471,329.0,4.0,13156.5,2,At-Risk / Lapsing,40,F,North Kellihaven,High,55,Green
C101472,106.0,3.0,5162.09,0,Steady Redeemers,38,F,North Joseberg,High,16,Platinum
C101473,212.0,2.0,629.12,0,Steady Redeemers,43,F,Lake Sarahfurt,Mid,29,Green
C101474,266.0,1.0,494.52,2,At-Risk / Lapsing,35,M,Jeromeport,Mid,151,Green
C101475,-5.0,7.0,8356.14,3,"Champions (high-value, engaged)",35,F,Simsberg,High,14,Gold
C101476,61.0,5.0,8485.12,3,"Champions (high-value, engaged)",57,M,North Austin,High,79,Gold
C101477,-12.0,9.0,13703.65,3,"Champions (high-value, engaged)",51,F,Michellemouth,High,177,Platinum
C101478,507.0,2.0,2745.65,2,At-Risk / Lapsing,42,F,Mcdonaldside,High,33,Platinum
C101479,208.0,3.0,2109.15,0,Steady Redeemers,48,M,Amyberg,Mid,153,Platinum
C101480,24.0,4.0,7785.15,3,"Champions (high-value, engaged)",21,M,New Carla,High,21,Green
C101481,128.0,2.0,3422.36,0,Steady Redeemers,28,F,Millsside,Low,145,Gold
C101482,13.0,5.0,3530.8,3,"Champions (high-value, engaged)",33,M,Reginafort,Mid,23,Gold
C101483,287.0,1.0,515.51,2,At-Risk / Lapsing,29,M,Port Christopher,Low,57,Green
C101484,65.0,4.0,6353.57,3,"Champions (high-value, engaged)",21,M,Michaelview,Mid,142,Green
C101485,128.0,7.0,7903.95,3,"Champions (high-value, engaged)",42,M,West Alex,Mid,93,Gold
C101486,560.0,0.0,0.0,1,Low-Engagement / New,53,F,West Justin,Mid,20,Green
C101487,78.0,1.0,773.65,0,Steady Redeemers,37,F,Lake Sandrafort,High,158,Centurion
C101488,516.0,1.0,489.22,2,At-Risk / Lapsing,45,F,Albertchester,Mid,19,Platinum
C101489,28.0,9.0,15293.38,3,"Champions (high-value, engaged)",37,M,Carlatown,Mid,103,Green
C101490,-27.0,2.0,1080.59,0,Steady Redeemers,33,F,Jacobside,Mid,77,Green
C101491,136.0,3.0,5027.52,0,Steady Redeemers,48,F,Fosterburgh,Mid,151,Centurion
C101492,115.0,2.0,1590.46,0,Steady Redeemers,22,F,Claytonbury,Mid,33,Green
C101493,36.0,2.0,727.19,0,Steady Redeemers,21,M,Christianbury,Low,18,Platinum
C101494,368.0,2.0,970.76,2,At-Risk / Lapsing,22,M,Justinside,Mid,73,Gold
C101495,35.0,4.0,6922.44,3,"Champions (high-value, engaged)",47,F,Robertland,High,161,Platinum
C101496,305.0,2.0,1145.29,2,At-Risk / Lapsing,38,M,East Keith,Mid,160,Gold
C101497,64.0,6.0,3313.08,3,"Champions (high-value, engaged)",42,F,Williamsonview,Mid,17,Green
C101498,281.0,1.0,480.53,2,At-Risk / Lapsing,56,F,Lopeztown,Mid,19,Green
C101499,400.0,1.0,805.96,2,At-Risk / Lapsing,25,M,North Tara,High,70,Gold
C101500,217.0,3.0,4777.78,0,Steady Redeemers,51,F,East Teresaport,Mid,120,Platinum
C101501,-9.0,7.0,8704.52,3,"Champions (high-value, engaged)",33,M,Davidmouth,Mid,101,Green
C101502,14.0,3.0,2394.52,0,Steady Redeemers,31,M,East Christophertown,Low,34,Gold
C101503,134.0,3.0,2828.34,0,Steady Redeemers,38,M,Robinsonchester,Mid,84,Green
C101504,6.0,3.0,3398.74,0,Steady Redeemers,40,M,Kristifort,Mid,153,Platinum
C101505,429.0,1.0,1989.75,2,At-Risk / Lapsing,35,M,Steventon,Mid,74,Platinum
C101506,51.0,4.0,5584.58,3,"Champions (high-value, engaged)",44,M,Christopherberg,Mid,88,Green
C101507,62.0,2.0,1413.08,0,Steady Redeemers,38,M,West Kimberlyland,Mid,85,Green
C101508,208.0,2.0,1985.8500000000001,0,Steady Redeemers,35,M,Whiteview,Mid,11,Green
C101509,441.0,2.0,2091.04,2,At-Risk / Lapsing,33,F,Claytonville,High,91,Gold
C101510,73.0,3.0,4840.38,0,Steady Redeemers,40,M,South Kelsey,High,144,Gold
C101511,247.0,2.0,4146.110000000001,2,At-Risk / Lapsing,23,M,Wrightton,High,127,Green
C101512,560.0,0.0,0.0,1,Low-Engagement / New,26,M,South Jill,Affluent,113,Centurion
C101513,419.0,1.0,211.65,2,At-Risk / Lapsing,33,M,New Elizabethborough,Low,80,Gold
C101514,560.0,0.0,0.0,1,Low-Engagement / New,43,F,Priceport,Low,7,Gold
C101515,97.0,4.0,1983.25,3,"Champions (high-value, engaged)",61,F,Ericton,Low,16,Green
C101516,5.0,2.0,828.03,0,Steady Redeemers,36,F,West Timothyport,Mid,16,Green
C101517,7.0,3.0,7113.98,3,"Champions (high-value, engaged)",21,M,West Paige,High,168,Gold
C101518,210.0,1.0,631.53,2,At-Risk / Lapsing,29,F,North Joel,Mid,12,Gold
C101519,23.0,1.0,4678.82,0,Steady Redeemers,45,F,Nguyenburgh,Affluent,35,Gold
C101520,160.0,3.0,1891.29,0,Steady Redeemers,27,M,Brendafurt,Low,21,Platinum
C101521,247.0,3.0,7019.7699999999995,0,Steady Redeemers,23,M,North Tanya,Affluent,178,Gold
C101522,77.0,6.0,7245.51,3,"Champions (high-value, engaged)",45,M,Barkerberg,Mid,171,Green
C101523,79.0,2.0,1956.79,0,Steady Redeemers,43,F,Kellibury,Low,17,Platinum
C101524,411.0,1.0,4370.85,2,At-Risk / Lapsing,21,M,South Christopher,Mid,32,Gold
C101525,74.0,5.0,6293.14,3,"Champions (high-value, engaged)",28,F,Sarahton,Mid,41,Green
C101526,-5.0,7.0,12450.23,3,"Champions (high-value, engaged)",51,M,West Deannaside,Mid,134,Green
C101527,95.0,2.0,1323.79,0,Steady Redeemers,47,F,East Tonymouth,Mid,27,Platinum
C101528,560.0,0.0,0.0,1,Low-Engagement / New,24,F,Lindamouth,High,148,Platinum
C101529,47.0,6.0,9695.89,3,"Champions (high-value, engaged)",21,F,North Hannah,Mid,153,Green
C101530,61.0,4.0,3101.4,3,"Champions (high-value, engaged)",40,F,Jenniferview,Mid,66,Green
C101531,399.0,1.0,360.63,2,At-Risk / Lapsing,34,F,South Jasmineside,Mid,137,Gold
C101532,68.0,4.0,8258.8,3,"Champions (high-value, engaged)",39,F,Amyfort,High,92,Platinum
C101533,18.0,2.0,2180.67,0,Steady Redeemers,44,F,New Jacob,Mid,61,Green
C101534,67.0,4.0,2954.3599999999997,3,"Champions (high-value, engaged)",27,M,Mariomouth,Mid,166,Platinum
C101535,358.0,1.0,240.67,2,At-Risk / Lapsing,33,M,Mikaylaside,Low,3,Green
C101536,176.0,3.0,1318.58,0,Steady Redeemers,28,M,North Amanda,Low,103,Green
C101537,-4.0,3.0,10117.119999999999,3,"Champions (high-value, engaged)",28,M,Phillipsview,High,55,Green
C101538,291.0,2.0,726.72,2,At-Risk / Lapsing,44,F,Shawnhaven,Low,1,Green
C101539,560.0,0.0,0.0,1,Low-Engagement / New,39,M,Grosstown,Mid,101,Green
C101540,20.0,2.0,3587.55,0,Steady Redeemers,21,F,Kimberlybury,High,45,Platinum
C101541,449.0,1.0,537.41,2,At-Risk / Lapsing,45,M,Jenniferside,Low,175,Green
C101542,30.0,3.0,4537.33,0,Steady Redeemers,34,M,Leefort,Mid,26,Green
C101543,-16.0,4.0,4018.74,3,"Champions (high-value, engaged)",46,M,New Justin,Mid,121,Green
C101544,11.0,2.0,8857.87,0,Steady Redeemers,26,M,Davidsonville,Affluent,142,Platinum
C101545,112.0,7.0,4926.36,3,"Champions (high-value, engaged)",27,M,New Donnaton,Mid,46,Platinum
C101546,-1.0,2.0,1210.66,0,Steady Redeemers,40,F,East Morgan,High,122,Green
C101547,19.0,6.0,7424.88,3,"Champions (high-value, engaged)",25,F,North Todd,Mid,31,Gold
C101548,354.0,3.0,2508.1,2,At-Risk / Lapsing,34,F,North Ashleyfurt,Low,59,Green
C101549,78.0,3.0,4929.849999999999,0,Steady Redeemers,24,F,Foxshire,Mid,29,Gold
C101550,36.0,5.0,6351.8099999999995,3,"Champions (high-value, engaged)",33,F,Brandonbury,Affluent,106,Green
C101551,128.0,5.0,4987.54,3,"Champions (high-value, engaged)",37,F,North Sarahborough,Mid,17,Gold
C101552,267.0,1.0,4686.33,2,At-Risk / Lapsing,38,M,Hebertland,High,142,Gold
C101553,98.0,4.0,8916.95,3,"Champions (high-value, engaged)",33,M,Owenton,High,164,Gold
C101554,495.0,1.0,624.86,2,At-Risk / Lapsing,41,M,Angelachester,Mid,24,Green
C101555,66.0,4.0,2460.4700000000003,3,"Champions (high-value, engaged)",39,M,Lauraton,Mid,109,Green
C101556,216.0,4.0,4557.43,3,"Champions (high-value, engaged)",37,M,Allisonland,Mid,91,Gold
C101557,2.0,3.0,1533.93,0,Steady Redeemers,31,F,Christianborough,Mid,25,Gold
C101558,77.0,3.0,9597.98,3,"Champions (high-value, engaged)",49,F,North Jessicaside,High,32,Green
C101559,254.0,3.0,8066.42,0,Steady Redeemers,42,F,Lopezhaven,Affluent,116,Platinum
C101560,50.0,3.0,2917.89,0,Steady Redeemers,26,M,New Colleen,Mid,82,Gold
C101561,-17.0,3.0,2259.24,0,Steady Redeemers,45,M,New Kara,Mid,110,Green
C101562,163.0,4.0,7934.24,3,"Champions (high-value, engaged)",47,F,Reeseshire,High,146,Green
C101563,101.0,1.0,1036.18,0,Steady Redeemers,37,M,Emilychester,Mid,37,Centurion
C101564,306.0,4.0,4907.56,2,At-Risk / Lapsing,37,F,East Lauraside,High,26,Green
C101565,109.0,6.0,6447.88,3,"Champions (high-value, engaged)",21,M,Wagnerburgh,Mid,137,Platinum
C101566,494.0,1.0,1201.02,2,At-Risk / Lapsing,28,F,Mahoneymouth,High,64,Gold
C101567,510.0,3.0,1990.15,2,At-Risk / Lapsing,47,F,Meganchester,Low,72,Green
C101568,160.0,4.0,3852.86,3,"Champions (high-value, engaged)",29,F,Mckenziemouth,Mid,148,Gold
C101569,31.0,5.0,6742.29,3,"Champions (high-value, engaged)",36,F,New Amy,Mid,106,Green
C101570,210.0,3.0,1965.08,0,Steady Redeemers,28,M,Cannonview,Mid,86,Green
C101571,353.0,3.0,2573.36,2,At-Risk / Lapsing,40,M,Suzannemouth,Low,158,Green
C101572,194.0,2.0,1620.13,0,Steady Redeemers,42,M,Smithton,High,53,Platinum
C101573,202.0,2.0,3025.83,0,Steady Redeemers,42,M,Caitlinhaven,High,92,Gold
C101574,10.0,4.0,4887.2699999999995,3,"Champions (high-value, engaged)",25,M,West Adam,Mid,99,Green
C101575,103.0,4.0,4310.379999999999,3,"Champions (high-value, engaged)",39,F,East Melissa,Low,11,Green
C101576,270.0,3.0,3018.87,2,At-Risk / Lapsing,55,M,Port Lynnview,Low,31,Gold
C101577,20.0,7.0,5946.06,3,"Champions (high-value, engaged)",46,F,North Benjamin,Mid,177,Green
C101578,34.0,4.0,15171.079999999998,3,"Champions (high-value, engaged)",39,F,Ericview,Mid,100,Green
C101579,108.0,1.0,580.39,0,Steady Redeemers,21,F,Pamelabury,Mid,87,Green
C101580,-15.0,8.0,8819.78,3,"Champions (high-value, engaged)",35,F,West Lisa,Mid,147,Gold
C101581,237.0,2.0,1225.7,2,At-Risk / Lapsing,56,F,New Ricardoborough,Mid,140,Green
C101582,456.0,2.0,1528.69,2,At-Risk / Lapsing,52,F,Lake Markfort,Mid,15,Gold
C101583,27.0,2.0,2384.34,0,Steady Redeemers,43,F,South Margaret,Mid,159,Gold
C101584,-16.0,4.0,8438.720000000001,3,"Champions (high-value, engaged)",30,F,New Dawnton,Affluent,171,Centurion
C101585,50.0,4.0,3876.88,3,"Champions (high-value, engaged)",38,M,Millerton,Low,101,Platinum
C101586,127.0,3.0,2793.47,0,Steady Redeemers,46,M,Michaelchester,High,165,Gold
C101587,-15.0,1.0,1930.25,0,Steady Redeemers,48,F,Conradville,Mid,29,Gold
C101588,560.0,0.0,0.0,1,Low-Engagement / New,41,M,Lake Denise,Mid,114,Platinum
C101589,435.0,1.0,2979.84,2,At-Risk / Lapsing,47,F,Lake Kimberlyfurt,High,107,Gold
C101590,165.0,2.0,4897.32,0,Steady Redeemers,37,M,West Alicemouth,High,154,Gold
C101591,-1.0,5.0,13326.19,3,"Champions (high-value, engaged)",36,M,West Wayne,Affluent,108,Green
C101592,560.0,0.0,0.0,1,Low-Engagement / New,32,M,East Brent,Low,130,Platinum
C101593,498.0,1.0,1262.88,2,At-Risk / Lapsing,42,M,Maddoxshire,Low,84,Green
C101594,-4.0,2.0,2405.41,0,Steady Redeemers,49,M,East Ryanfurt,High,15,Green
C101595,145.0,3.0,4873.99,0,Steady Redeemers,45,M,East Matthew,Mid,132,Gold
C101596,165.0,3.0,7672.16,0,Steady Redeemers,24,F,Duncanton,Mid,50,Platinum
C101597,131.0,2.0,758.3399999999999,0,Steady Redeemers,25,M,Bakerfurt,Low,166,Gold
C101598,560.0,0.0,0.0,1,Low-Engagement / New,50,F,Ayalaberg,Low,23,Platinum
C101599,560.0,0.0,0.0,1,Low-Engagement / New,39,M,South Anita,High,59,Platinum
C101600,69.0,7.0,4613.9,3,"Champions (high-value, engaged)",40,F,Fostershire,Low,90,Gold
C101601,349.0,1.0,791.77,2,At-Risk / Lapsing,40,F,New Christina,Mid,115,Gold
C101602,97.0,6.0,7205.05,3,"Champions (high-value, engaged)",57,F,East Charles,Mid,75,Gold
C101603,253.0,3.0,2953.23,0,Steady Redeemers,33,F,Morrisshire,Mid,156,Platinum
C101604,105.0,1.0,464.99,0,Steady Redeemers,50,F,North Emilychester,Low,123,Gold
C101605,97.0,4.0,2336.42,3,"Champions (high-value, engaged)",40,M,Michaelmouth,Mid,136,Platinum
C101606,159.0,5.0,5752.12,3,"Champions (high-value, engaged)",21,M,Brittneytown,Low,157,Green
C101607,242.0,3.0,6294.93,0,Steady Redeemers,28,M,Garystad,High,139,Green
C101608,262.0,6.0,10799.13,3,"Champions (high-value, engaged)",31,M,Hansonmouth,Mid,18,Green
C101609,65.0,2.0,4546.76,0,Steady Redeemers,50,M,Port Jesusstad,Mid,50,Gold
C101610,163.0,4.0,7758.77,3,"Champions (high-value, engaged)",51,F,Port Jessica,High,142,Platinum
C101611,185.0,3.0,10724.16,0,Steady Redeemers,41,M,North Jodibury,High,118,Green
C101612,191.0,2.0,1086.42,0,Steady Redeemers,32,M,Port Marissa,Mid,137,Green
C101613,-10.0,4.0,6916.5,3,"Champions (high-value, engaged)",27,F,Alexanderville,Mid,139,Green
C101614,11.0,5.0,2279.45,3,"Champions (high-value, engaged)",50,F,Shannontown,Mid,108,Gold
C101615,153.0,4.0,7135.53,3,"Champions (high-value, engaged)",23,F,Jasonside,High,67,Green
C101616,7.0,5.0,6883.01,3,"Champions (high-value, engaged)",36,F,East Amy,Affluent,167,Green
C101617,217.0,4.0,6711.389999999999,3,"Champions (high-value, engaged)",64,M,Anaberg,High,78,Platinum
C101618,111.0,3.0,2274.63,0,Steady Redeemers,32,F,South Brandyhaven,Mid,156,Green
C101619,40.0,4.0,5521.0599999999995,3,"Champions (high-value, engaged)",24,M,West Georgeport,High,75,Gold
C101620,196.0,2.0,1918.6599999999999,0,Steady Redeemers,21,M,Port Heather,Mid,39,Gold
C101621,40.0,6.0,4345.12,3,"Champions (high-value, engaged)",64,M,Briantown,Low,25,Gold
C101622,345.0,2.0,806.11,2,At-Risk / Lapsing,41,F,South Donnastad,Mid,21,Green
C101623,137.0,2.0,8820.619999999999,0,Steady Redeemers,28,M,North Kellyfurt,Affluent,138,Platinum
C101624,560.0,0.0,0.0,1,Low-Engagement / New,35,F,South William,Low,171,Gold
C101625,144.0,1.0,2257.91,0,Steady Redeemers,30,M,West Toddside,High,15,Green
C101626,128.0,3.0,2947.9700000000003,0,Steady Redeemers,21,M,East Jamesmouth,Mid,48,Green
C101627,490.0,1.0,1391.97,2,At-Risk / Lapsing,46,M,North Johnhaven,Mid,86,Green
C101628,504.0,1.0,388.12,2,At-Risk / Lapsing,38,M,Matthewfurt,Low,149,Platinum
C101629,134.0,6.0,5097.0,3,"Champions (high-value, engaged)",45,F,North Michael,Mid,116,Gold
C101630,138.0,3.0,2959.79,0,Steady Redeemers,38,F,Michaelport,High,50,Green
C101631,28.0,3.0,6918.54,0,Steady Redeemers,39,M,New Joshua,Mid,151,Green
C101632,297.0,2.0,1970.23,2,At-Risk / Lapsing,21,F,Lake Jonathanfurt,High,141,Platinum
C101633,96.0,7.0,18796.13,3,"Champions (high-value, engaged)",47,F,New Stacybury,High,69,Platinum
C101634,17.0,3.0,7660.360000000001,3,"Champions (high-value, engaged)",26,M,West Penny,Affluent,4,Gold
C101635,539.0,1.0,594.51,2,At-Risk / Lapsing,28,F,North Jessica,Mid,78,Gold
C101636,59.0,3.0,1629.73,0,Steady Redeemers,32,F,South John,Mid,9,Platinum
C101637,510.0,1.0,524.53,2,At-Risk / Lapsing,21,M,South Tara,Low,121,Gold
C101638,92.0,4.0,6850.92,3,"Champions (high-value, engaged)",31,M,Shaneberg,Affluent,115,Gold
C101639,22.0,8.0,16466.51,3,"Champions (high-value, engaged)",30,M,Lake Dillon,Affluent,163,Green
C101640,175.0,3.0,2024.32,0,Steady Redeemers,33,M,Port Devin,Mid,101,Platinum
C101641,276.0,2.0,2766.87,2,At-Risk / Lapsing,21,M,South Wendy,High,149,Green
C101642,0.0,4.0,3531.79,3,"Champions (high-value, engaged)",48,F,Lake Sarah,Mid,146,Green
C101643,286.0,3.0,3122.54,2,At-Risk / Lapsing,42,F,West Carlos,Mid,97,Platinum
C101644,31.0,1.0,1446.75,0,Steady Redeemers,28,M,East Lonnieberg,Low,81,Gold
C101645,395.0,1.0,591.72,2,At-Risk / Lapsing,31,M,Port Lucaschester,High,43,Platinum
C101646,44.0,6.0,4637.96,3,"Champions (high-value, engaged)",47,F,Turnerview,Low,95,Gold
C101647,264.0,3.0,2685.41,2,At-Risk / Lapsing,35,M,Port Jacob,High,6,Platinum
C101648,333.0,2.0,2165.1099999999997,2,At-Risk / Lapsing,24,F,East Anthony,High,67,Green
C101649,235.0,1.0,650.31,2,At-Risk / Lapsing,37,F,Catherinebury,High,140,Gold
C101650,6.0,5.0,4933.18,3,"Champions (high-value, engaged)",26,F,East Grace,Low,100,Green
C101651,199.0,2.0,4523.42,0,Steady Redeemers,30,F,Christopherfort,Mid,12,Green
C101652,122.0,1.0,537.19,0,Steady Redeemers,37,M,New Meghan,Mid,66,Green
C101653,167.0,3.0,2985.26,0,Steady Redeemers,49,M,Josephstad,Mid,2,Gold
C101654,200.0,6.0,4484.58,3,"Champions (high-value, engaged)",60,F,Port Paul,Low,143,Green
C101655,306.0,3.0,9939.55,2,At-Risk / Lapsing,52,F,Taylorborough,Affluent,151,Gold
C101656,39.0,3.0,2163.21,0,Steady Redeemers,37,M,North Ricky,Mid,157,Green
C101657,445.0,2.0,2003.87,2,At-Risk / Lapsing,62,M,West Stephaniebury,Mid,81,Green
C101658,-6.0,4.0,4974.07,3,"Champions (high-value, engaged)",44,F,Port James,Mid,135,Gold
C101659,-11.0,3.0,2634.65,0,Steady Redeemers,27,M,South Michelle,Mid,156,Centurion
C101660,195.0,4.0,3093.27,3,"Champions (high-value, engaged)",39,M,Wattsmouth,Mid,142,Green
C101661,70.0,4.0,5731.47,3,"Champions (high-value, engaged)",30,F,South Richard,Mid,172,Gold
C101662,51.0,6.0,26358.43,3,"Champions (high-value, engaged)",24,M,New Jillfurt,Affluent,158,Centurion
C101663,145.0,1.0,1836.31,0,Steady Redeemers,25,M,Phillipshire,Mid,160,Gold
C101664,41.0,8.0,20847.75,3,"Champions (high-value, engaged)",36,F,New Danielmouth,Affluent,70,Gold
C101665,230.0,6.0,24069.91,3,"Champions (high-value, engaged)",46,F,East Aprilfurt,High,115,Green
C101666,68.0,3.0,3714.1499999999996,0,Steady Redeemers,49,M,New Paulton,Mid,88,Gold
C101667,354.0,3.0,9192.93,2,At-Risk / Lapsing,24,M,West Scott,Affluent,6,Green
C101668,361.0,1.0,722.93,2,At-Risk / Lapsing,34,F,Kimport,Low,27,Gold
C101669,34.0,4.0,5374.629999999999,3,"Champions (high-value, engaged)",43,M,Jacksonport,High,82,Platinum
C101670,228.0,4.0,2391.6800000000003,3,"Champions (high-value, engaged)",39,M,Lake Zacharyberg,Mid,88,Gold
C101671,170.0,3.0,9067.810000000001,0,Steady Redeemers,45,M,Gallegosmouth,High,120,Green
C101672,241.0,3.0,10972.22,0,Steady Redeemers,33,F,Lake Vincentburgh,High,24,Platinum
C101673,38.0,4.0,6042.98,3,"Champions (high-value, engaged)",52,F,South Robert,High,102,Gold
C101674,76.0,4.0,7025.9,3,"Champions (high-value, engaged)",37,F,Johnsonmouth,High,34,Platinum
C101675,-4.0,4.0,2856.6800000000003,3,"Champions (high-value, engaged)",46,F,South Christopher,Mid,168,Gold
C101676,49.0,1.0,2016.52,0,Steady Redeemers,33,F,Heatherburgh,Low,47,Green
C101677,437.0,2.0,1583.45,2,At-Risk / Lapsing,38,M,North Dannymouth,Mid,24,Gold
C101678,370.0,1.0,278.31,2,At-Risk / Lapsing,21,F,Christopherfurt,Low,65,Gold
C101679,78.0,5.0,14478.73,3,"Champions (high-value, engaged)",28,F,South Andrea,High,18,Green
C101680,64.0,1.0,2991.45,0,Steady Redeemers,35,F,Port Georgemouth,Mid,44,Gold
C101681,27.0,2.0,18671.43,0,Steady Redeemers,39,M,East Misty,Affluent,76,Gold
C101682,432.0,2.0,1221.18,2,At-Risk / Lapsing,67,F,Port Jennifer,Mid,57,Gold
C101683,184.0,1.0,2285.33,0,Steady Redeemers,33,F,Parkermouth,High,107,Green
C101684,12.0,2.0,2161.6400000000003,0,Steady Redeemers,22,M,Courtneyville,Low,156,Gold
C101685,299.0,1.0,1043.18,2,At-Risk / Lapsing,56,F,East Adam,High,124,Green
C101686,186.0,6.0,12978.56,3,"Champions (high-value, engaged)",49,F,Alexanderfort,Affluent,151,Gold
C101687,88.0,3.0,5133.48,0,Steady Redeemers,25,F,Stephenstown,Mid,162,Green
C101688,47.0,2.0,2100.7799999999997,0,Steady Redeemers,43,M,Youngshire,Mid,139,Green
C101689,118.0,9.0,6668.6900000000005,3,"Champions (high-value, engaged)",47,M,Chavezmouth,High,163,Green
C101690,426.0,1.0,692.68,2,At-Risk / Lapsing,39,F,New Carolbury,Low,116,Green
C101691,4.0,4.0,4879.95,3,"Champions (high-value, engaged)",41,F,Christineside,Mid,93,Gold
C101692,177.0,5.0,3069.95,3,"Champions (high-value, engaged)",31,F,North Jack,Mid,42,Centurion
C101693,60.0,3.0,1389.87,0,Steady Redeemers,43,F,Lake Michaelberg,Low,28,Gold
C101694,532.0,1.0,969.75,2,At-Risk / Lapsing,32,M,Lake Belindaport,Mid,123,Gold
C101695,68.0,6.0,4385.97,3,"Champions (high-value, engaged)",21,F,Samanthaton,Low,24,Platinum
C101696,145.0,3.0,6677.719999999999,0,Steady Redeemers,40,F,South Victoriaburgh,Low,136,Platinum
C101697,159.0,3.0,2669.7,0,Steady Redeemers,21,F,Cherylshire,Low,106,Platinum
C101698,71.0,8.0,20870.1,3,"Champions (high-value, engaged)",49,F,South Kara,Affluent,118,Green
C101699,156.0,4.0,3079.2400000000002,3,"Champions (high-value, engaged)",25,F,Sarahland,Mid,53,Gold
C101700,109.0,1.0,4758.18,0,Steady Redeemers,21,F,Marcusfurt,Affluent,132,Platinum
C101701,364.0,2.0,3177.57,2,At-Risk / Lapsing,21,M,Port Ronaldside,Mid,100,Platinum
C101702,1.0,2.0,4209.17,0,Steady Redeemers,37,M,West Thomasville,Mid,5,Gold
C101703,249.0,5.0,3696.6400000000003,3,"Champions (high-value, engaged)",40,M,Markchester,Mid,49,Green
C101704,560.0,0.0,0.0,1,Low-Engagement / New,22,M,Lake Jason,Mid,98,Centurion
C101705,18.0,6.0,4171.13,3,"Champions (high-value, engaged)",26,M,North Ashleyhaven,Low,30,Gold
C101706,230.0,2.0,1572.2399999999998,2,At-Risk / Lapsing,37,F,South Jenniferport,Mid,72,Green
C101707,461.0,1.0,547.78,2,At-Risk / Lapsing,48,F,Lynchmouth,Mid,103,Green
C101708,560.0,0.0,0.0,1,Low-Engagement / New,24,F,Aliciastad,Mid,63,Gold
C101709,122.0,2.0,6000.0199999999995,0,Steady Redeemers,42,M,New Anna,High,175,Green
C101710,450.0,2.0,990.3800000000001,2,At-Risk / Lapsing,21,F,Vasquezburgh,Low,26,Green
C101711,-4.0,5.0,2958.67,3,"Champions (high-value, engaged)",41,F,Lake Kelly,Low,37,Centurion
C101712,278.0,2.0,2889.84,2,At-Risk / Lapsing,46,F,North David,High,7,Green
C101713,375.0,2.0,2276.6000000000004,2,At-Risk / Lapsing,43,F,Garrettville,Mid,127,Gold
C101714,346.0,4.0,4366.78,2,At-Risk / Lapsing,48,F,Port Christina,Low,168,Platinum
C101715,3.0,2.0,4601.49,0,Steady Redeemers,48,M,Gutierrezmouth,Affluent,92,Gold
C101716,22.0,2.0,484.44000000000005,0,Steady Redeemers,58,F,Annborough,Low,167,Green
C101717,-5.0,4.0,8787.01,3,"Champions (high-value, engaged)",39,F,Lake Jamesport,High,103,Gold
C101718,59.0,5.0,15295.2,3,"Champions (high-value, engaged)",58,M,Kristyport,Affluent,53,Green
C101719,-5.0,4.0,3583.57,3,"Champions (high-value, engaged)",27,F,Williammouth,Mid,132,Green
C101720,86.0,3.0,1581.93,0,Steady Redeemers,35,M,North Ginamouth,Low,108,Gold
C101721,10.0,6.0,3869.5,3,"Champions (high-value, engaged)",36,M,Ramseytown,Low,112,Platinum
C101722,209.0,3.0,3122.62,0,Steady Redeemers,26,F,East Mark,Mid,153,Gold
C101723,136.0,2.0,948.21,0,Steady Redeemers,21,M,Sandrafort,Low,7,Green
C101724,84.0,8.0,11184.95,3,"Champions (high-value, engaged)",47,F,Roblesberg,High,156,Gold
C101725,402.0,1.0,663.3,2,At-Risk / Lapsing,27,F,Mooremouth,Low,67,Green
C101726,-8.0,11.0,12753.78,3,"Champions (high-value, engaged)",33,F,Stevenchester,Mid,108,Gold
C101727,-5.0,8.0,12935.91,3,"Champions (high-value, engaged)",55,M,Port Adrianashire,Affluent,111,Green
C101728,107.0,2.0,2151.2200000000003,0,Steady Redeemers,44,F,Angelatown,High,148,Platinum
C101729,560.0,0.0,0.0,1,Low-Engagement / New,57,F,New Gina,Mid,83,Green
C101730,154.0,2.0,1053.3,0,Steady Redeemers,39,F,Carlberg,Mid,124,Green
C101731,-17.0,6.0,15384.99,3,"Champions (high-value, engaged)",44,F,Marymouth,Mid,139,Gold
C101732,193.0,2.0,3206.4900000000002,0,Steady Redeemers,35,M,Simsburgh,Mid,104,Green
C101733,116.0,4.0,3049.42,3,"Champions (high-value, engaged)",28,F,Lopezville,Mid,67,Gold
C101734,61.0,2.0,2272.48,0,Steady Redeemers,44,F,Janetmouth,Low,7,Platinum
C101735,213.0,3.0,2877.2,0,Steady Redeemers,33,M,West Robertfort,High,151,Green
C101736,233.0,7.0,5675.3,3,"Champions (high-value, engaged)",45,M,West Shannon,Mid,110,Green
C101737,200.0,1.0,530.09,2,At-Risk / Lapsing,31,F,Javierport,Low,34,Centurion
C101738,560.0,0.0,0.0,1,Low-Engagement / New,36,M,North Neil,Mid,106,Gold
C101739,560.0,0.0,0.0,1,Low-Engagement / New,36,F,Port Jamesland,Mid,147,Centurion
C101740,29.0,3.0,2958.14,0,Steady Redeemers,49,M,Hunterfort,High,58,Green
C101741,227.0,2.0,3070.6099999999997,0,Steady Redeemers,33,F,East Matthew,High,9,Green
C101742,9.0,5.0,8766.26,3,"Champions (high-value, engaged)",51,F,Oconnorhaven,High,48,Green
C101743,12.0,6.0,3234.94,3,"Champions (high-value, engaged)",28,F,Kimberlyberg,Low,115,Green
C101744,-4.0,5.0,5156.3,3,"Champions (high-value, engaged)",40,F,Port Tonihaven,Mid,41,Gold
C101745,116.0,3.0,2796.6,0,Steady Redeemers,30,F,East Jenny,Mid,48,Green
C101746,89.0,4.0,6629.82,3,"Champions (high-value, engaged)",50,F,Hugheshaven,Low,173,Gold
C101747,51.0,3.0,3121.55,0,Steady Redeemers,28,F,North Larryton,Mid,25,Green
C101748,269.0,2.0,2159.7,2,At-Risk / Lapsing,30,F,West Steventon,High,116,Platinum
C101749,218.0,3.0,2103.57,0,Steady Redeemers,24,M,New Katieport,Low,78,Green
C101750,404.0,2.0,1476.3600000000001,2,At-Risk / Lapsing,39,F,New Katherineborough,Mid,108,Green
C101751,102.0,3.0,3011.21,0,Steady Redeemers,44,M,Jamesport,Mid,25,Gold
C101752,26.0,3.0,4586.32,0,Steady Redeemers,43,F,Amandamouth,Low,147,Green
C101753,299.0,2.0,1121.5700000000002,2,At-Risk / Lapsing,36,M,West Edwardview,Mid,39,Gold
C101754,0.0,4.0,14067.18,3,"Champions (high-value, engaged)",30,M,North Susanside,Affluent,119,Gold
C101755,-11.0,6.0,10180.86,3,"Champions (high-value, engaged)",34,M,East Amyside,High,79,Platinum
C101756,41.0,8.0,28821.25,3,"Champions (high-value, engaged)",35,M,Josephport,Affluent,80,Gold
C101757,280.0,1.0,877.19,2,At-Risk / Lapsing,40,M,East Charles,Mid,27,Gold
C101758,518.0,1.0,3064.33,2,At-Risk / Lapsing,40,F,Amberton,Low,104,Centurion
C101759,129.0,2.0,1931.85,0,Steady Redeemers,57,F,North Thomas,Mid,74,Centurion
C101760,503.0,1.0,442.96,2,At-Risk / Lapsing,38,M,North Patrickland,Mid,68,Gold
C101761,310.0,3.0,5244.12,2,At-Risk / Lapsing,41,M,Myersshire,High,147,Gold
C101762,-6.0,5.0,2409.23,3,"Champions (high-value, engaged)",38,F,Jensenport,Low,28,Gold
C101763,155.0,1.0,1258.1,0,Steady Redeemers,34,M,Lisaside,Mid,123,Green
C101764,78.0,3.0,1083.55,0,Steady Redeemers,41,F,Port Kathyshire,Low,161,Centurion
C101765,310.0,2.0,2417.83,2,At-Risk / Lapsing,33,M,North Lisa,Mid,138,Gold
C101766,280.0,7.0,11981.85,3,"Champions (high-value, engaged)",37,F,Davisport,High,83,Green
C101767,560.0,0.0,0.0,1,Low-Engagement / New,50,M,Ruizbury,Mid,30,Green
C101768,10.0,6.0,9617.33,3,"Champions (high-value, engaged)",32,M,Port Paula,Mid,22,Green
C101769,-9.0,1.0,626.47,0,Steady Redeemers,42,F,Robertafurt,Mid,3,Green
C101770,337.0,1.0,1014.66,2,At-Risk / Lapsing,21,M,Lake Samantha,Mid,101,Green
C101771,7.0,3.0,2826.86,0,Steady Redeemers,35,F,Kristinamouth,High,105,Gold
C101772,99.0,4.0,7812.72,3,"Champions (high-value, engaged)",32,F,Freemanland,High,176,Green
C101773,27.0,6.0,20669.8,3,"Champions (high-value, engaged)",39,F,Rodriguezfort,Affluent,2,Gold
C101774,185.0,5.0,5731.04,3,"Champions (high-value, engaged)",35,F,Singletonport,High,54,Green
C101775,418.0,1.0,905.49,2,At-Risk / Lapsing,39,M,Cassandraberg,Mid,6,Green
C101776,97.0,5.0,5032.29,3,"Champions (high-value, engaged)",33,F,South Lisaville,High,107,Gold
C101777,65.0,3.0,5259.9,0,Steady Redeemers,42,M,Angelaland,Mid,168,Platinum
C101778,25.0,3.0,1745.0700000000002,0,Steady Redeemers,21,F,Amandafurt,Mid,123,Gold
C101779,30.0,3.0,4504.1900000000005,0,Steady Redeemers,39,F,Allenbury,High,2,Gold
C101780,46.0,4.0,1998.81,3,"Champions (high-value, engaged)",27,M,South Patrick,Low,111,Gold
C101781,47.0,1.0,2822.92,0,Steady Redeemers,50,M,Jaredshire,Affluent,2,Green
C101782,172.0,2.0,1290.81,0,Steady Redeemers,27,F,Muellerchester,Mid,93,Green
C101783,106.0,5.0,16169.27,3,"Champions (high-value, engaged)",48,F,Amybury,Mid,101,Green
C101784,29.0,4.0,8701.9,3,"Champions (high-value, engaged)",37,F,Lake Elizabeth,High,97,Gold
C101785,8.0,8.0,18975.5,3,"Champions (high-value, engaged)",21,F,Wilsonmouth,High,111,Gold
C101786,463.0,1.0,804.25,2,At-Risk / Lapsing,28,M,Angelamouth,Mid,6,Gold
C101787,229.0,2.0,1833.51,0,Steady Redeemers,47,F,West Stephanie,Mid,127,Green
C101788,-16.0,4.0,4291.73,3,"Champions (high-value, engaged)",46,F,New Danielfurt,Low,104,Platinum
C101789,401.0,3.0,3603.18,2,At-Risk / Lapsing,23,M,Troyton,Mid,147,Green
C101790,24.0,2.0,1777.73,0,Steady Redeemers,55,M,East Lisashire,Low,155,Green
C101791,335.0,1.0,644.53,2,At-Risk / Lapsing,37,F,Port Dwayneberg,High,1,Green
C101792,224.0,3.0,4344.23,0,Steady Redeemers,47,F,Schmidtfurt,Mid,33,Gold
C101793,31.0,3.0,3083.3799999999997,0,Steady Redeemers,24,M,Gonzalezmouth,High,40,Green
C101794,158.0,2.0,5644.21,0,Steady Redeemers,32,F,Ashleyport,Low,32,Gold
C101795,99.0,2.0,1173.0900000000001,0,Steady Redeemers,42,F,Robbinsstad,Low,17,Platinum
C101796,560.0,0.0,0.0,1,Low-Engagement / New,34,F,New Alanhaven,High,126,Green
C101797,560.0,0.0,0.0,1,Low-Engagement / New,21,M,Abbottport,Low,8,Gold
C101798,43.0,1.0,1258.45,0,Steady Redeemers,35,F,West Rachelton,Low,57,Green
C101799,311.0,3.0,2137.52,2,At-Risk / Lapsing,21,M,Lake Annstad,Low,42,Green
C101800,59.0,7.0,15820.59,3,"Champions (high-value, engaged)",26,F,Port Juliantown,Affluent,98,Green
C101801,54.0,6.0,7194.59,3,"Champions (high-value, engaged)",22,M,South Jacqueline,High,137,Centurion
C101802,-1.0,3.0,5019.29,0,Steady Redeemers,50,F,Garrettfurt,Mid,120,Gold
C101803,49.0,2.0,1412.71,0,Steady Redeemers,53,M,Jamesside,Mid,87,Platinum
C101804,418.0,2.0,2222.49,2,At-Risk / Lapsing,41,F,Lake Glenn,Mid,163,Green
C101805,87.0,1.0,1593.01,0,Steady Redeemers,35,M,East Angela,High,54,Platinum
C101806,329.0,2.0,1686.75,2,At-Risk / Lapsing,38,M,Maryberg,High,84,Platinum
C101807,560.0,0.0,0.0,1,Low-Engagement / New,50,M,Whitneyberg,Low,25,Gold
C101808,165.0,1.0,512.58,0,Steady Redeemers,21,M,North Charles,Low,67,Platinum
C101809,127.0,5.0,4543.6,3,"Champions (high-value, engaged)",26,F,East Jenniferfort,Low,174,Green
C101810,137.0,2.0,1754.67,0,Steady Redeemers,49,M,Proctorberg,High,152,Gold
C101811,80.0,3.0,4279.97,0,Steady Redeemers,51,M,East Dawnchester,High,46,Gold
C101812,20.0,2.0,2243.03,0,Steady Redeemers,44,M,Englishchester,Mid,22,Gold
C101813,24.0,7.0,4462.97,3,"Champions (high-value, engaged)",26,M,South William,Low,139,Platinum
C101814,74.0,1.0,644.43,0,Steady Redeemers,48,M,Cruzbury,Low,176,Green
C101815,304.0,3.0,5058.8099999999995,2,At-Risk / Lapsing,52,M,South Cassandra,Affluent,8,Green
C101816,57.0,3.0,3659.04,0,Steady Redeemers,45,F,Bradfordbury,Mid,39,Green
C101817,42.0,3.0,6580.67,0,Steady Redeemers,21,M,Robertside,High,163,Platinum
C101818,489.0,1.0,1999.9,2,At-Risk / Lapsing,39,F,Arthurton,Mid,49,Platinum
C101819,144.0,2.0,1813.2199999999998,0,Steady Redeemers,44,M,Bushville,Mid,46,Gold
C101820,216.0,2.0,1425.8899999999999,0,Steady Redeemers,32,M,Nixonland,Mid,38,Gold
C101821,560.0,0.0,0.0,1,Low-Engagement / New,40,F,Lake Jessica,Low,136,Gold
C101822,19.0,8.0,7039.9400000000005,3,"Champions (high-value, engaged)",32,F,Stevenland,Mid,54,Gold
C101823,-20.0,8.0,12498.76,3,"Champions (high-value, engaged)",28,M,East Thomasland,High,165,Green
C101824,189.0,3.0,1507.71,0,Steady Redeemers,54,M,Chloemouth,Mid,92,Gold
C101825,1.0,3.0,1314.48,0,Steady Redeemers,40,M,South Shawnfort,Mid,40,Gold
C101826,287.0,4.0,4290.08,2,At-Risk / Lapsing,25,F,Robertport,Low,34,Gold
C101827,-4.0,5.0,10983.560000000001,3,"Champions (high-value, engaged)",22,F,Garyport,Affluent,96,Green
C101828,174.0,1.0,1527.95,0,Steady Redeemers,28,F,Bryanfort,High,79,Platinum
C101829,-7.0,2.0,1166.67,0,Steady Redeemers,28,M,New Brett,Mid,127,Platinum
C101830,104.0,6.0,23255.01,3,"Champions (high-value, engaged)",39,F,Lisatown,Affluent,17,Gold
C101831,5.0,6.0,13155.77,3,"Champions (high-value, engaged)",43,F,Toddberg,Mid,161,Gold
C101832,268.0,2.0,1730.49,2,At-Risk / Lapsing,43,F,Port Kristenview,Mid,175,Gold
C101833,76.0,5.0,8624.61,3,"Champions (high-value, engaged)",29,F,New Juan,High,110,Gold
C101834,-7.0,3.0,8867.59,3,"Champions (high-value, engaged)",48,F,Alexisville,High,52,Green
C101835,416.0,1.0,1488.87,2,At-Risk / Lapsing,51,F,New Joanne,High,118,Platinum
C101836,63.0,1.0,1023.23,0,Steady Redeemers,35,F,Woodburgh,Low,9,Gold
C101837,260.0,3.0,1951.28,2,At-Risk / Lapsing,26,M,Kimberlybury,Mid,33,Gold
C101838,150.0,1.0,3951.82,0,Steady Redeemers,39,F,Whitehaven,Affluent,113,Gold
C101839,401.0,1.0,587.63,2,At-Risk / Lapsing,61,F,West Traceyberg,Mid,149,Gold
C101840,115.0,3.0,4471.65,0,Steady Redeemers,26,M,Port Tyler,Mid,85,Platinum
C101841,-6.0,4.0,6910.049999999999,3,"Champions (high-value, engaged)",32,M,Townsendbury,Mid,10,Gold
C101842,43.0,3.0,1294.03,0,Steady Redeemers,38,M,Barberburgh,Mid,6,Platinum
C101843,-7.0,5.0,5031.91,3,"Champions (high-value, engaged)",43,M,New Jessica,Mid,115,Gold
C101844,94.0,2.0,2467.32,0,Steady Redeemers,21,F,Brianview,Affluent,121,Centurion
C101845,-5.0,3.0,2052.39,0,Steady Redeemers,52,M,North Garyfurt,Mid,141,Platinum
C101846,160.0,1.0,2277.63,0,Steady Redeemers,52,F,Turnerside,Low,65,Green
C101847,320.0,1.0,978.27,2,At-Risk / Lapsing,33,M,South Frances,Low,20,Platinum
C101848,-25.0,5.0,20226.39,3,"Champions (high-value, engaged)",67,M,Wellsberg,High,57,Gold
C101849,9.0,5.0,7353.620000000001,3,"Champions (high-value, engaged)",51,F,Smithmouth,Mid,46,Centurion
C101850,279.0,5.0,3994.0299999999997,3,"Champions (high-value, engaged)",50,F,Gregoryhaven,Mid,136,Gold
C101851,48.0,8.0,10739.32,3,"Champions (high-value, engaged)",51,M,North Samanthastad,High,10,Green
C101852,105.0,5.0,5755.4,3,"Champions (high-value, engaged)",50,F,Bishopview,High,113,Green
C101853,560.0,0.0,0.0,1,Low-Engagement / New,37,M,Josephville,High,139,Gold
C101854,38.0,2.0,2771.5,0,Steady Redeemers,36,M,Destinyfurt,Affluent,12,Platinum
C101855,17.0,4.0,2049.87,3,"Champions (high-value, engaged)",27,F,Mejiabury,Mid,138,Gold
C101856,17.0,4.0,6306.12,3,"Champions (high-value, engaged)",31,M,New Matthew,High,153,Green
C101857,57.0,3.0,1677.87,0,Steady Redeemers,34,F,West Amy,Mid,177,Gold
C101858,7.0,3.0,2319.59,0,Steady Redeemers,38,F,Port Carloschester,High,177,Gold
C101859,523.0,1.0,2513.62,2,At-Risk / Lapsing,55,M,New Daltonmouth,High,11,Green
C101860,21.0,1.0,1240.94,0,Steady Redeemers,21,F,Jeffreyport,High,118,Green
C101861,-14.0,9.0,42707.69,3,"Champions (high-value, engaged)",52,M,Jamestown,High,164,Green
C101862,49.0,4.0,3555.56,3,"Champions (high-value, engaged)",26,F,North Sheenaborough,Low,39,Green
C101863,-12.0,3.0,1994.42,0,Steady Redeemers,36,M,Lake Susanland,Mid,53,Green
C101864,77.0,2.0,10561.52,0,Steady Redeemers,30,F,South Diana,Affluent,56,Green
C101865,448.0,1.0,7109.71,2,At-Risk / Lapsing,58,F,North Heather,Affluent,104,Platinum
C101866,260.0,1.0,259.92,2,At-Risk / Lapsing,32,M,Kennethland,Low,129,Green
C101867,560.0,0.0,0.0,1,Low-Engagement / New,43,F,Livingstonview,Low,56,Green
C101868,252.0,2.0,857.4000000000001,2,At-Risk / Lapsing,44,F,Schwartzmouth,Low,118,Green
C101869,172.0,2.0,1894.1100000000001,0,Steady Redeemers,25,F,Fernandoland,High,132,Gold
C101870,209.0,2.0,4109.45,0,Steady Redeemers,36,F,Kimberlyfurt,High,30,Gold
C101871,2.0,4.0,3869.33,3,"Champions (high-value, engaged)",51,M,Cookton,Mid,12,Green
C101872,389.0,1.0,704.59,2,At-Risk / Lapsing,28,M,Stephanieview,Mid,35,Gold
C101873,80.0,2.0,3023.76,0,Steady Redeemers,47,M,South Chad,High,77,Gold
C101874,158.0,2.0,1796.2199999999998,0,Steady Redeemers,34,M,New Philip,High,180,Green
C101875,222.0,3.0,2039.56,0,Steady Redeemers,50,M,Rodriguezside,Mid,159,Gold
C101876,174.0,6.0,8241.8,3,"Champions (high-value, engaged)",57,M,Robinsonville,Mid,102,Gold
C101877,-16.0,4.0,5668.139999999999,3,"Champions (high-value, engaged)",21,M,Baldwinville,Mid,87,Green
C101878,170.0,2.0,1719.69,0,Steady Redeemers,23,F,North Chadview,Mid,52,Gold
C101879,-19.0,3.0,2494.56,0,Steady Redeemers,33,M,Smithfort,Mid,80,Platinum
C101880,94.0,2.0,2251.95,0,Steady Redeemers,54,M,Lake Danielle,High,135,Gold
C101881,22.0,1.0,2125.96,0,Steady Redeemers,43,M,Lake Peterberg,High,22,Green
C101882,86.0,4.0,3165.15,3,"Champions (high-value, engaged)",24,F,Rebeccashire,Mid,75,Platinum
C101883,31.0,4.0,8089.24,3,"Champions (high-value, engaged)",45,F,New Jasminefort,High,58,Gold
C101884,22.0,5.0,3745.63,3,"Champions (high-value, engaged)",27,M,Grahamland,Low,93,Green
C101885,29.0,3.0,2199.55,0,Steady Redeemers,47,F,North Patrick,Mid,103,Gold
C101886,282.0,2.0,7299.42,2,At-Risk / Lapsing,43,F,Martinezside,Low,140,Gold
C101887,560.0,0.0,0.0,1,Low-Engagement / New,27,F,Mathewport,Mid,7,Platinum
C101888,25.0,5.0,10956.36,3,"Champions (high-value, engaged)",37,F,Brownland,High,128,Green
C101889,415.0,2.0,5625.04,2,At-Risk / Lapsing,51,M,Amandamouth,Affluent,55,Green
C101890,44.0,6.0,4913.25,3,"Champions (high-value, engaged)",21,M,Port Steveport,Low,106,Gold
C101891,65.0,4.0,6107.3,3,"Champions (high-value, engaged)",41,M,East Angela,Mid,62,Platinum
C101892,270.0,1.0,2800.31,2,At-Risk / Lapsing,25,F,Guerreroport,High,90,Green
C101893,560.0,0.0,0.0,1,Low-Engagement / New,37,M,Mosleystad,Mid,98,Platinum
C101894,118.0,3.0,6453.13,0,Steady Redeemers,43,F,Millermouth,Mid,77,Gold
C101895,409.0,1.0,3238.07,2,At-Risk / Lapsing,60,M,East Austin,High,119,Platinum
C101896,144.0,5.0,4538.03,3,"Champions (high-value, engaged)",37,M,Lake Wendybury,Mid,36,Gold
C101897,108.0,3.0,4457.54,0,Steady Redeemers,54,F,Priceside,Low,89,Green
C101898,109.0,5.0,2164.27,3,"Champions (high-value, engaged)",28,F,Victormouth,Mid,152,Gold
C101899,1.0,1.0,844.09,0,Steady Redeemers,32,F,North Matthewmouth,High,172,Platinum
C101900,112.0,2.0,1116.1100000000001,0,Steady Redeemers,44,M,South Davidhaven,Mid,145,Green
C101901,105.0,1.0,330.51,0,Steady Redeemers,40,F,Bentleyside,Low,130,Gold
C101902,142.0,4.0,4908.6,3,"Champions (high-value, engaged)",34,M,Lake Beth,High,141,Green
C101903,-2.0,4.0,4842.43,3,"Champions (high-value, engaged)",34,F,North Jillfort,Low,159,Green
C101904,321.0,3.0,2539.64,2,At-Risk / Lapsing,52,M,South Rebeccaton,High,93,Platinum
C101905,-5.0,3.0,1782.71,0,Steady Redeemers,34,F,Lake Deborah,Mid,114,Green
C101906,118.0,4.0,17299.0,3,"Champions (high-value, engaged)",26,F,East Cynthiaport,Affluent,28,Platinum
C101907,378.0,2.0,2606.73,2,At-Risk / Lapsing,28,F,South Cherylshire,Mid,155,Gold
C101908,270.0,3.0,5563.13,2,At-Risk / Lapsing,45,F,Port Lisaville,Mid,143,Centurion
C101909,-17.0,3.0,1855.5800000000002,0,Steady Redeemers,62,F,Larsonbury,Low,33,Green
C101910,560.0,0.0,0.0,1,Low-Engagement / New,32,F,Port Jamesmouth,Mid,20,Green
C101911,139.0,5.0,6778.32,3,"Champions (high-value, engaged)",61,F,Nguyenshire,High,170,Green
C101912,560.0,0.0,0.0,1,Low-Engagement / New,37,M,West Mary,Affluent,140,Platinum
C101913,126.0,5.0,4343.95,3,"Champions (high-value, engaged)",34,M,Port Brandon,Mid,101,Gold
C101914,33.0,4.0,6839.2300000000005,3,"Champions (high-value, engaged)",27,F,West Bryan,Mid,23,Green
C101915,21.0,6.0,14200.66,3,"Champions (high-value, engaged)",35,F,Donaldchester,High,112,Platinum
C101916,138.0,6.0,9324.66,3,"Champions (high-value, engaged)",29,M,Lake Mitchell,High,14,Platinum
C101917,-4.0,4.0,3844.07,3,"Champions (high-value, engaged)",28,M,South John,Mid,91,Platinum
C101918,560.0,0.0,0.0,1,Low-Engagement / New,21,M,East Craigfurt,Mid,153,Green
C101919,119.0,4.0,3309.2400000000002,3,"Champions (high-value, engaged)",57,F,North Nichole,Mid,77,Green
C101920,347.0,3.0,7130.65,2,At-Risk / Lapsing,49,M,North Adrianland,High,85,Gold
C101921,560.0,0.0,0.0,1,Low-Engagement / New,40,M,Robertfort,Low,109,Gold
C101922,77.0,2.0,9728.9,0,Steady Redeemers,36,M,East Douglas,Mid,31,Green
C101923,524.0,1.0,825.55,2,At-Risk / Lapsing,37,M,Alexandrachester,Mid,122,Green
C101924,168.0,3.0,2618.89,0,Steady Redeemers,29,F,East Cheryl,High,107,Centurion
C101925,79.0,4.0,1414.41,3,"Champions (high-value, engaged)",25,F,New Hectorfort,Low,54,Green
C101926,13.0,7.0,4269.2,3,"Champions (high-value, engaged)",45,M,Lake Margaretport,Mid,133,Gold
C101927,250.0,1.0,319.8,2,At-Risk / Lapsing,35,M,Robertside,Mid,141,Gold
C101928,251.0,2.0,1549.35,2,At-Risk / Lapsing,41,F,East David,Mid,156,Gold
C101929,450.0,1.0,1523.37,2,At-Risk / Lapsing,21,F,New Michaelside,Low,43,Gold
C101930,137.0,7.0,9666.14,3,"Champions (high-value, engaged)",34,M,South Kaylee,Mid,89,Gold
C101931,131.0,4.0,4153.48,3,"Champions (high-value, engaged)",25,M,West Brian,Mid,115,Green
C101932,199.0,2.0,893.6400000000001,0,Steady Redeemers,43,F,Port Edwardfort,Mid,99,Platinum
C101933,246.0,2.0,2906.24,2,At-Risk / Lapsing,48,F,Thompsonton,Mid,47,Green
C101934,-20.0,2.0,1733.81,0,Steady Redeemers,54,F,Lake Michaelborough,High,71,Platinum
C101935,234.0,2.0,3864.8500000000004,0,Steady Redeemers,31,M,Kingmouth,High,166,Gold
C101936,560.0,0.0,0.0,1,Low-Engagement / New,25,F,North Joyside,Mid,67,Gold
C101937,194.0,3.0,7877.299999999999,0,Steady Redeemers,33,F,East Kristen,High,62,Green
C101938,476.0,1.0,2079.77,2,At-Risk / Lapsing,30,F,Robertsonland,Mid,109,Green
C101939,253.0,4.0,2571.87,3,"Champions (high-value, engaged)",42,F,Lake Sean,Low,167,Gold
C101940,16.0,3.0,1286.11,0,Steady Redeemers,22,M,Robertmouth,Low,37,Green
C101941,54.0,1.0,404.89,0,Steady Redeemers,21,F,Port Daniel,Mid,119,Centurion
C101942,106.0,2.0,2613.92,0,Steady Redeemers,34,M,North Joel,High,86,Centurion
C101943,16.0,4.0,7511.780000000001,3,"Champions (high-value, engaged)",45,F,Kanefurt,High,126,Green
C101944,-8.0,2.0,1683.62,0,Steady Redeemers,26,F,North Thomas,High,136,Green
C101945,26.0,1.0,523.51,0,Steady Redeemers,47,F,Brownchester,Mid,52,Gold
C101946,139.0,4.0,6673.96,3,"Champions (high-value, engaged)",42,M,East Sarah,Mid,91,Centurion
C101947,379.0,1.0,356.98,2,At-Risk / Lapsing,55,M,Thompsonstad,Low,33,Gold
C101948,265.0,4.0,6840.52,3,"Champions (high-value, engaged)",29,M,South Jennifer,Mid,81,Green
C101949,81.0,1.0,1785.71,0,Steady Redeemers,21,M,Theresaborough,Mid,42,Gold
C101950,302.0,2.0,653.48,2,At-Risk / Lapsing,44,M,Davidshire,Low,112,Green
C101951,21.0,7.0,8110.219999999999,3,"Champions (high-value, engaged)",41,F,West Derekmouth,Mid,126,Green
C101952,192.0,3.0,1992.67,0,Steady Redeemers,40,M,Barnesmouth,Mid,155,Green
C101953,384.0,2.0,1436.45,2,At-Risk / Lapsing,26,F,West Cassandra,High,136,Gold
C101954,120.0,4.0,8118.54,3,"Champions (high-value, engaged)",46,F,New Tara,Affluent,151,Green
C101955,147.0,3.0,9361.02,0,Steady Redeemers,31,F,North Robert,Affluent,106,Gold
C101956,84.0,5.0,4290.09,3,"Champions (high-value, engaged)",40,F,Atkinsborough,Mid,125,Platinum
C101957,464.0,1.0,1183.77,2,At-Risk / Lapsing,32,M,Hoodview,Mid,113,Gold
C101958,-8.0,2.0,1212.23,0,Steady Redeemers,41,M,Lake Ronniebury,Mid,64,Gold
C101959,231.0,3.0,5699.98,0,Steady Redeemers,24,M,West Ryan,High,123,Green
C101960,139.0,2.0,1165.1799999999998,0,Steady Redeemers,43,F,New Sophia,Low,114,Gold
C101961,560.0,0.0,0.0,1,Low-Engagement / New,45,F,South Tinaton,Mid,20,Green
C101962,502.0,1.0,889.7,2,At-Risk / Lapsing,39,F,Quinnhaven,High,16,Gold
C101963,31.0,5.0,5612.24,3,"Champions (high-value, engaged)",56,F,South Amandafort,Mid,145,Green
C101964,84.0,4.0,3023.65,3,"Champions (high-value, engaged)",40,F,South Tylerland,Mid,19,Green
C101965,380.0,1.0,411.29,2,At-Risk / Lapsing,48,F,Lake Jessicaborough,Mid,120,Green
C101966,61.0,3.0,2074.15,0,Steady Redeemers,39,F,West Kenneth,Low,136,Green
C101967,560.0,0.0,0.0,1,Low-Engagement / New,47,M,North Timothyport,Mid,166,Gold
C101968,67.0,1.0,391.48,0,Steady Redeemers,21,M,Lake Stephen,Mid,38,Gold
C101969,452.0,2.0,912.49,2,At-Risk / Lapsing,38,M,South Stevenberg,Low,93,Green
C101970,253.0,1.0,440.42,2,At-Risk / Lapsing,25,F,Lopezstad,Low,105,Gold
C101971,272.0,4.0,11960.04,3,"Champions (high-value, engaged)",39,F,Padillatown,High,100,Gold
C101972,47.0,5.0,3897.58,3,"Champions (high-value, engaged)",42,M,South Patriciamouth,Mid,90,Gold
C101973,75.0,5.0,8869.800000000001,3,"Champions (high-value, engaged)",46,F,West Ronaldview,Mid,159,Platinum
C101974,94.0,3.0,2340.91,0,Steady Redeemers,43,M,Port Gail,Mid,44,Green
C101975,109.0,2.0,5014.54,0,Steady Redeemers,34,F,Jillton,Affluent,76,Green
C101976,86.0,4.0,2159.33,3,"Champions (high-value, engaged)",29,M,Pamelaville,Mid,145,Gold
C101977,560.0,0.0,0.0,1,Low-Engagement / New,21,M,Diazton,Mid,79,Platinum
C101978,8.0,6.0,8650.37,3,"Champions (high-value, engaged)",38,M,Michaelside,High,73,Gold
C101979,85.0,6.0,11975.9,3,"Champions (high-value, engaged)",50,M,New Jennaborough,High,167,Platinum
C101980,194.0,2.0,1908.75,0,Steady Redeemers,39,M,West John,Low,170,Platinum
C101981,27.0,3.0,3569.75,0,Steady Redeemers,37,F,Lake Timothyshire,High,176,Gold
C101982,277.0,2.0,4911.74,2,At-Risk / Lapsing,39,M,Port Julie,Mid,140,Gold
C101983,266.0,2.0,1658.6000000000001,2,At-Risk / Lapsing,33,F,West Michael,Mid,96,Gold
C101984,120.0,1.0,856.74,0,Steady Redeemers,40,M,Wesleychester,Low,89,Gold
C101985,279.0,5.0,3256.7599999999998,3,"Champions (high-value, engaged)",33,M,Brianstad,Low,103,Gold
C101986,132.0,2.0,4198.56,0,Steady Redeemers,28,F,Shaunhaven,High,146,Gold
C101987,431.0,3.0,1867.03,2,At-Risk / Lapsing,37,M,South Jenniferside,Mid,6,Gold
C101988,83.0,6.0,5139.0,3,"Champions (high-value, engaged)",36,F,Shannonstad,Mid,122,Green
C101989,88.0,1.0,1658.94,0,Steady Redeemers,58,M,East Patriciamouth,High,171,Platinum
C101990,280.0,3.0,4090.2,2,At-Risk / Lapsing,29,M,North Peterburgh,High,116,Gold
C101991,59.0,6.0,4603.14,3,"Champions (high-value, engaged)",36,M,Susanland,Low,163,Centurion
C101992,67.0,2.0,4697.59,0,Steady Redeemers,35,M,East Joshuaberg,Mid,62,Gold
C101993,108.0,4.0,1959.17,3,"Champions (high-value, engaged)",33,M,Hernandezborough,Low,144,Green
C101994,147.0,3.0,4422.27,0,Steady Redeemers,43,F,West Robertside,High,136,Green
C101995,133.0,5.0,12508.02,3,"Champions (high-value, engaged)",62,F,South Michael,High,89,Platinum
C101996,143.0,4.0,22276.23,3,"Champions (high-value, engaged)",34,M,Rojastown,Affluent,96,Green
C101997,1.0,4.0,3699.98,3,"Champions (high-value, engaged)",43,F,Jaimetown,Low,126,Platinum
C101998,369.0,2.0,657.0699999999999,2,At-Risk / Lapsing,21,M,Port Stacey,Low,90,Green
C101999,-17.0,4.0,3346.9700000000003,3,"Champions (high-value, engaged)",33,F,Robertmouth,Mid,86,Platinum
C102000,56.0,5.0,5163.7300000000005,3,"Champions (high-value, engaged)",55,F,Toddhaven,Mid,159,Platinum
C102001,285.0,1.0,518.62,2,At-Risk / Lapsing,37,M,Ellisshire,Mid,138,Platinum
C102002,-10.0,4.0,5631.98,3,"Champions (high-value, engaged)",43,F,Port Kirk,Affluent,121,Green
C102003,560.0,0.0,0.0,1,Low-Engagement / New,31,M,Jeremystad,Mid,76,Gold
C102004,178.0,6.0,11398.55,3,"Champions (high-value, engaged)",40,M,Kaylaton,Mid,92,Green
C102005,39.0,5.0,4699.92,3,"Champions (high-value, engaged)",55,F,West Justin,High,70,Green
C102006,118.0,2.0,1459.35,0,Steady Redeemers,25,F,New Sandra,Mid,148,Green
C102007,37.0,4.0,4849.17,3,"Champions (high-value, engaged)",62,F,Ianburgh,High,133,Gold
C102008,82.0,1.0,477.53,0,Steady Redeemers,21,M,East John,Low,23,Green
C102009,273.0,1.0,521.5,2,At-Risk / Lapsing,32,F,West Autumnmouth,Mid,137,Platinum
C102010,42.0,3.0,1855.46,0,Steady Redeemers,28,M,Mikeborough,Low,58,Green
C102011,222.0,1.0,287.42,2,At-Risk / Lapsing,35,M,Lake Loganstad,Low,46,Green
C102012,116.0,2.0,3757.4300000000003,0,Steady Redeemers,28,F,West Shane,Affluent,22,Green
C102013,344.0,1.0,217.3,2,At-Risk / Lapsing,27,M,New Kevin,Low,8,Platinum
C102014,243.0,1.0,1091.97,2,At-Risk / Lapsing,24,M,South Sarahberg,Mid,123,Green
C102015,560.0,0.0,0.0,1,Low-Engagement / New,45,F,Reillyberg,Mid,20,Platinum
C102016,-6.0,5.0,2953.11,3,"Champions (high-value, engaged)",35,M,Lake Amyhaven,Mid,179,Gold
C102017,35.0,6.0,10115.17,3,"Champions (high-value, engaged)",32,F,Deborahport,High,78,Platinum
C102018,180.0,3.0,1728.88,0,Steady Redeemers,41,M,Kempshire,Low,39,Green
C102019,470.0,2.0,1513.69,2,At-Risk / Lapsing,21,F,Port Annette,High,37,Gold
C102020,52.0,3.0,7237.34,0,Steady Redeemers,41,M,Morganville,Affluent,178,Gold
C102021,-15.0,2.0,2100.3,0,Steady Redeemers,36,F,Mcculloughberg,Mid,162,Platinum
C102022,109.0,3.0,12490.9,3,"Champions (high-value, engaged)",37,F,West Angelbury,Affluent,75,Gold
C102023,46.0,4.0,2489.12,3,"Champions (high-value, engaged)",43,F,Howardmouth,Low,118,Platinum
C102024,128.0,4.0,2464.0,3,"Champions (high-value, engaged)",56,M,New Danielleshire,Mid,104,Green
C102025,148.0,3.0,1752.65,0,Steady Redeemers,41,M,Port Shari,Mid,161,Gold
C102026,22.0,9.0,13522.06,3,"Champions (high-value, engaged)",35,F,Jamesland,High,31,Green
C102027,369.0,1.0,1212.58,2,At-Risk / Lapsing,24,M,Rhodesland,Affluent,123,Green
C102028,167.0,3.0,2775.54,0,Steady Redeemers,21,F,Leemouth,Mid,54,Green
C102029,411.0,1.0,2820.4,2,At-Risk / Lapsing,39,M,Lake Michaelberg,High,172,Platinum
C102030,7.0,2.0,687.3299999999999,0,Steady Redeemers,24,M,Woodstad,Low,34,Centurion
C102031,53.0,3.0,3072.5200000000004,0,Steady Redeemers,21,M,West Michaelport,Mid,122,Green
C102032,30.0,6.0,4382.0,3,"Champions (high-value, engaged)",34,M,Sawyerland,Mid,113,Platinum
C102033,116.0,3.0,3159.98,0,Steady Redeemers,40,F,Lake Pamela,Affluent,62,Gold
C102034,208.0,2.0,1016.11,0,Steady Redeemers,46,M,Laraport,Mid,23,Gold
C102035,60.0,4.0,7015.62,3,"Champions (high-value, engaged)",49,F,Port Jessica,Mid,46,Green
C102036,19.0,2.0,738.32,0,Steady Redeemers,47,M,Chandlerchester,Low,56,Gold
C102037,94.0,2.0,1800.37,0,Steady Redeemers,47,M,Port Brenda,Low,135,Green
C102038,171.0,4.0,4382.1900000000005,3,"Champions (high-value, engaged)",21,M,East Jaredfort,Mid,118,Green
C102039,12.0,4.0,9744.24,3,"Champions (high-value, engaged)",36,M,Carlshire,Mid,131,Gold
C102040,67.0,3.0,8264.08,0,Steady Redeemers,44,F,Davischester,High,166,Platinum
C102041,0.0,6.0,3630.58,3,"Champions (high-value, engaged)",38,F,Robertside,Mid,162,Gold
C102042,152.0,3.0,5326.37,0,Steady Redeemers,36,F,Pageberg,Mid,113,Platinum
C102043,-2.0,3.0,1494.0900000000001,0,Steady Redeemers,38,F,East Marisa,Low,44,Platinum
C102044,147.0,3.0,3403.42,0,Steady Redeemers,40,F,Angelaton,High,128,Green
C102045,72.0,1.0,8934.72,0,Steady Redeemers,37,F,Maryport,High,108,Green
C102046,57.0,4.0,5326.5599999999995,3,"Champions (high-value, engaged)",28,F,Hansenmouth,Low,158,Gold
C102047,69.0,6.0,6968.53,3,"Champions (high-value, engaged)",21,F,North Kylie,High,17,Platinum
C102048,117.0,5.0,4183.74,3,"Champions (high-value, engaged)",35,F,West Kevin,Mid,59,Centurion
C102049,309.0,2.0,1646.25,2,At-Risk / Lapsing,38,F,Martinezport,Low,138,Platinum
C102050,66.0,7.0,7983.54,3,"Champions (high-value, engaged)",38,F,Whitebury,Mid,99,Gold
C102051,52.0,4.0,4892.2,3,"Champions (high-value, engaged)",48,F,North Kathyfort,Mid,84,Platinum
C102052,58.0,2.0,1021.8499999999999,0,Steady Redeemers,50,F,New Julieshire,Low,146,Green
C102053,-2.0,2.0,3141.34,0,Steady Redeemers,36,F,Cunninghamview,Affluent,45,Green
C102054,269.0,2.0,6989.28,2,At-Risk / Lapsing,36,M,Mccannville,High,108,Gold
C102055,476.0,1.0,6287.48,2,At-Risk / Lapsing,44,F,Williamshire,High,62,Platinum
C102056,68.0,6.0,7133.05,3,"Champions (high-value, engaged)",42,M,Port Jordanshire,Mid,59,Centurion
C102057,41.0,3.0,3480.6400000000003,0,Steady Redeemers,33,F,East Luisberg,Mid,177,Green
C102058,57.0,3.0,4717.9,0,Steady Redeemers,45,M,Frankview,High,160,Platinum
C102059,56.0,3.0,2053.55,0,Steady Redeemers,36,M,Robertstad,Mid,138,Platinum
C102060,23.0,4.0,1566.3899999999999,3,"Champions (high-value, engaged)",36,F,West Kellyland,Low,11,Gold
C102061,28.0,3.0,1743.6399999999999,0,Steady Redeemers,42,F,Port Courtney,Mid,102,Green
C102062,55.0,4.0,4458.13,3,"Champions (high-value, engaged)",34,M,New Karenside,High,70,Gold
C102063,30.0,7.0,9918.98,3,"Champions (high-value, engaged)",39,M,Moniqueport,Mid,123,Gold
C102064,173.0,1.0,219.53,0,Steady Redeemers,41,F,Ginastad,Low,175,Gold
C102065,11.0,2.0,8028.37,0,Steady Redeemers,46,M,New Bettyberg,High,34,Gold
C102066,333.0,3.0,2168.28,2,At-Risk / Lapsing,46,M,East Aprilstad,Mid,101,Platinum
C102067,547.0,1.0,429.44,2,At-Risk / Lapsing,40,F,Jenkinsburgh,Mid,145,Green
C102068,208.0,3.0,2195.9,0,Steady Redeemers,21,F,East Ericbury,Low,104,Green
C102069,99.0,7.0,7181.200000000001,3,"Champions (high-value, engaged)",40,F,Port Penny,Mid,40,Gold
C102070,6.0,6.0,9090.58,3,"Champions (high-value, engaged)",42,F,South Stevenland,High,19,Green
C102071,53.0,1.0,939.31,0,Steady Redeemers,44,F,Port Davidtown,Mid,67,Centurion
C102072,-2.0,4.0,4017.69,3,"Champions (high-value, engaged)",27,F,Baileystad,Mid,82,Green
C102073,300.0,3.0,4920.81,2,At-Risk / Lapsing,21,F,Port Scott,High,64,Gold
C102074,22.0,4.0,3397.71,3,"Champions (high-value, engaged)",46,M,Geraldport,High,83,Platinum
C102075,35.0,3.0,7507.99,0,Steady Redeemers,24,M,Lake Lisabury,High,47,Green
C102076,50.0,3.0,5795.2300000000005,0,Steady Redeemers,51,F,Port Heather,Mid,6,Platinum
C102077,177.0,2.0,2822.06,0,Steady Redeemers,31,F,West David,Mid,16,Gold
C102078,57.0,2.0,5961.77,0,Steady Redeemers,26,M,North Roger,Affluent,146,Green
C102079,167.0,2.0,2165.96,0,Steady Redeemers,41,F,North Andrewfort,High,180,Platinum
C102080,10.0,3.0,2479.79,0,Steady Redeemers,44,F,Williamsville,Low,176,Green
C102081,-1.0,4.0,3658.97,3,"Champions (high-value, engaged)",44,M,Port Donnashire,Low,171,Gold
C102082,48.0,6.0,6505.12,3,"Champions (high-value, engaged)",43,F,South Davidview,Mid,39,Green
C102083,54.0,8.0,14124.66,3,"Champions (high-value, engaged)",30,F,North Kevintown,Affluent,177,Green
C102084,141.0,4.0,4929.18,3,"Champions (high-value, engaged)",21,M,Port Davidborough,Mid,113,Platinum
C102085,24.0,6.0,7027.23,3,"Champions (high-value, engaged)",33,F,East Ellen,Mid,140,Platinum
C102086,89.0,2.0,1062.33,0,Steady Redeemers,25,M,North Dustinview,Low,138,Green
C102087,155.0,3.0,4801.18,0,Steady Redeemers,42,F,Michaelhaven,High,71,Gold
C102088,487.0,1.0,6028.28,2,At-Risk / Lapsing,47,F,New Ashley,High,110,Platinum
C102089,142.0,1.0,844.52,0,Steady Redeemers,39,F,Port Belindatown,Mid,55,Platinum
C102090,233.0,3.0,5781.7300000000005,0,Steady Redeemers,37,M,Lake James,High,129,Gold
C102091,480.0,1.0,1243.15,2,At-Risk / Lapsing,34,M,Georgeside,Affluent,49,Platinum
C102092,245.0,3.0,2870.38,0,Steady Redeemers,48,F,Lake Coreyborough,Mid,164,Gold
C102093,170.0,2.0,3372.1099999999997,0,Steady Redeemers,21,M,Richardsonshire,Mid,21,Gold
C102094,234.0,2.0,2339.65,2,At-Risk / Lapsing,24,M,South Emily,Mid,37,Centurion
C102095,112.0,2.0,7682.43,0,Steady Redeemers,58,M,East Maryfurt,High,116,Green
C102096,5.0,3.0,1612.1,0,Steady Redeemers,24,F,Lewisbury,Mid,24,Green
C102097,62.0,4.0,2261.76,3,"Champions (high-value, engaged)",43,F,Rodriguezmouth,Mid,55,Green
C102098,45.0,4.0,9588.95,3,"Champions (high-value, engaged)",46,F,South Danielberg,High,25,Green
C102099,19.0,4.0,4660.18,3,"Champions (high-value, engaged)",21,M,Farmerport,Mid,135,Green
C102100,12.0,3.0,12340.36,3,"Champions (high-value, engaged)",21,M,North Markville,Affluent,127,Gold
C102101,322.0,1.0,457.35,2,At-Risk / Lapsing,51,F,Campbellport,Mid,93,Gold
C102102,560.0,0.0,0.0,1,Low-Engagement / New,27,F,Perezchester,Low,94,Green
C102103,211.0,2.0,5727.87,0,Steady Redeemers,27,M,Tracichester,High,71,Green
C102104,98.0,5.0,13561.49,3,"Champions (high-value, engaged)",32,M,Port Chad,High,122,Green
C102105,-15.0,4.0,2271.26,3,"Champions (high-value, engaged)",27,M,Crosbystad,Mid,24,Gold
C102106,560.0,0.0,0.0,1,Low-Engagement / New,43,F,North Yolanda,High,11,Gold
C102107,349.0,2.0,4056.93,2,At-Risk / Lapsing,24,M,Powersfurt,Affluent,73,Green
C102108,308.0,1.0,350.63,2,At-Risk / Lapsing,21,F,Millsland,Mid,12,Centurion
C102109,124.0,4.0,4697.21,3,"Champions (high-value, engaged)",50,M,East Ralphshire,Affluent,35,Gold
C102110,189.0,4.0,2173.71,3,"Champions (high-value, engaged)",25,M,Lake Saraburgh,Low,141,Platinum
C102111,-13.0,2.0,3668.76,0,Steady Redeemers,29,M,West Theresamouth,Mid,23,Green
C102112,38.0,3.0,992.7,0,Steady Redeemers,47,M,New Megan,Low,83,Platinum
C102113,164.0,6.0,15365.66,3,"Champions (high-value, engaged)",38,F,Martinezchester,High,167,Gold
C102114,152.0,4.0,10160.140000000001,3,"Champions (high-value, engaged)",50,F,Ramirezshire,High,88,Platinum
C102115,55.0,5.0,1675.4,3,"Champions (high-value, engaged)",47,M,Katelynfurt,Low,80,Gold
C102116,560.0,0.0,0.0,1,Low-Engagement / New,33,F,Thomasfurt,Mid,97,Centurion
C102117,255.0,5.0,5736.6900000000005,3,"Champions (high-value, engaged)",49,F,Dixonberg,Mid,140,Gold
C102118,418.0,1.0,2310.66,2,At-Risk / Lapsing,39,M,Rodriguezview,Low,34,Platinum
C102119,91.0,4.0,6439.1,3,"Champions (high-value, engaged)",31,M,Crawfordberg,High,75,Platinum
C102120,89.0,4.0,4223.8,3,"Champions (high-value, engaged)",41,M,North Joanland,High,159,Gold
C102121,416.0,1.0,779.38,2,At-Risk / Lapsing,23,M,Gregoryburgh,Mid,128,Gold
C102122,25.0,8.0,14161.78,3,"Champions (high-value, engaged)",47,M,Jacobsmouth,Affluent,141,Green
C102123,340.0,2.0,4171.74,2,At-Risk / Lapsing,45,M,West Christy,Mid,31,Platinum
C102124,53.0,4.0,7506.74,3,"Champions (high-value, engaged)",39,M,Port Charleshaven,Affluent,130,Gold
C102125,83.0,8.0,9296.81,3,"Champions (high-value, engaged)",21,F,Sparksborough,High,103,Gold
C102126,464.0,1.0,427.95,2,At-Risk / Lapsing,50,M,Ebonyfort,Mid,15,Green
C102127,225.0,3.0,3214.2,0,Steady Redeemers,42,M,Amyside,Low,57,Gold
C102128,28.0,6.0,5313.14,3,"Champions (high-value, engaged)",37,F,Port Anthonychester,High,75,Gold
C102129,40.0,1.0,575.13,0,Steady Redeemers,36,M,South Shannonfurt,Mid,34,Gold
C102130,440.0,1.0,801.12,2,At-Risk / Lapsing,32,M,Stevenston,Low,103,Gold
C102131,-7.0,4.0,3895.28,3,"Champions (high-value, engaged)",34,M,New Donna,Low,75,Green
C102132,560.0,0.0,0.0,1,Low-Engagement / New,46,F,Nicoleburgh,Mid,29,Green
C102133,25.0,3.0,4495.6900000000005,0,Steady Redeemers,32,M,Jordanport,Mid,16,Gold
C102134,239.0,3.0,10102.48,0,Steady Redeemers,34,F,Freemanville,High,167,Green
C102135,126.0,3.0,3149.2299999999996,0,Steady Redeemers,36,F,Kellerside,High,77,Gold
C102136,29.0,7.0,3362.51,3,"Champions (high-value, engaged)",36,F,Alvarezburgh,Low,37,Gold
C102137,22.0,8.0,12520.7,3,"Champions (high-value, engaged)",31,F,South Joseshire,High,81,Centurion
C102138,52.0,1.0,475.45,0,Steady Redeemers,36,M,Jensenstad,Low,149,Green
C102139,27.0,3.0,9008.58,3,"Champions (high-value, engaged)",41,M,Luketown,High,172,Green
C102140,37.0,7.0,19566.72,3,"Champions (high-value, engaged)",28,M,East Marystad,High,124,Gold
C102141,230.0,4.0,3559.6900000000005,3,"Champions (high-value, engaged)",36,M,Port Patriciamouth,Mid,19,Gold
C102142,105.0,3.0,3306.8,0,Steady Redeemers,59,F,Davisstad,High,102,Green
C102143,186.0,3.0,3018.0699999999997,0,Steady Redeemers,37,F,Robertton,Mid,136,Platinum
C102144,162.0,4.0,3347.58,3,"Champions (high-value, engaged)",27,M,East Jimmy,Mid,77,Gold
C102145,15.0,3.0,3074.29,0,Steady Redeemers,26,F,Brittanyland,High,41,Green
C102146,9.0,8.0,14584.8,3,"Champions (high-value, engaged)",24,F,Dannyburgh,Mid,61,Green
C102147,358.0,3.0,2483.54,2,At-Risk / Lapsing,55,F,New Markmouth,Mid,26,Platinum
C102148,251.0,2.0,2278.79,2,At-Risk / Lapsing,49,F,Bradleychester,Mid,71,Green
C102149,151.0,2.0,4385.65,0,Steady Redeemers,23,M,Andrewfort,High,103,Green
C102150,1.0,5.0,6654.12,3,"Champions (high-value, engaged)",40,M,West Nicholasfurt,Mid,70,Green
C102151,128.0,3.0,1577.47,0,Steady Redeemers,51,M,Ashleyfort,Low,107,Gold
C102152,359.0,1.0,3401.14,2,At-Risk / Lapsing,37,M,Lake Emilymouth,High,157,Platinum
C102153,229.0,3.0,4306.71,0,Steady Redeemers,32,M,Shawmouth,High,107,Green
C102154,98.0,2.0,803.03,0,Steady Redeemers,62,F,New Kevin,Low,103,Green
C102155,-21.0,3.0,2397.1,0,Steady Redeemers,21,F,Harrisland,Mid,19,Green
C102156,55.0,4.0,5000.2,3,"Champions (high-value, engaged)",66,F,West Joseph,Low,68,Gold
C102157,102.0,3.0,3157.6099999999997,0,Steady Redeemers,38,F,Wendyfurt,Mid,70,Green
C102158,375.0,2.0,857.5,2,At-Risk / Lapsing,52,M,New Julia,Mid,113,Platinum
C102159,31.0,4.0,17911.510000000002,3,"Champions (high-value, engaged)",24,M,Lake Meganville,High,57,Green
C102160,8.0,4.0,7798.21,3,"Champions (high-value, engaged)",30,F,Joshuashire,High,165,Green
C102161,-16.0,6.0,5005.83,3,"Champions (high-value, engaged)",26,M,Simmonsstad,Mid,61,Green
C102162,12.0,9.0,12415.15,3,"Champions (high-value, engaged)",36,F,Lake Madisonhaven,Mid,92,Platinum
C102163,114.0,6.0,13812.6,3,"Champions (high-value, engaged)",41,M,Ryanside,High,30,Gold
C102164,215.0,9.0,11134.55,3,"Champions (high-value, engaged)",49,F,Jamesfurt,Mid,153,Centurion
C102165,353.0,4.0,17078.39,2,At-Risk / Lapsing,21,F,Colleenmouth,Affluent,127,Green
C102166,179.0,3.0,2071.96,0,Steady Redeemers,39,F,North Courtney,Mid,115,Green
C102167,116.0,2.0,1663.22,0,Steady Redeemers,47,M,New Victor,Low,6,Gold
C102168,-1.0,6.0,9434.59,3,"Champions (high-value, engaged)",49,M,Adamsside,High,18,Gold
C102169,7.0,4.0,5700.57,3,"Champions (high-value, engaged)",33,F,Michaelton,Mid,10,Gold
C102170,12.0,8.0,17086.45,3,"Champions (high-value, engaged)",33,M,West Steven,High,92,Green
C102171,43.0,4.0,2348.12,3,"Champions (high-value, engaged)",36,F,East Julie,Low,139,Green
C102172,130.0,3.0,1304.89,0,Steady Redeemers,40,F,Meganchester,Low,77,Green
C102173,168.0,4.0,6371.09,3,"Champions (high-value, engaged)",52,M,Michelleland,High,101,Gold
C102174,173.0,1.0,558.42,0,Steady Redeemers,24,M,Port Robert,Mid,84,Gold
C102175,370.0,2.0,2246.58,2,At-Risk / Lapsing,29,F,Debbieview,High,52,Platinum
C102176,32.0,4.0,3053.2,3,"Champions (high-value, engaged)",23,M,South John,Mid,31,Green
C102177,-4.0,5.0,6134.65,3,"Champions (high-value, engaged)",42,M,East Anthony,Mid,145,Platinum
C102178,118.0,5.0,7860.15,3,"Champions (high-value, engaged)",50,M,Stevenside,High,110,Gold
C102179,-5.0,5.0,3490.9300000000003,3,"Champions (high-value, engaged)",22,M,Hendersonton,Mid,93,Green
C102180,240.0,3.0,2240.79,0,Steady Redeemers,38,M,East Joseph,Mid,164,Centurion
C102181,61.0,3.0,2243.0299999999997,0,Steady Redeemers,49,M,West Kristineview,Mid,154,Gold
C102182,3.0,2.0,743.96,0,Steady Redeemers,46,F,Lake Melissa,Low,53,Gold
C102183,85.0,3.0,3950.67,0,Steady Redeemers,46,F,Caseyton,Mid,145,Gold
C102184,330.0,1.0,1688.13,2,At-Risk / Lapsing,24,F,West Carolynland,High,86,Green
C102185,138.0,7.0,18606.34,3,"Champions (high-value, engaged)",46,M,Mosleyland,Affluent,153,Gold
C102186,138.0,2.0,1511.31,0,Steady Redeemers,35,F,Hahnberg,High,2,Platinum
C102187,14.0,3.0,5097.45,0,Steady Redeemers,49,F,North Ashley,High,86,Green
C102188,560.0,0.0,0.0,1,Low-Engagement / New,42,M,New Elizabethshire,High,133,Gold
C102189,34.0,6.0,14027.130000000001,3,"Champions (high-value, engaged)",29,M,Tylerland,High,4,Platinum
C102190,90.0,5.0,5045.570000000001,3,"Champions (high-value, engaged)",41,M,New David,Mid,164,Green
C102191,560.0,0.0,0.0,1,Low-Engagement / New,47,M,Markshire,Affluent,6,Green
C102192,8.0,2.0,1555.1,0,Steady Redeemers,32,F,Shafferbury,High,149,Green
C102193,-10.0,5.0,7469.08,3,"Champions (high-value, engaged)",39,M,Robinsonville,Mid,118,Gold
C102194,48.0,4.0,2268.38,3,"Champions (high-value, engaged)",23,F,East Tara,Low,89,Platinum
C102195,99.0,2.0,1867.4299999999998,0,Steady Redeemers,44,M,Ortizshire,Mid,154,Gold
C102196,267.0,1.0,1038.51,2,At-Risk / Lapsing,37,F,South Amandaville,Mid,167,Green
C102197,93.0,2.0,5115.76,0,Steady Redeemers,48,M,Amyfort,High,161,Gold
C102198,365.0,1.0,2591.98,2,At-Risk / Lapsing,43,M,West Natasha,Mid,14,Platinum
C102199,-4.0,3.0,1559.66,0,Steady Redeemers,33,F,West Thomas,Mid,56,Green
C102200,126.0,4.0,11310.94,3,"Champions (high-value, engaged)",28,F,Loritown,Affluent,81,Platinum
C102201,289.0,2.0,1374.35,2,At-Risk / Lapsing,26,F,Port Joditon,Low,149,Platinum
C102202,321.0,7.0,9437.03,3,"Champions (high-value, engaged)",32,F,West Angela,Mid,46,Green
C102203,291.0,3.0,3388.62,2,At-Risk / Lapsing,47,M,Daniellestad,Low,144,Green
C102204,50.0,3.0,4248.61,0,Steady Redeemers,21,M,New Michellemouth,High,16,Gold
C102205,187.0,2.0,4404.06,0,Steady Redeemers,26,F,Smithfurt,Affluent,120,Gold
C102206,2.0,4.0,8826.800000000001,3,"Champions (high-value, engaged)",47,F,Kevinbury,Mid,84,Platinum
C102207,231.0,5.0,5038.76,3,"Champions (high-value, engaged)",52,M,Jasonburgh,High,157,Gold
C102208,13.0,3.0,3632.04,0,Steady Redeemers,27,F,Welchchester,Mid,8,Green
C102209,-26.0,3.0,8430.28,3,"Champions (high-value, engaged)",26,F,West Michellefort,Affluent,88,Green
C102210,560.0,0.0,0.0,1,Low-Engagement / New,53,F,Mclaughlinmouth,High,131,Platinum
C102211,85.0,2.0,2088.87,0,Steady Redeemers,36,M,Mcdowellville,High,19,Green
C102212,137.0,4.0,2613.42,3,"Champions (high-value, engaged)",28,M,Lake Jose,Low,97,Gold
C102213,95.0,2.0,2109.7200000000003,0,Steady Redeemers,49,M,West Robertside,Affluent,66,Green
C102214,188.0,4.0,5576.57,3,"Champions (high-value, engaged)",43,M,Shawntown,High,79,Green
C102215,560.0,0.0,0.0,1,Low-Engagement / New,46,M,Lake Darlenemouth,Mid,86,Green
C102216,140.0,2.0,3863.04,0,Steady Redeemers,28,M,North Richard,High,124,Green
C102217,220.0,4.0,5597.1,3,"Champions (high-value, engaged)",42,M,Leeland,Mid,150,Gold
C102218,76.0,3.0,5726.82,0,Steady Redeemers,51,M,East Johnberg,High,46,Green
C102219,269.0,1.0,332.64,2,At-Risk / Lapsing,45,M,Sparksmouth,Low,113,Platinum
C102220,339.0,3.0,1895.77,2,At-Risk / Lapsing,48,M,Mendozaberg,High,91,Gold
C102221,287.0,3.0,1550.21,2,At-Risk / Lapsing,53,M,Glennshire,Mid,141,Gold
C102222,11.0,6.0,4995.76,3,"Champions (high-value, engaged)",42,M,Laurenborough,Low,33,Gold
C102223,521.0,1.0,449.03,2,At-Risk / Lapsing,31,M,South Michaelfurt,Mid,133,Gold
C102224,380.0,2.0,4675.129999999999,2,At-Risk / Lapsing,47,F,Duffyshire,Low,77,Green
C102225,17.0,4.0,6330.63,3,"Champions (high-value, engaged)",25,F,North Stacy,Mid,155,Centurion
C102226,16.0,7.0,7873.849999999999,3,"Champions (high-value, engaged)",35,M,North Terri,Mid,121,Gold
C102227,104.0,8.0,6288.75,3,"Champions (high-value, engaged)",44,F,West Jacqueline,Mid,128,Green
C102228,16.0,9.0,10099.96,3,"Champions (high-value, engaged)",21,M,North Richard,Mid,78,Gold
C102229,121.0,3.0,4722.6,0,Steady Redeemers,40,F,Burkeberg,Mid,152,Gold
C102230,47.0,5.0,9632.01,3,"Champions (high-value, engaged)",41,M,West Georgeshire,High,67,Green
C102231,358.0,3.0,2596.48,2,At-Risk / Lapsing,25,F,North Jenniferchester,Low,115,Platinum
C102232,-16.0,2.0,10639.59,0,Steady Redeemers,41,M,Wilcoxfort,Affluent,63,Green
C102233,366.0,1.0,556.37,2,At-Risk / Lapsing,40,M,East Jenniferborough,High,113,Gold
C102234,338.0,3.0,5541.210000000001,2,At-Risk / Lapsing,38,M,Keithfort,High,94,Centurion
C102235,453.0,1.0,872.99,2,At-Risk / Lapsing,51,F,Andersonborough,Mid,48,Green
C102236,142.0,3.0,9097.53,0,Steady Redeemers,47,M,Port Justin,High,12,Green
C102237,367.0,1.0,2706.02,2,At-Risk / Lapsing,45,M,South Henry,Low,156,Green
C102238,30.0,7.0,6493.97,3,"Champions (high-value, engaged)",26,M,North Kelly,Low,172,Green
C102239,359.0,1.0,4287.71,2,At-Risk / Lapsing,37,F,Joemouth,Mid,171,Green
C102240,239.0,5.0,10462.7,3,"Champions (high-value, engaged)",51,M,West Brandi,High,145,Platinum
C102241,6.0,1.0,233.5,0,Steady Redeemers,35,F,Millerfort,Low,40,Platinum
C102242,133.0,7.0,8697.59,3,"Champions (high-value, engaged)",55,M,Port Marcus,Mid,177,Gold
C102243,97.0,3.0,5795.51,0,Steady Redeemers,45,F,Mcdanielfurt,Affluent,85,Green
C102244,18.0,4.0,20722.59,3,"Champions (high-value, engaged)",56,M,Fitzgeraldview,High,57,Platinum
C102245,246.0,2.0,1132.02,2,At-Risk / Lapsing,26,M,North Angelaton,Mid,87,Gold
C102246,60.0,2.0,575.05,0,Steady Redeemers,36,F,Sarahfort,Low,84,Green
C102247,62.0,1.0,1645.88,0,Steady Redeemers,37,F,Wendyton,High,121,Gold
C102248,-6.0,4.0,4227.360000000001,3,"Champions (high-value, engaged)",44,F,West Williamfurt,Mid,74,Green
C102249,266.0,2.0,817.7,2,At-Risk / Lapsing,29,F,Tiffanystad,Low,107,Platinum
C102250,157.0,9.0,10319.82,3,"Champions (high-value, engaged)",21,M,New Blake,Low,124,Gold
C102251,387.0,1.0,789.92,2,At-Risk / Lapsing,42,F,West Geoffrey,Affluent,100,Gold
C102252,373.0,3.0,4502.76,2,At-Risk / Lapsing,33,F,Conradmouth,High,43,Gold
C102253,54.0,1.0,660.03,0,Steady Redeemers,32,M,North Logan,High,119,Gold
C102254,8.0,2.0,4707.71,0,Steady Redeemers,30,M,Thomasville,High,23,Green
C102255,77.0,1.0,394.42,0,Steady Redeemers,39,M,Bradleyberg,Mid,155,Gold
C102256,34.0,4.0,6159.44,3,"Champions (high-value, engaged)",26,M,Savageview,Mid,37,Platinum
C102257,134.0,4.0,5033.6900000000005,3,"Champions (high-value, engaged)",35,M,Saraport,Mid,134,Green
C102258,123.0,2.0,2898.01,0,Steady Redeemers,28,F,Chloeview,Mid,65,Centurion
C102259,560.0,0.0,0.0,1,Low-Engagement / New,31,F,Ryanburgh,Mid,134,Gold
C102260,16.0,7.0,17273.69,3,"Champions (high-value, engaged)",41,F,Jillianfort,High,178,Green
C102261,309.0,3.0,7435.77,2,At-Risk / Lapsing,45,M,New Melissa,Mid,22,Gold
C102262,159.0,3.0,4255.2,0,Steady Redeemers,34,M,Brownberg,High,105,Platinum
C102263,45.0,7.0,5719.2,3,"Champions (high-value, engaged)",48,F,East Isaacfort,Mid,88,Gold
C102264,76.0,6.0,4806.84,3,"Champions (high-value, engaged)",27,F,Frankmouth,Mid,153,Gold
C102265,42.0,2.0,2990.66,0,Steady Redeemers,21,F,Wilsonfort,Mid,125,Gold
C102266,95.0,2.0,1510.2,0,Steady Redeemers,23,F,South Michaelside,Mid,79,Gold
C102267,560.0,0.0,0.0,1,Low-Engagement / New,26,M,Ellisville,High,90,Green
C102268,359.0,1.0,8644.42,2,At-Risk / Lapsing,23,M,North Michael,Mid,51,Green
C102269,48.0,4.0,4145.46,3,"Champions (high-value, engaged)",60,M,Port Justin,Mid,176,Green
C102270,29.0,1.0,7579.77,0,Steady Redeemers,21,M,Lake William,Low,102,Green
C102271,294.0,3.0,2551.52,2,At-Risk / Lapsing,48,M,Annashire,Mid,106,Green
C102272,126.0,3.0,1633.65,0,Steady Redeemers,37,F,New Whitney,Mid,60,Gold
C102273,233.0,2.0,9018.76,0,Steady Redeemers,40,F,New Katieburgh,High,46,Gold
C102274,200.0,5.0,6859.01,3,"Champions (high-value, engaged)",28,F,Knappbury,Affluent,36,Green
C102275,224.0,1.0,1532.98,2,At-Risk / Lapsing,41,F,Rhodesmouth,Mid,166,Green
C102276,34.0,5.0,4817.1900000000005,3,"Champions (high-value, engaged)",27,F,West Erinville,High,11,Green
C102277,274.0,2.0,1282.27,2,At-Risk / Lapsing,48,F,Brooksville,Mid,12,Green
C102278,560.0,0.0,0.0,1,Low-Engagement / New,49,F,Ericland,Mid,170,Green
C102279,253.0,1.0,1283.21,2,At-Risk / Lapsing,36,M,Rivasfort,Low,39,Gold
C102280,82.0,3.0,2477.38,0,Steady Redeemers,37,M,Fullerview,Mid,139,Green
C102281,45.0,1.0,3637.05,0,Steady Redeemers,42,M,West Taramouth,Mid,36,Gold
C102282,1.0,5.0,4151.89,3,"Champions (high-value, engaged)",42,M,Staceyshire,Mid,52,Gold
C102283,560.0,0.0,0.0,1,Low-Engagement / New,49,F,East Michelle,Low,31,Green
C102284,300.0,1.0,4026.69,2,At-Risk / Lapsing,48,M,Marcuston,Low,33,Green
C102285,432.0,1.0,545.44,2,At-Risk / Lapsing,37,M,New Stephaniefurt,Mid,141,Green
C102286,12.0,4.0,10540.69,3,"Champions (high-value, engaged)",32,M,South Jonathanbury,Affluent,146,Green
C102287,120.0,1.0,451.6,0,Steady Redeemers,46,M,Davisborough,Mid,169,Green
C102288,225.0,2.0,4391.97,0,Steady Redeemers,36,M,South Kimberly,Mid,58,Platinum
C102289,81.0,1.0,755.59,0,Steady Redeemers,39,M,Deborahberg,Low,152,Green
C102290,72.0,3.0,3606.11,0,Steady Redeemers,43,M,West Travischester,Mid,128,Centurion
C102291,220.0,2.0,2648.22,0,Steady Redeemers,48,M,Rebeccaberg,Mid,31,Green
C102292,-2.0,4.0,2490.99,3,"Champions (high-value, engaged)",40,M,Elizabethstad,Mid,55,Platinum
C102293,57.0,4.0,2657.54,3,"Champions (high-value, engaged)",31,M,South Sean,Mid,10,Gold
C102294,266.0,7.0,6141.56,3,"Champions (high-value, engaged)",57,F,Alvarezshire,Low,130,Green
C102295,20.0,4.0,2516.25,3,"Champions (high-value, engaged)",54,M,Davischester,Low,15,Green
C102296,560.0,0.0,0.0,1,Low-Engagement / New,26,M,Christinachester,Mid,3,Gold
C102297,245.0,1.0,378.11,2,At-Risk / Lapsing,27,F,Davishaven,Low,43,Platinum
C102298,403.0,3.0,1428.22,2,At-Risk / Lapsing,29,M,Teresabury,Low,159,Green
C102299,354.0,1.0,314.83,2,At-Risk / Lapsing,47,M,South Alison,Mid,67,Green
C102300,38.0,3.0,6890.9,0,Steady Redeemers,58,F,West Taylorland,High,56,Green
C102301,189.0,3.0,4561.63,0,Steady Redeemers,32,F,Evansberg,Mid,63,Green
C102302,25.0,6.0,10643.81,3,"Champions (high-value, engaged)",39,M,Mckenziehaven,Mid,15,Platinum
C102303,52.0,1.0,623.86,0,Steady Redeemers,29,F,Phillipston,Mid,109,Gold
C102304,-21.0,10.0,28167.95,3,"Champions (high-value, engaged)",56,F,North Williamhaven,Affluent,116,Green
C102305,77.0,2.0,2983.82,0,Steady Redeemers,47,M,Gutierrezmouth,Mid,92,Green
C102306,209.0,2.0,686.2,0,Steady Redeemers,28,F,Michaelshire,Low,138,Green
C102307,68.0,5.0,3944.55,3,"Champions (high-value, engaged)",21,F,Port Wesleyville,Mid,166,Platinum
C102308,62.0,4.0,2274.5699999999997,3,"Champions (high-value, engaged)",49,M,Whiteburgh,Low,47,Platinum
C102309,21.0,1.0,3521.19,0,Steady Redeemers,31,F,Williamschester,Mid,57,Green
C102310,144.0,3.0,1879.08,0,Steady Redeemers,47,M,Leemouth,Mid,50,Gold
C102311,257.0,6.0,5418.69,3,"Champions (high-value, engaged)",41,F,Hansonview,High,71,Platinum
C102312,52.0,6.0,14162.54,3,"Champions (high-value, engaged)",21,F,Tammyburgh,Mid,143,Green
C102313,59.0,6.0,7365.62,3,"Champions (high-value, engaged)",29,M,East Christian,High,146,Green
C102314,174.0,2.0,3525.35,0,Steady Redeemers,34,F,Monicaville,Affluent,82,Green
C102315,55.0,4.0,4574.71,3,"Champions (high-value, engaged)",30,F,Fergusontown,Low,116,Green
C102316,483.0,1.0,428.65,2,At-Risk / Lapsing,39,F,Wilsonburgh,Mid,105,Green
C102317,298.0,3.0,2663.8900000000003,2,At-Risk / Lapsing,42,M,Stevensfurt,Mid,88,Centurion
C102318,10.0,4.0,4276.349999999999,3,"Champions (high-value, engaged)",57,M,Turnerstad,Mid,2,Gold
C102319,218.0,1.0,866.12,2,At-Risk / Lapsing,43,F,Ballardland,Mid,104,Green
C102320,266.0,1.0,1408.73,2,At-Risk / Lapsing,54,M,East Alexander,Affluent,84,Green
C102321,54.0,3.0,6804.39,0,Steady Redeemers,32,M,Port Allenborough,High,43,Gold
C102322,128.0,6.0,4448.33,3,"Champions (high-value, engaged)",50,F,East Timothyberg,Mid,154,Green
C102323,193.0,3.0,6049.34,0,Steady Redeemers,33,M,South Megan,Mid,71,Green
C102324,187.0,1.0,882.38,0,Steady Redeemers,27,M,North Kevin,High,166,Green
C102325,241.0,4.0,11304.11,3,"Champions (high-value, engaged)",27,M,Hernandezchester,Affluent,94,Gold
C102326,91.0,5.0,10667.58,3,"Champions (high-value, engaged)",21,M,North Gabrielberg,High,42,Green
C102327,214.0,4.0,8406.09,3,"Champions (high-value, engaged)",47,M,Maynardfort,Low,133,Green
C102328,543.0,1.0,1126.53,2,At-Risk / Lapsing,23,M,Port Shannonbury,Mid,139,Gold
C102329,182.0,3.0,1373.4,0,Steady Redeemers,53,M,West Ashley,Low,65,Green
C102330,244.0,4.0,2748.62,3,"Champions (high-value, engaged)",36,F,Williamstown,Mid,34,Centurion
C102331,352.0,1.0,479.11,2,At-Risk / Lapsing,21,M,Lake Melaniechester,Low,120,Gold
C102332,560.0,0.0,0.0,1,Low-Engagement / New,25,F,Allisonshire,Mid,1,Green
C102333,191.0,3.0,6115.87,0,Steady Redeemers,40,M,Benjaminfurt,High,130,Green
C102334,15.0,4.0,2979.19,3,"Champions (high-value, engaged)",21,F,Palmerfort,Low,148,Gold
C102335,-1.0,4.0,5611.4,3,"Champions (high-value, engaged)",44,F,Lake Bruce,Mid,61,Green
C102336,79.0,8.0,12501.25,3,"Champions (high-value, engaged)",21,F,South Barbaraside,Mid,149,Platinum
C102337,560.0,0.0,0.0,1,Low-Engagement / New,29,F,West Patriciachester,Mid,88,Gold
C102338,201.0,3.0,2318.73,0,Steady Redeemers,40,M,Wilsonstad,Low,68,Gold
C102339,276.0,2.0,3547.32,2,At-Risk / Lapsing,43,M,Terrytown,Mid,127,Centurion
C102340,560.0,0.0,0.0,1,Low-Engagement / New,46,F,West Jessica,High,140,Green
C102341,431.0,1.0,434.57,2,At-Risk / Lapsing,23,F,Cooperbury,Low,22,Gold
C102342,399.0,2.0,2359.32,2,At-Risk / Lapsing,34,F,New Regina,Low,148,Gold
C102343,99.0,8.0,10275.62,3,"Champions (high-value, engaged)",50,F,Sandramouth,Mid,82,Platinum
C102344,149.0,1.0,5233.08,0,Steady Redeemers,34,M,West Jennifer,Affluent,129,Gold
C102345,46.0,10.0,14509.58,3,"Champions (high-value, engaged)",41,F,Moyerstad,High,30,Gold
C102346,505.0,1.0,808.51,2,At-Risk / Lapsing,39,M,Marshburgh,High,126,Green
C102347,100.0,3.0,2946.76,0,Steady Redeemers,52,F,West Hannah,Mid,97,Gold
C102348,-15.0,3.0,1134.88,0,Steady Redeemers,32,M,Lake Timothyburgh,Mid,24,Green
C102349,560.0,0.0,0.0,1,Low-Engagement / New,22,F,East Catherine,Low,14,Gold
C102350,560.0,0.0,0.0,1,Low-Engagement / New,27,F,Port Robertfort,Mid,36,Green
C102351,137.0,2.0,8807.73,0,Steady Redeemers,40,M,Jimmyside,Affluent,24,Green
C102352,57.0,4.0,6574.32,3,"Champions (high-value, engaged)",21,F,North Michaelview,Mid,95,Platinum
C102353,7.0,5.0,9959.86,3,"Champions (high-value, engaged)",32,F,Ericaburgh,High,55,Green
C102354,83.0,4.0,10145.050000000001,3,"Champions (high-value, engaged)",38,M,Port Brycechester,High,24,Green
C102355,64.0,2.0,573.0799999999999,0,Steady Redeemers,29,M,New Jeremyside,Low,152,Green
C102356,35.0,2.0,2365.27,0,Steady Redeemers,41,M,South Jonathan,Affluent,26,Green
C102357,105.0,3.0,3576.66,0,Steady Redeemers,45,M,Kristenton,Low,80,Gold
C102358,135.0,2.0,1491.78,0,Steady Redeemers,43,F,Paulahaven,Mid,166,Green
C102359,79.0,4.0,1572.09,3,"Champions (high-value, engaged)",21,M,Lake Brentmouth,Low,65,Green
C102360,116.0,4.0,3011.6200000000003,3,"Champions (high-value, engaged)",38,M,Estesville,Low,75,Green
C102361,42.0,5.0,5670.879999999999,3,"Champions (high-value, engaged)",39,F,Port Cherylville,Mid,179,Green
C102362,146.0,6.0,3618.26,3,"Champions (high-value, engaged)",33,F,New Danielville,Mid,163,Green
C102363,441.0,1.0,849.57,2,At-Risk / Lapsing,41,F,West Eric,Mid,43,Gold
C102364,292.0,2.0,4079.89,2,At-Risk / Lapsing,41,F,Jeanhaven,Mid,29,Green
C102365,141.0,2.0,761.87,0,Steady Redeemers,37,M,Oconnorville,Low,165,Green
C102366,101.0,5.0,2820.1,3,"Champions (high-value, engaged)",26,M,Lake Michael,Low,81,Platinum
C102367,153.0,3.0,3561.25,0,Steady Redeemers,37,M,North Melinda,Mid,54,Platinum
C102368,49.0,3.0,10587.48,3,"Champions (high-value, engaged)",58,F,Montestown,Mid,39,Green
C102369,168.0,3.0,6482.48,0,Steady Redeemers,33,M,Port Lisa,High,42,Green
C102370,69.0,4.0,5442.88,3,"Champions (high-value, engaged)",49,M,Justinburgh,High,156,Gold
C102371,160.0,2.0,1744.55,0,Steady Redeemers,38,F,West Nathanchester,High,29,Gold
C102372,46.0,3.0,2652.41,0,Steady Redeemers,29,M,Crystalbury,High,171,Centurion
C102373,182.0,4.0,2203.95,3,"Champions (high-value, engaged)",34,F,Port Karen,Mid,131,Green
C102374,245.0,3.0,5620.84,0,Steady Redeemers,37,F,Cobbberg,High,138,Gold
C102375,385.0,3.0,1897.1699999999998,2,At-Risk / Lapsing,45,M,Gutierrezchester,Mid,142,Platinum
C102376,31.0,4.0,4622.83,3,"Champions (high-value, engaged)",64,F,Cranehaven,Mid,175,Gold
C102377,191.0,5.0,13589.04,3,"Champions (high-value, engaged)",38,M,Sherrymouth,High,42,Green
C102378,142.0,3.0,4618.18,0,Steady Redeemers,24,F,Port Alejandro,Mid,94,Green
C102379,68.0,7.0,14784.27,3,"Champions (high-value, engaged)",21,M,North Matthewfurt,High,160,Green
C102380,6.0,2.0,1928.13,0,Steady Redeemers,33,F,South Bryan,High,32,Green
C102381,190.0,3.0,5916.66,0,Steady Redeemers,25,F,Lake Sandraberg,High,170,Platinum
C102382,384.0,1.0,4309.0,2,At-Risk / Lapsing,44,M,Lake Tinahaven,Affluent,160,Green
C102383,167.0,2.0,690.9300000000001,0,Steady Redeemers,44,F,Robertside,Mid,26,Green
C102384,87.0,3.0,2560.04,0,Steady Redeemers,36,F,Jennifermouth,Mid,115,Platinum
C102385,66.0,7.0,7121.25,3,"Champions (high-value, engaged)",45,F,Alanview,Mid,129,Gold
C102386,99.0,4.0,2550.75,3,"Champions (high-value, engaged)",38,F,Lake Richard,Mid,56,Green
C102387,432.0,1.0,1245.59,2,At-Risk / Lapsing,58,F,New Claudia,Mid,122,Green
C102388,9.0,9.0,15061.189999999999,3,"Champions (high-value, engaged)",44,M,Terryfurt,High,106,Green
C102389,70.0,9.0,13044.9,3,"Champions (high-value, engaged)",47,F,West Christopher,High,130,Green
C102390,117.0,2.0,848.8299999999999,0,Steady Redeemers,22,F,Peterberg,Mid,81,Platinum
C102391,85.0,1.0,431.38,0,Steady Redeemers,25,F,Jasonhaven,Low,158,Green
C102392,168.0,5.0,5117.99,3,"Champions (high-value, engaged)",43,F,Adrienneburgh,Mid,120,Gold
C102393,465.0,1.0,495.51,2,At-Risk / Lapsing,21,M,North Pamelaside,Low,52,Green
C102394,190.0,3.0,7289.679999999999,0,Steady Redeemers,31,M,Johnport,High,91,Platinum
C102395,63.0,3.0,2610.57,0,Steady Redeemers,50,M,Benitezville,Mid,137,Gold
C102396,60.0,1.0,394.82,0,Steady Redeemers,30,F,Port Nathanhaven,Low,22,Platinum
C102397,149.0,7.0,5726.46,3,"Champions (high-value, engaged)",24,M,Davidville,Low,34,Green
C102398,82.0,3.0,3361.2200000000003,0,Steady Redeemers,45,F,Evanstown,Mid,110,Platinum
C102399,93.0,6.0,7545.38,3,"Champions (high-value, engaged)",60,M,Morganbury,Mid,49,Platinum
C102400,180.0,3.0,2055.11,0,Steady Redeemers,29,M,West Kevin,Mid,129,Gold
C102401,295.0,3.0,1504.95,2,At-Risk / Lapsing,51,M,Lake Nicholas,Low,73,Green
C102402,560.0,0.0,0.0,1,Low-Engagement / New,27,M,North Mark,Mid,84,Green
C102403,53.0,1.0,435.47,0,Steady Redeemers,36,M,Port Kimberly,Mid,53,Green
C102404,375.0,2.0,7753.25,2,At-Risk / Lapsing,37,F,Garciachester,High,100,Green
C102405,140.0,3.0,3291.52,0,Steady Redeemers,29,M,Millerton,Mid,124,Gold
C102406,-13.0,5.0,7304.34,3,"Champions (high-value, engaged)",47,M,Beasleyfort,Mid,168,Gold
C102407,290.0,2.0,1501.87,2,At-Risk / Lapsing,21,F,South Christian,Mid,45,Gold
C102408,71.0,7.0,23813.91,3,"Champions (high-value, engaged)",40,M,Chapmanhaven,Affluent,137,Green
C102409,106.0,4.0,5664.66,3,"Champions (high-value, engaged)",49,F,Wigginsshire,Mid,105,Green
C102410,115.0,3.0,2563.08,0,Steady Redeemers,46,F,Fieldsmouth,High,150,Green
C102411,93.0,3.0,2608.01,0,Steady Redeemers,43,F,Dennischester,Low,146,Gold
C102412,230.0,1.0,866.53,2,At-Risk / Lapsing,55,F,East William,Mid,106,Gold
C102413,121.0,4.0,1983.4,3,"Champions (high-value, engaged)",35,M,Dawsonberg,Low,43,Green
C102414,-2.0,6.0,7732.41,3,"Champions (high-value, engaged)",21,M,Lake Jasonfort,Mid,167,Gold
C102415,-18.0,9.0,27606.23,3,"Champions (high-value, engaged)",39,M,Lake Ericside,Affluent,134,Gold
C102416,6.0,2.0,1281.0700000000002,0,Steady Redeemers,36,M,Sandraville,Mid,48,Platinum
C102417,31.0,6.0,5494.13,3,"Champions (high-value, engaged)",21,M,Rodriguezstad,Low,126,Green
C102418,54.0,3.0,1546.52,0,Steady Redeemers,25,F,Billyberg,Low,7,Gold
C102419,216.0,5.0,4124.8099999999995,3,"Champions (high-value, engaged)",24,M,West Kevinstad,Mid,16,Green
C102420,17.0,4.0,2718.19,3,"Champions (high-value, engaged)",29,F,Kellytown,Low,129,Green
C102421,128.0,7.0,5724.9400000000005,3,"Champions (high-value, engaged)",34,F,East Kristen,Low,115,Gold
C102422,166.0,2.0,6081.6,0,Steady Redeemers,34,M,Williamsport,High,37,Gold
C102423,9.0,7.0,6274.8,3,"Champions (high-value, engaged)",29,M,Jasonfort,Mid,165,Green
C102424,560.0,0.0,0.0,1,Low-Engagement / New,24,M,North Amyland,Mid,125,Green
C102425,119.0,7.0,12750.92,3,"Champions (high-value, engaged)",42,F,South Timothyport,Affluent,81,Gold
C102426,204.0,2.0,2540.51,0,Steady Redeemers,39,M,Mcculloughfurt,Low,62,Green
C102427,181.0,2.0,4219.52,0,Steady Redeemers,39,F,Davenportberg,Affluent,72,Gold
C102428,25.0,3.0,4810.09,0,Steady Redeemers,57,F,New Dana,Mid,125,Platinum
C102429,424.0,3.0,18549.03,2,At-Risk / Lapsing,39,F,Contrerasberg,High,161,Gold
C102430,560.0,0.0,0.0,1,Low-Engagement / New,33,M,Christopherchester,Mid,66,Gold
C102431,38.0,4.0,20236.08,3,"Champions (high-value, engaged)",36,F,Hallfurt,High,30,Gold
C102432,35.0,4.0,7987.58,3,"Champions (high-value, engaged)",39,M,Ambermouth,Affluent,20,Platinum
C102433,475.0,1.0,863.61,2,At-Risk / Lapsing,44,M,Debbieburgh,Mid,82,Gold
C102434,83.0,3.0,4249.16,0,Steady Redeemers,37,M,New Crystalport,Affluent,107,Green
C102435,166.0,1.0,1582.58,0,Steady Redeemers,21,F,Lake Anitaborough,Mid,152,Green
C102436,358.0,2.0,1886.31,2,At-Risk / Lapsing,33,F,New Aimeefort,Mid,132,Centurion
C102437,208.0,3.0,1757.0900000000001,0,Steady Redeemers,38,M,North Dominiqueside,Mid,37,Green
C102438,232.0,4.0,2016.65,0,Steady Redeemers,52,F,North Joshua,Mid,132,Gold
C102439,-4.0,3.0,2681.2200000000003,0,Steady Redeemers,29,M,East Maria,Low,77,Platinum
C102440,395.0,3.0,6634.35,2,At-Risk / Lapsing,21,F,Millerside,Mid,89,Gold
C102441,58.0,10.0,10535.83,3,"Champions (high-value, engaged)",38,M,Richardton,Mid,146,Green
C102442,532.0,1.0,946.74,2,At-Risk / Lapsing,47,M,Atkinstown,High,88,Green
C102443,175.0,7.0,9932.68,3,"Champions (high-value, engaged)",33,F,Samuelchester,High,176,Green
C102444,279.0,1.0,485.08,2,At-Risk / Lapsing,64,F,Port Allisonfurt,Mid,33,Green
C102445,77.0,3.0,2582.11,0,Steady Redeemers,61,M,Christopherville,Mid,58,Centurion
C102446,8.0,5.0,6816.58,3,"Champions (high-value, engaged)",37,F,West Douglas,Mid,28,Gold
C102447,560.0,0.0,0.0,1,Low-Engagement / New,40,M,Kaylaberg,Low,35,Gold
C102448,560.0,0.0,0.0,1,Low-Engagement / New,53,M,Stephanieburgh,Low,125,Gold
C102449,560.0,0.0,0.0,1,Low-Engagement / New,37,M,New Susanburgh,Mid,138,Green
C102450,27.0,2.0,1613.78,0,Steady Redeemers,29,F,Lake Brianfurt,Mid,65,Green
C102451,151.0,4.0,14966.41,3,"Champions (high-value, engaged)",47,F,West Douglasmouth,Affluent,42,Green
C102452,394.0,1.0,1853.69,2,At-Risk / Lapsing,43,M,Nicholasville,Mid,85,Gold
C102453,5.0,9.0,4959.84,3,"Champions (high-value, engaged)",29,F,East Johnshire,Mid,137,Gold
C102454,174.0,2.0,3294.66,0,Steady Redeemers,41,F,South William,Mid,111,Gold
C102455,414.0,1.0,816.21,2,At-Risk / Lapsing,36,F,Averyview,Low,15,Gold
C102456,76.0,5.0,8628.02,3,"Champions (high-value, engaged)",33,F,West Stevenchester,Mid,69,Centurion
C102457,204.0,6.0,6564.93,3,"Champions (high-value, engaged)",29,F,South Anthonybury,Mid,105,Green
C102458,119.0,3.0,1993.9,0,Steady Redeemers,39,M,West Angelashire,Mid,150,Gold
C102459,14.0,2.0,2758.56,0,Steady Redeemers,35,M,East Kathrynberg,Mid,64,Green
C102460,66.0,4.0,27921.4,3,"Champions (high-value, engaged)",41,F,Ashleymouth,Affluent,41,Gold
C102461,210.0,3.0,4783.129999999999,0,Steady Redeemers,47,F,Port Cynthiaborough,High,71,Green
C102462,228.0,2.0,4157.04,0,Steady Redeemers,40,M,West Amber,Mid,56,Gold
C102463,384.0,3.0,6260.1900000000005,2,At-Risk / Lapsing,40,F,Port John,Mid,151,Green
C102464,107.0,3.0,2454.0299999999997,0,Steady Redeemers,32,F,Aliside,Mid,25,Green
C102465,144.0,3.0,1775.84,0,Steady Redeemers,50,M,Williamsmouth,Mid,105,Platinum
C102466,152.0,3.0,1996.3200000000002,0,Steady Redeemers,28,F,Deniseburgh,Mid,134,Green
C102467,54.0,2.0,1786.75,0,Steady Redeemers,21,M,North Sarahfort,Low,119,Green
C102468,306.0,3.0,2605.02,2,At-Risk / Lapsing,26,F,Carlafurt,Mid,162,Gold
C102469,-13.0,5.0,6310.53,3,"Champions (high-value, engaged)",49,F,Meganborough,Mid,9,Gold
C102470,36.0,5.0,19409.42,3,"Champions (high-value, engaged)",43,F,Brandonside,Mid,60,Gold
C102471,2.0,7.0,12348.49,3,"Champions (high-value, engaged)",52,F,West Christopherville,Affluent,125,Gold
C102472,244.0,3.0,6145.1,0,Steady Redeemers,23,M,Lake Angela,Affluent,49,Green
C102473,352.0,2.0,2574.47,2,At-Risk / Lapsing,63,M,Natalieborough,High,51,Green
C102474,368.0,1.0,395.18,2,At-Risk / Lapsing,34,F,Nicolemouth,Mid,70,Platinum
C102475,-27.0,3.0,3807.85,0,Steady Redeemers,21,F,Tiffanymouth,High,37,Green
C102476,165.0,3.0,1950.63,0,Steady Redeemers,62,F,Johnmouth,Low,31,Platinum
C102477,14.0,3.0,9227.62,3,"Champions (high-value, engaged)",23,M,Jasonmouth,High,169,Green
C102478,99.0,3.0,2273.46,0,Steady Redeemers,33,F,Lake Dennistown,Low,62,Gold
C102479,172.0,2.0,3716.97,0,Steady Redeemers,35,M,Smithtown,High,93,Platinum
C102480,560.0,0.0,0.0,1,Low-Engagement / New,42,M,South Angela,Mid,14,Gold
C102481,77.0,7.0,6675.610000000001,3,"Champions (high-value, engaged)",29,M,Farmerside,High,164,Gold
C102482,212.0,3.0,7498.400000000001,0,Steady Redeemers,49,F,Port Nancyland,Affluent,164,Gold
C102483,560.0,0.0,0.0,1,Low-Engagement / New,46,F,Port Lisamouth,Low,79,Gold
C102484,142.0,1.0,2106.85,0,Steady Redeemers,38,F,West Teresafurt,Mid,8,Gold
C102485,-9.0,10.0,30929.98,3,"Champions (high-value, engaged)",52,F,Paultown,Affluent,154,Green
C102486,56.0,2.0,1104.24,0,Steady Redeemers,37,M,South Mitchellborough,Mid,36,Gold
C102487,351.0,1.0,3471.79,2,At-Risk / Lapsing,34,F,Smithtown,High,48,Green
C102488,152.0,6.0,10435.93,3,"Champions (high-value, engaged)",59,M,Erinstad,Mid,85,Green
C102489,260.0,2.0,2406.16,2,At-Risk / Lapsing,41,F,North Lisa,Mid,28,Gold
C102490,16.0,3.0,1573.1200000000001,0,Steady Redeemers,27,M,Lindseybury,Mid,51,Green
C102491,299.0,2.0,1695.23,2,At-Risk / Lapsing,28,F,South Tammy,Mid,104,Platinum
C102492,99.0,6.0,21412.12,3,"Champions (high-value, engaged)",38,F,West Trevorborough,High,170,Platinum
C102493,158.0,4.0,3433.89,3,"Champions (high-value, engaged)",21,M,East Traceyfurt,Mid,101,Platinum
C102494,127.0,2.0,1949.6,0,Steady Redeemers,31,M,Port Joshuahaven,Mid,29,Gold
C102495,488.0,1.0,1798.44,2,At-Risk / Lapsing,36,M,Jacksonborough,Mid,127,Gold
C102496,83.0,2.0,1013.95,0,Steady Redeemers,36,F,North Brianna,Mid,82,Green
C102497,163.0,5.0,5355.09,3,"Champions (high-value, engaged)",24,M,East Jordanshire,High,10,Gold
C102498,113.0,1.0,800.54,0,Steady Redeemers,33,F,New Jessica,Affluent,106,Green
C102499,192.0,2.0,1722.9099999999999,0,Steady Redeemers,50,M,Jamestown,Mid,167,Green
C102500,254.0,1.0,1172.06,2,At-Risk / Lapsing,48,M,Erinmouth,High,1,Gold
C102501,78.0,4.0,5003.74,3,"Champions (high-value, engaged)",39,F,South Danielleton,High,39,Green
C102502,417.0,2.0,799.61,2,At-Risk / Lapsing,37,F,Ryanchester,Mid,21,Green
C102503,-11.0,3.0,4615.66,0,Steady Redeemers,36,F,Davidhaven,Affluent,65,Gold
C102504,185.0,1.0,837.69,0,Steady Redeemers,40,M,Simpsonhaven,Mid,15,Green
C102505,24.0,2.0,4100.8,0,Steady Redeemers,39,F,Lake Jeffreyview,Low,132,Green
C102506,335.0,3.0,8361.39,2,At-Risk / Lapsing,41,M,Patelmouth,High,61,Green
C102507,463.0,1.0,1057.89,2,At-Risk / Lapsing,43,M,South Jamesland,Mid,148,Gold
C102508,2.0,3.0,7555.110000000001,3,"Champions (high-value, engaged)",24,M,Lake Jeremiahchester,High,138,Gold
C102509,271.0,6.0,9803.140000000001,3,"Champions (high-value, engaged)",34,M,East Jamesmouth,High,87,Gold
C102510,209.0,4.0,3127.08,3,"Champions (high-value, engaged)",40,F,Bryanville,Low,105,Green
C102511,-8.0,5.0,7580.25,3,"Champions (high-value, engaged)",27,F,South Ryantown,High,34,Gold
C102512,85.0,4.0,9911.82,3,"Champions (high-value, engaged)",30,M,Marybury,Mid,124,Gold
C102513,136.0,3.0,3388.34,0,Steady Redeemers,35,F,South Johnmouth,Mid,110,Green
C102514,66.0,3.0,2353.15,0,Steady Redeemers,36,F,Port Matthewbury,Mid,176,Gold
C102515,167.0,4.0,4179.11,3,"Champions (high-value, engaged)",40,M,Port Carolmouth,Affluent,33,Gold
C102516,85.0,4.0,5340.33,3,"Champions (high-value, engaged)",28,F,Lake Seanville,Low,98,Gold
C102517,560.0,0.0,0.0,1,Low-Engagement / New,48,M,North Sabrinafurt,Mid,61,Gold
C102518,125.0,3.0,9936.99,0,Steady Redeemers,36,F,Pamelaland,High,10,Green
C102519,90.0,1.0,1336.85,0,Steady Redeemers,39,M,North Samantha,High,84,Gold
C102520,206.0,3.0,2829.88,0,Steady Redeemers,33,F,Brownchester,High,65,Gold
C102521,144.0,2.0,1830.5700000000002,0,Steady Redeemers,40,M,North Ericaside,Low,77,Gold
C102522,32.0,2.0,1203.03,0,Steady Redeemers,56,F,West Melissafurt,Mid,1,Gold
C102523,91.0,6.0,3251.56,3,"Champions (high-value, engaged)",33,M,New Karenbury,Mid,133,Platinum
C102524,57.0,4.0,12535.630000000001,3,"Champions (high-value, engaged)",32,M,South Patrickchester,High,80,Platinum
C102525,23.0,2.0,1203.19,0,Steady Redeemers,28,F,West Debratown,Mid,15,Gold
C102526,-21.0,4.0,3127.37,3,"Champions (high-value, engaged)",37,F,Holmesshire,Mid,28,Gold
C102527,13.0,6.0,10217.12,3,"Champions (high-value, engaged)",37,F,North Curtis,Affluent,23,Green
C102528,319.0,2.0,946.28,2,At-Risk / Lapsing,38,F,New Kristineborough,Low,109,Gold
C102529,32.0,4.0,7557.42,3,"Champions (high-value, engaged)",43,F,Lake William,Affluent,107,Gold
C102530,245.0,2.0,7154.540000000001,2,At-Risk / Lapsing,41,M,Robertmouth,High,145,Green
C102531,67.0,3.0,5436.8099999999995,0,Steady Redeemers,37,M,East Devin,High,113,Green
C102532,134.0,6.0,5924.28,3,"Champions (high-value, engaged)",59,M,North Davidshire,Mid,98,Green
C102533,-9.0,5.0,10170.17,3,"Champions (high-value, engaged)",45,F,Palmerstad,Low,141,Green
C102534,163.0,2.0,3653.88,0,Steady Redeemers,26,M,Brandyside,High,142,Green
C102535,265.0,4.0,8005.639999999999,3,"Champions (high-value, engaged)",21,M,East Terrance,High,139,Green
C102536,14.0,8.0,27064.379999999997,3,"Champions (high-value, engaged)",30,F,Kellytown,High,28,Gold
C102537,128.0,4.0,2825.08,3,"Champions (high-value, engaged)",39,M,North John,Low,42,Green
C102538,18.0,3.0,7313.7,3,"Champions (high-value, engaged)",29,M,South Mauriceborough,High,99,Green
C102539,244.0,4.0,7803.3099999999995,3,"Champions (high-value, engaged)",31,F,Port Casey,High,61,Platinum
C102540,258.0,2.0,4224.44,2,At-Risk / Lapsing,38,M,Lake Thomas,High,123,Green
C102541,42.0,5.0,5816.5599999999995,3,"Champions (high-value, engaged)",34,F,Greenemouth,High,64,Platinum
C102542,438.0,2.0,4093.96,2,At-Risk / Lapsing,21,M,Christinachester,High,31,Gold
C102543,111.0,4.0,10597.09,3,"Champions (high-value, engaged)",49,M,Francismouth,Mid,81,Green
C102544,560.0,0.0,0.0,1,Low-Engagement / New,47,F,South Jeffreytown,Low,10,Green
C102545,21.0,1.0,2848.22,0,Steady Redeemers,23,M,Lake Jerry,Mid,8,Green
C102546,35.0,4.0,4130.24,3,"Champions (high-value, engaged)",38,M,East Timothy,Low,149,Green
C102547,280.0,1.0,529.6,2,At-Risk / Lapsing,25,F,Lindsayfurt,Mid,59,Green
C102548,229.0,3.0,2357.92,0,Steady Redeemers,31,M,South Jack,Mid,178,Green
C102549,8.0,3.0,2267.13,0,Steady Redeemers,43,M,West Alejandrostad,Low,30,Green
C102550,5.0,4.0,6034.41,3,"Champions (high-value, engaged)",46,M,New Dariusport,Mid,145,Gold
C102551,113.0,5.0,3014.3599999999997,3,"Champions (high-value, engaged)",46,F,Leeshire,Low,20,Green
C102552,156.0,3.0,6354.65,0,Steady Redeemers,40,M,Bradleytown,High,48,Platinum
C102553,116.0,8.0,20024.969999999998,3,"Champions (high-value, engaged)",52,F,East Justin,Affluent,130,Green
C102554,93.0,5.0,5804.21,3,"Champions (high-value, engaged)",31,M,West Jennifer,Low,37,Platinum
C102555,560.0,0.0,0.0,1,Low-Engagement / New,33,M,Melaniebury,Affluent,129,Green
C102556,249.0,1.0,1835.1,2,At-Risk / Lapsing,21,F,East Andrew,Mid,132,Gold
C102557,26.0,2.0,2781.6000000000004,0,Steady Redeemers,36,M,Reneetown,Mid,100,Green
C102558,218.0,1.0,655.92,2,At-Risk / Lapsing,44,M,South Diana,Low,54,Gold
C102559,133.0,3.0,6284.75,0,Steady Redeemers,41,F,West Sharonport,Mid,122,Green
C102560,243.0,1.0,805.46,2,At-Risk / Lapsing,31,F,Allenstad,High,25,Gold
C102561,60.0,7.0,8861.58,3,"Champions (high-value, engaged)",47,M,New Tiffany,High,131,Green
C102562,560.0,0.0,0.0,1,Low-Engagement / New,37,M,Johnsland,Low,9,Gold
C102563,417.0,1.0,452.0,2,At-Risk / Lapsing,46,M,East Nicoleberg,Low,34,Green
C102564,45.0,4.0,3046.87,3,"Champions (high-value, engaged)",43,F,East Amanda,Mid,43,Gold
C102565,137.0,4.0,5602.79,3,"Champions (high-value, engaged)",53,F,Louischester,Mid,74,Green
C102566,140.0,1.0,618.98,0,Steady Redeemers,41,F,North Kathryn,Mid,94,Green
C102567,160.0,1.0,980.42,0,Steady Redeemers,44,M,Port Amanda,Mid,22,Gold
C102568,560.0,0.0,0.0,1,Low-Engagement / New,37,M,West John,High,70,Centurion
C102569,267.0,5.0,14027.65,3,"Champions (high-value, engaged)",32,M,Moniquehaven,Affluent,130,Gold
C102570,223.0,1.0,1097.95,2,At-Risk / Lapsing,43,M,Clarkland,Mid,94,Gold
C102571,421.0,1.0,2335.98,2,At-Risk / Lapsing,54,F,Gibbsland,Affluent,32,Gold
C102572,63.0,1.0,600.35,0,Steady Redeemers,31,M,New Paul,Mid,106,Gold
C102573,268.0,2.0,1597.3200000000002,2,At-Risk / Lapsing,35,F,Victormouth,Mid,144,Green
C102574,51.0,1.0,937.66,0,Steady Redeemers,38,F,West Jennifer,Mid,1,Green
C102575,65.0,3.0,3936.81,0,Steady Redeemers,45,M,Baldwinfort,Mid,72,Platinum
C102576,160.0,3.0,4685.13,0,Steady Redeemers,41,F,Adamsfurt,Affluent,176,Gold
C102577,23.0,3.0,1308.56,0,Steady Redeemers,48,M,East Jeffreyborough,Mid,50,Gold
C102578,97.0,3.0,4297.97,0,Steady Redeemers,59,M,Royfurt,Mid,141,Gold
C102579,24.0,5.0,5815.83,3,"Champions (high-value, engaged)",30,M,West Ronald,Mid,15,Green
C102580,560.0,0.0,0.0,1,Low-Engagement / New,44,M,Duncanstad,Low,53,Green
C102581,328.0,1.0,5693.16,2,At-Risk / Lapsing,41,M,Andreaberg,High,172,Gold
C102582,105.0,2.0,2528.49,0,Steady Redeemers,38,F,West Seanstad,Mid,8,Green
C102583,178.0,2.0,3357.6099999999997,0,Steady Redeemers,44,F,New Blake,Mid,74,Green
C102584,126.0,4.0,2053.07,3,"Champions (high-value, engaged)",35,M,Ronaldmouth,Mid,46,Gold
C102585,44.0,8.0,8383.39,3,"Champions (high-value, engaged)",41,F,Ortizfort,Mid,69,Centurion
C102586,133.0,2.0,620.75,0,Steady Redeemers,23,F,Joshuatown,Low,114,Green
C102587,349.0,1.0,521.72,2,At-Risk / Lapsing,32,F,South Jesus,High,147,Gold
C102588,6.0,3.0,1883.21,0,Steady Redeemers,49,M,West Rachelport,Mid,166,Green
C102589,202.0,2.0,12026.23,0,Steady Redeemers,49,M,Port Joshuabury,High,123,Green
C102590,237.0,1.0,11417.96,2,At-Risk / Lapsing,40,F,North Charleston,High,139,Platinum
C102591,119.0,1.0,862.26,0,Steady Redeemers,33,F,West James,High,117,Gold
C102592,450.0,1.0,586.99,2,At-Risk / Lapsing,47,M,Johnview,Mid,43,Green
C102593,168.0,3.0,3506.38,0,Steady Redeemers,51,F,Lake Cassandra,Mid,20,Gold
C102594,78.0,4.0,2823.23,3,"Champions (high-value, engaged)",33,M,Port Karen,Low,148,Green
C102595,106.0,5.0,9856.6,3,"Champions (high-value, engaged)",21,F,Alanport,High,21,Gold
C102596,328.0,2.0,1661.49,2,At-Risk / Lapsing,42,M,Lynnfurt,Mid,82,Green
C102597,331.0,3.0,2588.09,2,At-Risk / Lapsing,48,F,Underwoodtown,Mid,57,Platinum
C102598,32.0,4.0,6031.5199999999995,3,"Champions (high-value, engaged)",44,F,Valdezberg,Mid,178,Gold
C102599,58.0,4.0,4269.74,3,"Champions (high-value, engaged)",55,M,Perezborough,Low,74,Green
C102600,221.0,2.0,2193.74,0,Steady Redeemers,55,M,Hallshire,Mid,98,Platinum
C102601,80.0,3.0,1905.12,0,Steady Redeemers,34,F,Sharpmouth,Low,154,Centurion
C102602,191.0,1.0,1671.05,0,Steady Redeemers,40,F,Latoyamouth,High,158,Green
C102603,273.0,2.0,3262.76,2,At-Risk / Lapsing,32,F,South Kayla,Mid,110,Platinum
C102604,154.0,3.0,2166.8199999999997,0,Steady Redeemers,26,F,Clarkmouth,Low,115,Platinum
C102605,47.0,1.0,676.11,0,Steady Redeemers,27,F,West Donberg,Mid,159,Gold
C102606,328.0,2.0,3593.92,2,At-Risk / Lapsing,45,M,Sherrytown,Low,42,Centurion
C102607,63.0,2.0,2318.71,0,Steady Redeemers,41,F,Cochranstad,Mid,68,Gold
C102608,560.0,0.0,0.0,1,Low-Engagement / New,47,M,Jeremiahchester,High,70,Gold
C102609,292.0,3.0,2301.6099999999997,2,At-Risk / Lapsing,65,M,Farmerside,Low,78,Platinum
C102610,99.0,1.0,591.31,0,Steady Redeemers,43,F,Marktown,High,90,Gold
C102611,560.0,0.0,0.0,1,Low-Engagement / New,29,F,East Ericmouth,Low,111,Gold
C102612,-6.0,4.0,2729.94,3,"Champions (high-value, engaged)",49,M,Bairdborough,Mid,112,Green
C102613,79.0,6.0,5040.08,3,"Champions (high-value, engaged)",29,M,Brownfurt,High,103,Platinum
C102614,145.0,3.0,3906.48,0,Steady Redeemers,57,F,South Daniel,Mid,145,Gold
C102615,218.0,3.0,1259.73,0,Steady Redeemers,21,M,Fowlerport,Low,19,Gold
C102616,143.0,4.0,3563.04,3,"Champions (high-value, engaged)",31,F,East Damonside,Mid,179,Gold
C102617,191.0,3.0,2939.92,0,Steady Redeemers,44,F,North Margaret,Mid,70,Green
C102618,44.0,8.0,14833.8,3,"Champions (high-value, engaged)",50,F,Johnsonborough,High,63,Green
C102619,132.0,4.0,2449.48,3,"Champions (high-value, engaged)",30,M,South Justinbury,Mid,75,Gold
C102620,-14.0,3.0,8133.0599999999995,3,"Champions (high-value, engaged)",28,M,Donnaland,High,158,Gold
C102621,511.0,1.0,3248.2,2,At-Risk / Lapsing,39,F,Brownhaven,High,153,Platinum
C102622,25.0,3.0,1586.75,0,Steady Redeemers,58,M,East Markchester,Mid,104,Gold
C102623,244.0,1.0,4969.63,2,At-Risk / Lapsing,21,F,Mooreville,Affluent,75,Platinum
C102624,383.0,3.0,3676.23,2,At-Risk / Lapsing,34,M,New Robert,Mid,128,Green
C102625,121.0,1.0,2499.31,0,Steady Redeemers,40,M,South Stephanieborough,Affluent,154,Centurion
C102626,194.0,1.0,331.4,2,At-Risk / Lapsing,29,F,Port Jamie,Low,56,Green
C102627,-19.0,3.0,2590.02,0,Steady Redeemers,29,F,Meyersfort,High,22,Gold
C102628,64.0,5.0,5868.12,3,"Champions (high-value, engaged)",35,M,New Barbara,Mid,89,Gold
C102629,64.0,2.0,878.6400000000001,0,Steady Redeemers,41,F,Brianahaven,Mid,19,Green
C102630,26.0,3.0,1743.66,0,Steady Redeemers,35,F,Hilltown,Mid,159,Green
C102631,1.0,7.0,20568.09,3,"Champions (high-value, engaged)",54,F,South Caleb,High,26,Green
C102632,23.0,5.0,7582.820000000001,3,"Champions (high-value, engaged)",44,M,Jacobsbury,Low,170,Gold
C102633,108.0,1.0,442.08,0,Steady Redeemers,42,M,Reneefort,Low,169,Green
C102634,560.0,0.0,0.0,1,Low-Engagement / New,49,F,Fordton,High,23,Centurion
C102635,34.0,4.0,5487.89,3,"Champions (high-value, engaged)",42,M,West Debbiemouth,High,47,Green
C102636,315.0,3.0,6315.8,2,At-Risk / Lapsing,33,M,Isabellaport,Affluent,13,Centurion
C102637,560.0,0.0,0.0,1,Low-Engagement / New,35,M,Austinburgh,High,66,Green
C102638,46.0,6.0,8984.4,3,"Champions (high-value, engaged)",25,M,Wrightchester,Affluent,144,Green
C102639,48.0,11.0,30016.68,3,"Champions (high-value, engaged)",60,F,Cruzburgh,High,73,Green
C102640,560.0,0.0,0.0,1,Low-Engagement / New,48,M,South Hollyton,Mid,156,Platinum
C102641,560.0,0.0,0.0,1,Low-Engagement / New,21,M,Port Eric,Low,77,Gold
C102642,-2.0,6.0,6719.85,3,"Champions (high-value, engaged)",52,F,Elizabethland,High,163,Green
C102643,469.0,1.0,657.66,2,At-Risk / Lapsing,21,F,South Robert,Mid,169,Green
C102644,15.0,2.0,2282.36,0,Steady Redeemers,43,M,West Charlesville,Low,31,Green
C102645,354.0,3.0,4263.44,2,At-Risk / Lapsing,21,F,Robertburgh,Mid,85,Gold
C102646,164.0,3.0,4299.46,0,Steady Redeemers,33,M,Jaredton,Affluent,160,Green
C102647,84.0,4.0,5096.96,3,"Champions (high-value, engaged)",52,M,Johnsonmouth,Mid,59,Gold
C102648,97.0,7.0,8597.73,3,"Champions (high-value, engaged)",53,F,Cooperfurt,Mid,41,Gold
C102649,305.0,3.0,1517.33,2,At-Risk / Lapsing,41,F,South Benjamin,Mid,112,Platinum
C102650,560.0,0.0,0.0,1,Low-Engagement / New,46,F,Dannyberg,Mid,96,Gold
C102651,230.0,1.0,619.4,2,At-Risk / Lapsing,22,F,Ellenmouth,Mid,168,Green
C102652,-5.0,1.0,629.4,0,Steady Redeemers,43,F,Murrayland,Mid,122,Centurion
C102653,39.0,4.0,6316.4800000000005,3,"Champions (high-value, engaged)",47,F,Lake Stephanie,Low,156,Green
C102654,35.0,5.0,20711.87,3,"Champions (high-value, engaged)",66,F,South Lori,High,165,Gold
C102655,359.0,1.0,473.09,2,At-Risk / Lapsing,31,F,East Mary,Mid,105,Platinum
C102656,340.0,2.0,4077.9900000000002,2,At-Risk / Lapsing,38,F,East Kellyside,High,74,Green
C102657,-14.0,2.0,5893.76,0,Steady Redeemers,38,M,Jacksontown,High,132,Green
C102658,77.0,3.0,2217.77,0,Steady Redeemers,45,M,Ericstad,Mid,99,Green
C102659,11.0,9.0,25084.06,3,"Champions (high-value, engaged)",47,M,East Jennifer,High,126,Green
C102660,133.0,1.0,793.01,0,Steady Redeemers,49,F,South Heather,Mid,138,Green
C102661,60.0,3.0,2801.62,0,Steady Redeemers,48,F,South Hannahmouth,High,175,Green
C102662,119.0,3.0,2298.27,0,Steady Redeemers,21,F,New Adamfurt,Mid,75,Green
C102663,288.0,2.0,1539.1,2,At-Risk / Lapsing,21,M,East Nicholas,High,14,Platinum
C102664,560.0,0.0,0.0,1,Low-Engagement / New,32,M,East Christopher,Mid,38,Gold
C102665,-6.0,5.0,5308.4,3,"Champions (high-value, engaged)",37,M,Johnsontown,Mid,140,Gold
C102666,285.0,5.0,2520.51,3,"Champions (high-value, engaged)",31,F,Loriland,Low,45,Gold
C102667,51.0,6.0,26631.809999999998,3,"Champions (high-value, engaged)",32,F,North Laura,High,145,Platinum
C102668,242.0,4.0,9873.42,3,"Champions (high-value, engaged)",34,F,Lake Gary,High,163,Platinum
C102669,57.0,6.0,5274.45,3,"Champions (high-value, engaged)",44,M,Huntmouth,Mid,75,Platinum
C102670,23.0,1.0,637.07,0,Steady Redeemers,26,M,Annaborough,Mid,169,Platinum
C102671,314.0,1.0,328.83,2,At-Risk / Lapsing,37,M,New Randall,Mid,29,Green
C102672,560.0,0.0,0.0,1,Low-Engagement / New,37,M,Martinezborough,High,18,Gold
C102673,83.0,3.0,962.55,0,Steady Redeemers,44,F,West Marcustown,Low,20,Gold
C102674,9.0,4.0,10011.87,3,"Champions (high-value, engaged)",50,M,Valdeztown,High,14,Gold
C102675,147.0,2.0,4458.09,0,Steady Redeemers,56,F,Lewisbury,Mid,162,Gold
C102676,164.0,3.0,2803.77,0,Steady Redeemers,29,F,Lake Lisastad,Mid,177,Green
C102677,19.0,9.0,10232.9,3,"Champions (high-value, engaged)",21,M,North Nicolechester,Low,54,Green
C102678,80.0,2.0,977.76,0,Steady Redeemers,35,M,Katrinafort,Low,31,Platinum
C102679,284.0,1.0,1071.2,2,At-Risk / Lapsing,21,F,Lake Amandashire,Mid,58,Gold
C102680,143.0,1.0,613.31,0,Steady Redeemers,68,M,West Susan,Mid,104,Green
C102681,102.0,4.0,5208.47,3,"Champions (high-value, engaged)",28,F,Tinafurt,High,170,Green
C102682,476.0,1.0,399.54,2,At-Risk / Lapsing,44,M,West Gregory,Low,128,Gold
C102683,153.0,4.0,3130.5,3,"Champions (high-value, engaged)",48,F,Tiffanyfort,Mid,158,Gold
C102684,109.0,2.0,2659.3900000000003,0,Steady Redeemers,41,M,West Andresshire,Mid,25,Gold
C102685,262.0,1.0,352.46,2,At-Risk / Lapsing,60,F,Reyesbury,Low,19,Green
C102686,560.0,0.0,0.0,1,Low-Engagement / New,35,M,East Andrewville,Low,136,Green
C102687,110.0,1.0,591.03,0,Steady Redeemers,28,M,Joelchester,Mid,3,Green
C102688,560.0,0.0,0.0,1,Low-Engagement / New,28,M,New Christopher,Mid,86,Gold
C102689,92.0,5.0,9885.04,3,"Champions (high-value, engaged)",46,F,West Victor,Mid,145,Green
C102690,222.0,5.0,14452.449999999999,3,"Champions (high-value, engaged)",35,M,East Nicholas,Mid,142,Green
C102691,182.0,4.0,5361.68,3,"Champions (high-value, engaged)",28,F,East Sandramouth,Mid,9,Gold
C102692,109.0,4.0,3610.34,3,"Champions (high-value, engaged)",42,F,Dennismouth,Low,94,Platinum
C102693,163.0,4.0,7241.379999999999,3,"Champions (high-value, engaged)",45,M,New Latoyachester,Mid,149,Green
C102694,459.0,1.0,9145.92,2,At-Risk / Lapsing,40,M,Karenbury,Affluent,165,Gold
C102695,114.0,2.0,1275.73,0,Steady Redeemers,47,M,Matthewborough,Mid,139,Centurion
C102696,260.0,2.0,3468.7599999999998,2,At-Risk / Lapsing,38,F,Lake Vanessabury,High,20,Platinum
C102697,1.0,3.0,3560.83,0,Steady Redeemers,31,F,Boydburgh,Mid,35,Platinum
C102698,54.0,5.0,13312.52,3,"Champions (high-value, engaged)",46,F,Sotoland,High,53,Gold
C102699,105.0,9.0,18089.510000000002,3,"Champions (high-value, engaged)",28,F,Jonesborough,High,175,Green
C102700,50.0,6.0,4740.75,3,"Champions (high-value, engaged)",25,F,Lake Victoriaborough,Mid,110,Gold
C102701,231.0,3.0,8497.6,0,Steady Redeemers,50,M,North Glenn,Affluent,180,Gold
C102702,50.0,4.0,2629.2799999999997,3,"Champions (high-value, engaged)",34,F,East William,Low,136,Gold
C102703,188.0,2.0,2637.73,0,Steady Redeemers,56,M,Hardyport,Low,4,Gold
C102704,65.0,4.0,12863.0,3,"Champions (high-value, engaged)",47,M,Lake James,High,155,Gold
C102705,27.0,8.0,13236.93,3,"Champions (high-value, engaged)",33,F,Thompsonbury,High,172,Centurion
C102706,131.0,2.0,3153.72,0,Steady Redeemers,43,F,Justinmouth,Low,168,Green
C102707,286.0,2.0,5919.0,2,At-Risk / Lapsing,65,M,West Michelle,Mid,102,Green
C102708,53.0,6.0,5342.49,3,"Champions (high-value, engaged)",46,F,Millerstad,Low,47,Gold
C102709,132.0,5.0,5301.48,3,"Champions (high-value, engaged)",44,M,Grayfort,Mid,94,Green
C102710,132.0,4.0,4218.63,3,"Champions (high-value, engaged)",31,F,Hendersonchester,High,172,Gold
C102711,-1.0,3.0,3041.4900000000002,0,Steady Redeemers,58,M,Port Stephanie,Mid,48,Green
C102712,71.0,4.0,3520.16,3,"Champions (high-value, engaged)",52,M,Smithfurt,Mid,91,Gold
C102713,73.0,5.0,4602.74,3,"Champions (high-value, engaged)",31,F,Dickersonport,Mid,180,Gold
C102714,67.0,3.0,1259.0,0,Steady Redeemers,58,F,New Jessica,Low,84,Green
C102715,244.0,3.0,2305.18,0,Steady Redeemers,39,F,Oscarport,Mid,68,Green
C102716,239.0,2.0,1703.22,2,At-Risk / Lapsing,28,F,Campbellside,Mid,139,Green
C102717,235.0,4.0,6117.91,3,"Champions (high-value, engaged)",31,F,Jonesberg,Affluent,125,Green
C102718,56.0,1.0,678.99,0,Steady Redeemers,47,F,Gonzalezborough,High,73,Gold
C102719,143.0,5.0,5593.93,3,"Champions (high-value, engaged)",28,F,North Michellestad,Low,4,Gold
C102720,17.0,4.0,7955.320000000001,3,"Champions (high-value, engaged)",25,F,Sullivanchester,High,76,Green
C102721,405.0,3.0,3168.4700000000003,2,At-Risk / Lapsing,33,F,Wallerstad,High,73,Gold
C102722,30.0,4.0,5364.14,3,"Champions (high-value, engaged)",34,M,Burnsshire,High,77,Green
C102723,124.0,1.0,448.45,0,Steady Redeemers,30,F,South Nicoleville,Mid,48,Platinum
C102724,42.0,1.0,1097.61,0,Steady Redeemers,33,F,Frederickburgh,Mid,154,Green
C102725,50.0,4.0,2463.69,3,"Champions (high-value, engaged)",48,M,Port Samuel,Mid,102,Platinum
C102726,112.0,3.0,3314.81,0,Steady Redeemers,40,F,Kelseystad,Low,106,Gold
C102727,94.0,1.0,1594.66,0,Steady Redeemers,32,M,Reidstad,Mid,77,Gold
C102728,148.0,3.0,1591.12,0,Steady Redeemers,33,M,Lake Paulchester,Mid,39,Gold
C102729,213.0,3.0,2207.96,0,Steady Redeemers,36,F,East Tim,Mid,58,Platinum
C102730,225.0,3.0,2608.17,0,Steady Redeemers,37,M,Crystaltown,High,19,Platinum
C102731,201.0,3.0,7412.42,0,Steady Redeemers,37,F,West Catherine,Mid,88,Gold
C102732,17.0,1.0,1070.4,0,Steady Redeemers,47,M,West John,Low,113,Green
C102733,144.0,3.0,9455.36,0,Steady Redeemers,40,F,North Darryl,Affluent,77,Platinum
C102734,77.0,3.0,9125.6,0,Steady Redeemers,40,M,Lake Jenniferfurt,Affluent,77,Green
C102735,415.0,1.0,885.69,2,At-Risk / Lapsing,53,M,Mccarthyland,High,28,Platinum
C102736,168.0,6.0,22991.739999999998,3,"Champions (high-value, engaged)",58,F,South Gabriel,Affluent,66,Gold
C102737,68.0,1.0,334.99,0,Steady Redeemers,24,M,Kingport,Mid,10,Platinum
C102738,209.0,3.0,4807.85,0,Steady Redeemers,21,M,Willischester,Affluent,126,Platinum
C102739,382.0,3.0,3512.8399999999997,2,At-Risk / Lapsing,34,M,North Daisystad,Low,58,Green
C102740,23.0,4.0,6408.530000000001,3,"Champions (high-value, engaged)",46,M,West Kaitlyn,Mid,142,Gold
C102741,135.0,3.0,1416.94,0,Steady Redeemers,42,M,Haletown,Mid,125,Green
C102742,45.0,2.0,3136.8599999999997,0,Steady Redeemers,49,M,Port Travis,Low,112,Green
C102743,74.0,3.0,1324.1,0,Steady Redeemers,33,M,North Kimchester,Low,84,Gold
C102744,490.0,2.0,3311.77,2,At-Risk / Lapsing,21,F,Penachester,Mid,143,Green
C102745,73.0,4.0,5754.11,3,"Champions (high-value, engaged)",22,F,East Nicholas,High,96,Gold
C102746,-7.0,4.0,2206.6800000000003,3,"Champions (high-value, engaged)",44,F,East Tom,Mid,33,Centurion
C102747,194.0,4.0,2821.1,3,"Champions (high-value, engaged)",49,M,South Ashleyborough,Low,145,Gold
C102748,74.0,3.0,6368.65,0,Steady Redeemers,21,F,East Brian,High,152,Green
C102749,172.0,4.0,4019.9300000000003,3,"Champions (high-value, engaged)",53,M,Port Katherine,Mid,158,Platinum
C102750,560.0,0.0,0.0,1,Low-Engagement / New,43,F,Tonyachester,Mid,141,Platinum
C102751,560.0,0.0,0.0,1,Low-Engagement / New,37,M,Simsville,High,47,Gold
C102752,-4.0,6.0,14073.199999999999,3,"Champions (high-value, engaged)",31,F,North Kelly,Mid,112,Gold
C102753,560.0,0.0,0.0,1,Low-Engagement / New,55,F,Martinezland,Mid,144,Platinum
C102754,-11.0,5.0,14543.619999999999,3,"Champions (high-value, engaged)",47,M,Anthonybury,Affluent,43,Green
C102755,303.0,4.0,4083.01,2,At-Risk / Lapsing,43,F,Washingtonville,Mid,8,Platinum
C102756,92.0,2.0,1109.98,0,Steady Redeemers,29,M,North Josephtown,Mid,3,Platinum
C102757,83.0,4.0,6037.78,3,"Champions (high-value, engaged)",55,F,North Jasontown,High,125,Platinum
C102758,101.0,1.0,490.19,0,Steady Redeemers,38,F,Morrisonview,High,12,Green
C102759,-12.0,6.0,14295.63,3,"Champions (high-value, engaged)",41,M,Kennedymouth,Low,84,Platinum
C102760,-3.0,5.0,3122.38,3,"Champions (high-value, engaged)",38,M,Rogersmouth,Low,16,Gold
C102761,311.0,1.0,264.17,2,At-Risk / Lapsing,29,F,Lisastad,Low,78,Gold
C102762,560.0,0.0,0.0,1,Low-Engagement / New,41,F,Grayton,Mid,59,Platinum
C102763,70.0,2.0,1055.98,0,Steady Redeemers,45,F,Morganville,Mid,177,Green
C102764,217.0,2.0,446.38,0,Steady Redeemers,33,F,South Monicafurt,Low,63,Green
C102765,305.0,2.0,3532.08,2,At-Risk / Lapsing,40,M,North Carolyn,Affluent,49,Platinum
C102766,348.0,2.0,922.54,2,At-Risk / Lapsing,38,F,Stephaniebury,Mid,51,Platinum
C102767,115.0,3.0,1225.04,0,Steady Redeemers,48,F,Shannonfort,Mid,33,Platinum
C102768,148.0,1.0,466.79,0,Steady Redeemers,34,M,Kellertown,Mid,30,Green
C102769,560.0,0.0,0.0,1,Low-Engagement / New,40,M,Allenstad,High,76,Gold
C102770,226.0,2.0,2499.12,0,Steady Redeemers,42,M,Port Jillmouth,Low,15,Green
C102771,560.0,0.0,0.0,1,Low-Engagement / New,34,F,New Todd,Mid,82,Platinum
C102772,184.0,10.0,14385.98,3,"Champions (high-value, engaged)",28,M,West Ronniefort,High,92,Green
C102773,146.0,2.0,3673.42,0,Steady Redeemers,30,F,Lake Paulborough,Mid,23,Gold
C102774,-11.0,1.0,450.57,0,Steady Redeemers,42,F,Port Abigail,Mid,94,Gold
C102775,49.0,2.0,1709.92,0,Steady Redeemers,35,M,East Tylerland,Mid,45,Centurion
C102776,265.0,1.0,274.91,2,At-Risk / Lapsing,35,M,Marisaside,Low,62,Gold
C102777,560.0,0.0,0.0,1,Low-Engagement / New,44,M,Jacksonmouth,Low,15,Gold
C102778,141.0,1.0,516.48,0,Steady Redeemers,49,M,South Elainebury,Mid,46,Green
C102779,26.0,2.0,2356.61,0,Steady Redeemers,51,M,East George,Mid,64,Gold
C102780,-5.0,7.0,4597.98,3,"Champions (high-value, engaged)",31,F,North Ryantown,Low,174,Gold
C102781,12.0,7.0,8524.32,3,"Champions (high-value, engaged)",48,F,West Raven,High,172,Green
C102782,560.0,0.0,0.0,1,Low-Engagement / New,60,F,Jeffreyview,Affluent,75,Gold
C102783,38.0,4.0,18169.48,3,"Champions (high-value, engaged)",39,M,Lynnville,High,157,Platinum
C102784,112.0,4.0,9783.4,3,"Champions (high-value, engaged)",37,F,New Cynthia,High,52,Green
C102785,86.0,4.0,3918.23,3,"Champions (high-value, engaged)",34,F,Davismouth,Mid,88,Green
C102786,70.0,4.0,28348.91,3,"Champions (high-value, engaged)",26,M,New Katie,Affluent,57,Gold
C102787,560.0,0.0,0.0,1,Low-Engagement / New,47,M,Lake Matthewfurt,Low,83,Platinum
C102788,51.0,2.0,8533.77,0,Steady Redeemers,37,F,Stokesbury,Affluent,66,Green
C102789,23.0,6.0,7426.24,3,"Champions (high-value, engaged)",36,F,Darrellland,Affluent,150,Platinum
C102790,240.0,3.0,7919.99,0,Steady Redeemers,45,M,North Matthewshire,High,20,Platinum
C102791,41.0,4.0,14923.380000000001,3,"Champions (high-value, engaged)",46,F,Lake Sheri,Affluent,33,Green
C102792,130.0,5.0,5331.21,3,"Champions (high-value, engaged)",31,F,Davidmouth,Mid,72,Green
C102793,308.0,2.0,1594.27,2,At-Risk / Lapsing,31,M,Raytown,Mid,25,Gold
C102794,147.0,3.0,1658.52,0,Steady Redeemers,31,M,Bryanside,Mid,46,Centurion
C102795,76.0,3.0,4209.2,0,Steady Redeemers,61,F,Port Paul,Mid,73,Gold
C102796,350.0,5.0,1883.3600000000001,2,At-Risk / Lapsing,54,M,Floresstad,Low,98,Gold
C102797,264.0,3.0,2956.2799999999997,2,At-Risk / Lapsing,45,F,New Elizabeth,Mid,57,Green
C102798,33.0,3.0,11818.33,3,"Champions (high-value, engaged)",33,M,North Randall,Affluent,87,Gold
C102799,109.0,2.0,943.4000000000001,0,Steady Redeemers,35,F,Stewartport,Low,133,Gold
C102800,144.0,3.0,2915.76,0,Steady Redeemers,41,F,South Erin,High,55,Green
C102801,114.0,4.0,14737.81,3,"Champions (high-value, engaged)",62,M,New Justin,Affluent,61,Gold
C102802,287.0,3.0,8187.23,2,At-Risk / Lapsing,41,M,New Lukehaven,Affluent,89,Green
C102803,154.0,3.0,7392.860000000001,0,Steady Redeemers,43,F,West Wendyshire,Affluent,8,Gold
C102804,236.0,3.0,1933.6599999999999,0,Steady Redeemers,21,M,Welchborough,Mid,16,Green
C102805,73.0,6.0,18749.01,3,"Champions (high-value, engaged)",40,F,Carterfurt,Affluent,176,Green
C102806,-20.0,4.0,4789.14,3,"Champions (high-value, engaged)",22,M,Port Masonborough,High,116,Platinum
C102807,144.0,3.0,4150.79,0,Steady Redeemers,32,M,Lake Jill,Low,61,Green
C102808,178.0,2.0,1060.02,0,Steady Redeemers,38,M,Port Tony,Mid,15,Gold
C102809,176.0,5.0,5152.75,3,"Champions (high-value, engaged)",34,M,Evansburgh,High,150,Green
C102810,39.0,2.0,3250.1099999999997,0,Steady Redeemers,31,M,New Philipchester,Mid,131,Green
C102811,346.0,2.0,1652.27,2,At-Risk / Lapsing,31,F,Mooneyfurt,Mid,102,Green
C102812,220.0,3.0,3158.27,0,Steady Redeemers,35,F,Jonesport,High,54,Green
C102813,274.0,2.0,2201.94,2,At-Risk / Lapsing,35,F,Heatherborough,Low,14,Green
C102814,430.0,1.0,830.93,2,At-Risk / Lapsing,38,M,Davismouth,Mid,36,Platinum
C102815,172.0,2.0,1978.6,0,Steady Redeemers,37,M,Port Sarahport,High,105,Green
C102816,12.0,2.0,1811.1599999999999,0,Steady Redeemers,52,M,Penashire,Mid,82,Green
C102817,58.0,1.0,383.18,0,Steady Redeemers,21,M,South Heather,Low,67,Platinum
C102818,4.0,5.0,6810.59,3,"Champions (high-value, engaged)",40,F,Phyllisborough,Low,10,Green
C102819,284.0,2.0,3831.88,2,At-Risk / Lapsing,38,F,Port Kaitlin,Mid,49,Gold
C102820,32.0,5.0,17582.86,3,"Champions (high-value, engaged)",36,M,West Jessicashire,Affluent,111,Green
C102821,-3.0,5.0,7868.07,3,"Champions (high-value, engaged)",30,F,Lake Kristenberg,Mid,65,Green
C102822,234.0,3.0,5020.65,0,Steady Redeemers,36,M,Clementschester,Mid,57,Gold
C102823,-5.0,2.0,2279.13,0,Steady Redeemers,21,F,North Cody,Mid,27,Centurion
C102824,14.0,3.0,1346.85,0,Steady Redeemers,40,F,Whiteton,Mid,113,Green
C102825,25.0,6.0,7920.870000000001,3,"Champions (high-value, engaged)",42,M,New Debrashire,High,133,Gold
C102826,560.0,0.0,0.0,1,Low-Engagement / New,30,F,Bookerfurt,High,71,Green
C102827,194.0,3.0,2321.21,0,Steady Redeemers,59,F,North David,Low,83,Green
C102828,61.0,3.0,1380.96,0,Steady Redeemers,36,M,Burnsburgh,Mid,57,Platinum
C102829,230.0,5.0,3902.69,3,"Champions (high-value, engaged)",38,F,Parsonsland,Low,120,Green
C102830,459.0,1.0,520.8,2,At-Risk / Lapsing,52,F,Hancockfurt,Mid,93,Platinum
C102831,111.0,2.0,3391.64,0,Steady Redeemers,61,F,Cynthiamouth,High,15,Green
C102832,317.0,2.0,736.5899999999999,2,At-Risk / Lapsing,25,F,Alexanderville,Low,111,Platinum
C102833,86.0,2.0,4796.48,0,Steady Redeemers,31,M,North Tracyhaven,Mid,101,Gold
C102834,140.0,1.0,1249.29,0,Steady Redeemers,36,M,North Brenda,Mid,119,Platinum
C102835,340.0,1.0,5665.52,2,At-Risk / Lapsing,29,M,Hillville,Affluent,76,Green
C102836,193.0,4.0,31507.839999999997,3,"Champions (high-value, engaged)",47,M,South Todd,Affluent,158,Platinum
C102837,398.0,1.0,459.8,2,At-Risk / Lapsing,28,F,Evansberg,Low,20,Gold
C102838,346.0,2.0,3028.86,2,At-Risk / Lapsing,51,M,West Bryanside,High,165,Gold
C102839,13.0,4.0,3327.36,3,"Champions (high-value, engaged)",44,F,South Lisa,Mid,131,Platinum
C102840,19.0,8.0,9001.82,3,"Champions (high-value, engaged)",50,F,South Angelaside,Mid,73,Gold
C102841,-1.0,2.0,4951.13,0,Steady Redeemers,28,F,Brownshire,High,122,Platinum
C102842,52.0,4.0,8920.69,3,"Champions (high-value, engaged)",33,M,Port Karenville,Affluent,41,Green
C102843,53.0,8.0,18474.43,3,"Champions (high-value, engaged)",47,M,Port Carol,Affluent,167,Gold
C102844,77.0,5.0,5021.97,3,"Champions (high-value, engaged)",45,M,North Angela,Mid,154,Platinum
C102845,560.0,0.0,0.0,1,Low-Engagement / New,34,F,Davidberg,Mid,130,Green
C102846,318.0,2.0,1877.95,2,At-Risk / Lapsing,36,F,Lake Evan,High,23,Gold
C102847,130.0,6.0,8970.06,3,"Champions (high-value, engaged)",33,M,Melissaton,Mid,23,Centurion
C102848,521.0,1.0,1656.36,2,At-Risk / Lapsing,36,M,North Williamstad,Mid,144,Gold
C102849,356.0,1.0,1948.47,2,At-Risk / Lapsing,27,F,South Tiffany,Mid,9,Green
C102850,-16.0,5.0,11327.55,3,"Champions (high-value, engaged)",25,M,East Kevinhaven,High,13,Green
C102851,18.0,3.0,1475.33,0,Steady Redeemers,49,F,Donnamouth,Mid,156,Platinum
C102852,103.0,4.0,2514.68,3,"Champions (high-value, engaged)",35,F,New Tracy,Low,155,Centurion
C102853,110.0,4.0,15396.92,3,"Champions (high-value, engaged)",50,F,Alexandrastad,Affluent,51,Centurion
C102854,37.0,3.0,1916.91,0,Steady Redeemers,44,F,Lake Corey,Low,64,Gold
C102855,253.0,4.0,5012.34,3,"Champions (high-value, engaged)",41,F,East Benjaminberg,Mid,52,Gold
C102856,25.0,3.0,3407.27,0,Steady Redeemers,30,M,Melissaborough,Mid,38,Green
C102857,168.0,3.0,1452.08,0,Steady Redeemers,24,F,New Andrea,Low,100,Green
C102858,234.0,3.0,1530.99,0,Steady Redeemers,32,F,Joshuachester,Low,146,Green
C102859,5.0,3.0,2060.95,0,Steady Redeemers,54,M,New Jonathanfurt,Low,51,Green
C102860,46.0,6.0,10863.77,3,"Champions (high-value, engaged)",47,M,South Stephen,High,137,Platinum
C102861,90.0,4.0,4124.2699999999995,3,"Champions (high-value, engaged)",31,M,Ericaberg,Mid,141,Platinum
C102862,47.0,3.0,16867.0,3,"Champions (high-value, engaged)",33,F,North Crystal,Affluent,168,Gold
C102863,180.0,3.0,5227.94,0,Steady Redeemers,27,M,Wandaborough,Mid,55,Centurion
C102864,21.0,4.0,4811.22,3,"Champions (high-value, engaged)",21,F,Annehaven,Mid,109,Centurion
C102865,101.0,5.0,7361.49,3,"Champions (high-value, engaged)",39,M,South Lorraine,Mid,171,Gold
C102866,267.0,1.0,3078.88,2,At-Risk / Lapsing,56,F,Victoriachester,Mid,44,Gold
C102867,149.0,2.0,1840.52,0,Steady Redeemers,57,M,Johnsonbury,High,110,Green
C102868,86.0,5.0,4002.47,3,"Champions (high-value, engaged)",44,M,West Davidville,Mid,161,Gold
C102869,184.0,2.0,3313.33,0,Steady Redeemers,31,M,Jonesland,Mid,152,Green
C102870,181.0,2.0,1668.67,0,Steady Redeemers,22,M,Reginaview,High,164,Green
C102871,-10.0,2.0,5137.83,0,Steady Redeemers,49,F,Port Lauren,Affluent,128,Platinum
C102872,60.0,6.0,6565.87,3,"Champions (high-value, engaged)",42,F,Alejandrofurt,High,105,Green
C102873,46.0,2.0,2457.3599999999997,0,Steady Redeemers,34,M,South Stephanie,Mid,10,Green
C102874,159.0,2.0,6666.41,0,Steady Redeemers,32,M,East Alishaport,High,100,Gold
C102875,145.0,3.0,5044.58,0,Steady Redeemers,44,M,Davisstad,Mid,148,Gold
C102876,96.0,2.0,904.81,0,Steady Redeemers,28,F,Andreaville,Mid,109,Green
C102877,188.0,5.0,4565.33,3,"Champions (high-value, engaged)",40,M,East Louisfurt,Mid,108,Green
C102878,37.0,2.0,2651.1,0,Steady Redeemers,24,F,West Linda,Mid,140,Centurion
C102879,486.0,1.0,426.49,2,At-Risk / Lapsing,62,F,Woodsberg,Low,146,Green
C102880,11.0,4.0,5667.7300000000005,3,"Champions (high-value, engaged)",30,F,Alberthaven,Mid,94,Platinum
C102881,44.0,4.0,13029.470000000001,3,"Champions (high-value, engaged)",45,M,Lake David,High,63,Gold
C102882,254.0,5.0,5584.66,3,"Champions (high-value, engaged)",24,M,Bradleyview,Mid,84,Gold
C102883,46.0,5.0,5665.04,3,"Champions (high-value, engaged)",36,F,Lake Daniellestad,Low,25,Green
C102884,345.0,4.0,1970.29,2,At-Risk / Lapsing,47,M,Lake Charlotte,Low,12,Platinum
C102885,34.0,8.0,49365.76,3,"Champions (high-value, engaged)",50,M,Whitestad,Affluent,149,Platinum
C102886,23.0,8.0,6777.71,3,"Champions (high-value, engaged)",46,F,Shawview,Mid,25,Green
C102887,86.0,4.0,3479.14,3,"Champions (high-value, engaged)",36,M,Meyerbury,Mid,11,Green
C102888,68.0,3.0,3723.8599999999997,0,Steady Redeemers,30,M,Cynthialand,High,64,Green
C102889,94.0,3.0,7832.81,0,Steady Redeemers,26,F,Richardmouth,High,126,Platinum
C102890,135.0,1.0,1055.85,0,Steady Redeemers,54,F,Lake Christopherbury,Mid,50,Gold
C102891,-11.0,1.0,834.8,0,Steady Redeemers,39,M,East Barbaraland,High,89,Green
C102892,374.0,1.0,1347.28,2,At-Risk / Lapsing,41,F,Angelafort,High,99,Green
C102893,307.0,5.0,8294.92,3,"Champions (high-value, engaged)",50,F,South Ericaberg,High,116,Gold
C102894,69.0,5.0,2984.3,3,"Champions (high-value, engaged)",44,F,Jimenezside,Low,96,Platinum
C102895,474.0,1.0,923.89,2,At-Risk / Lapsing,36,M,South Alexanderborough,High,177,Gold
C102896,5.0,7.0,6896.64,3,"Champions (high-value, engaged)",46,F,Lake Ronaldside,Mid,14,Green
C102897,43.0,8.0,10028.59,3,"Champions (high-value, engaged)",31,M,Johnhaven,Mid,1,Green
C102898,491.0,1.0,1034.23,2,At-Risk / Lapsing,21,M,New Shaneburgh,Mid,25,Gold
C102899,48.0,3.0,3051.0200000000004,0,Steady Redeemers,53,M,East Charles,Low,72,Green
C102900,388.0,4.0,2011.62,2,At-Risk / Lapsing,32,M,New Michael,Low,69,Platinum
C102901,0.0,6.0,11897.300000000001,3,"Champions (high-value, engaged)",34,F,South Tylerburgh,High,133,Gold
C102902,53.0,6.0,5084.95,3,"Champions (high-value, engaged)",35,F,Taramouth,Low,105,Green
C102903,125.0,2.0,2229.3900000000003,0,Steady Redeemers,31,M,Port Amber,Mid,147,Gold
C102904,43.0,2.0,1429.98,0,Steady Redeemers,50,M,West Kevinport,Mid,23,Gold
C102905,254.0,2.0,1616.98,2,At-Risk / Lapsing,42,M,Jasonshire,Low,9,Gold
C102906,560.0,0.0,0.0,1,Low-Engagement / New,34,M,Robinsonport,Affluent,118,Platinum
C102907,62.0,2.0,2512.9,0,Steady Redeemers,23,M,South Patriciafort,Mid,94,Gold
C102908,62.0,2.0,2354.9,0,Steady Redeemers,41,M,West Adammouth,Mid,178,Platinum
C102909,-7.0,4.0,5512.45,3,"Champions (high-value, engaged)",21,M,Kennethville,Mid,144,Gold
C102910,177.0,4.0,4354.7,3,"Champions (high-value, engaged)",40,M,West Pamelaburgh,Mid,33,Green
C102911,66.0,5.0,2956.32,3,"Champions (high-value, engaged)",52,F,Gomezville,Low,130,Green
C102912,119.0,3.0,4060.39,0,Steady Redeemers,38,M,Vasquezland,High,14,Platinum
C102913,527.0,1.0,1122.08,2,At-Risk / Lapsing,51,M,South David,Affluent,1,Platinum
C102914,560.0,0.0,0.0,1,Low-Engagement / New,24,M,Smithview,Mid,90,Gold
C102915,159.0,5.0,13696.68,3,"Champions (high-value, engaged)",60,M,South Randall,High,89,Gold
C102916,104.0,3.0,7746.28,0,Steady Redeemers,50,F,Michaelburgh,High,144,Green
C102917,124.0,3.0,5533.67,0,Steady Redeemers,43,F,Danielmouth,High,90,Gold
C102918,72.0,4.0,2110.21,3,"Champions (high-value, engaged)",31,F,Martinstad,Mid,175,Centurion
C102919,12.0,7.0,14933.35,3,"Champions (high-value, engaged)",29,F,Smithborough,Mid,172,Platinum
C102920,184.0,1.0,1006.51,0,Steady Redeemers,37,M,East Justinberg,Mid,14,Green
C102921,130.0,5.0,26285.3,3,"Champions (high-value, engaged)",51,M,Fishermouth,High,152,Green
C102922,12.0,1.0,3450.39,0,Steady Redeemers,23,F,East Elizabethfort,High,111,Gold
C102923,103.0,2.0,2890.59,0,Steady Redeemers,38,F,Davidfort,Low,143,Gold
C102924,248.0,5.0,2074.25,3,"Champions (high-value, engaged)",46,F,Marshberg,Mid,83,Green
C102925,90.0,4.0,8065.120000000001,3,"Champions (high-value, engaged)",48,M,Karenfurt,Affluent,72,Gold
C102926,123.0,2.0,4634.65,0,Steady Redeemers,46,M,Andersonville,High,162,Green
C102927,276.0,1.0,1356.15,2,At-Risk / Lapsing,22,M,East Erichaven,Affluent,130,Platinum
C102928,288.0,4.0,6600.849999999999,3,"Champions (high-value, engaged)",50,M,Port Gabrielleton,High,27,Gold
C102929,188.0,2.0,976.01,0,Steady Redeemers,38,F,Russelltown,Mid,74,Platinum
C102930,90.0,4.0,4325.88,3,"Champions (high-value, engaged)",26,M,Castilloport,Mid,99,Platinum
C102931,65.0,1.0,1033.55,0,Steady Redeemers,37,M,Millerchester,High,72,Gold
C102932,57.0,6.0,3805.7200000000003,3,"Champions (high-value, engaged)",21,F,New Elijah,Low,23,Platinum
C102933,110.0,5.0,3467.42,3,"Champions (high-value, engaged)",44,M,East Juan,Mid,68,Gold
C102934,-19.0,1.0,976.35,0,Steady Redeemers,36,M,Port Josephbury,High,142,Centurion
C102935,120.0,4.0,1532.8400000000001,3,"Champions (high-value, engaged)",24,M,Gonzalezville,Low,117,Green
C102936,85.0,3.0,3941.11,0,Steady Redeemers,34,M,East Victoria,High,106,Platinum
C102937,308.0,2.0,2472.8599999999997,2,At-Risk / Lapsing,30,M,East David,Mid,93,Green
C102938,285.0,1.0,5017.02,2,At-Risk / Lapsing,30,M,Johnsonborough,Affluent,65,Green
C102939,-9.0,4.0,3081.69,3,"Champions (high-value, engaged)",21,F,South Andres,Low,68,Gold
C102940,39.0,3.0,2418.63,0,Steady Redeemers,21,F,North Michelle,Mid,128,Gold
C102941,560.0,0.0,0.0,1,Low-Engagement / New,35,M,Russellport,Mid,63,Green
C102942,81.0,7.0,9555.98,3,"Champions (high-value, engaged)",33,F,East Matthew,Mid,113,Gold
C102943,113.0,6.0,9856.18,3,"Champions (high-value, engaged)",48,M,Brownchester,High,90,Platinum
C102944,18.0,5.0,11821.14,3,"Champions (high-value, engaged)",31,F,West Danielstad,High,81,Green
C102945,67.0,4.0,5402.15,3,"Champions (high-value, engaged)",32,M,Sherrychester,Low,103,Gold
C102946,528.0,1.0,655.17,2,At-Risk / Lapsing,32,M,West Patty,Mid,160,Green
C102947,51.0,1.0,895.82,0,Steady Redeemers,35,M,North Aaron,Mid,116,Gold
C102948,54.0,6.0,4063.11,3,"Champions (high-value, engaged)",39,M,Jasonfort,Mid,13,Gold
C102949,57.0,5.0,16308.35,3,"Champions (high-value, engaged)",33,F,Rebekahville,Affluent,124,Green
C102950,-4.0,4.0,17464.440000000002,3,"Champions (high-value, engaged)",44,M,Lopezfort,High,147,Centurion
C102951,-23.0,7.0,8968.62,3,"Champions (high-value, engaged)",63,M,Matthewville,High,152,Gold
C102952,25.0,3.0,4699.25,0,Steady Redeemers,28,F,Lake Alexanderside,High,88,Platinum
C102953,530.0,1.0,589.77,2,At-Risk / Lapsing,42,M,West Michael,Mid,11,Gold
C102954,560.0,0.0,0.0,1,Low-Engagement / New,38,F,Juliashire,Affluent,15,Platinum
C102955,560.0,0.0,0.0,1,Low-Engagement / New,49,F,Johnview,High,10,Green
C102956,560.0,0.0,0.0,1,Low-Engagement / New,40,M,New Patrick,High,41,Green
C102957,340.0,1.0,1029.63,2,At-Risk / Lapsing,30,M,East Crystalville,High,155,Gold
C102958,446.0,2.0,1379.6,2,At-Risk / Lapsing,25,M,New Tanyaborough,Mid,73,Platinum
C102959,283.0,3.0,3958.2200000000003,2,At-Risk / Lapsing,44,M,Lake Sean,High,52,Green
C102960,248.0,4.0,4787.86,3,"Champions (high-value, engaged)",26,M,North Shellymouth,Low,128,Centurion
C102961,560.0,0.0,0.0,1,Low-Engagement / New,51,M,Jessicaborough,Mid,28,Green
C102962,348.0,1.0,631.98,2,At-Risk / Lapsing,44,F,North David,Mid,65,Green
C102963,14.0,4.0,15720.71,3,"Champions (high-value, engaged)",38,M,Pierceview,Affluent,17,Green
C102964,493.0,1.0,483.36,2,At-Risk / Lapsing,23,M,Patriciamouth,High,95,Gold
C102965,54.0,4.0,6593.86,3,"Champions (high-value, engaged)",45,M,South Carloschester,High,172,Platinum
C102966,75.0,3.0,4953.71,0,Steady Redeemers,55,F,East Carolberg,High,138,Green
C102967,560.0,0.0,0.0,1,Low-Engagement / New,33,M,Brandonshire,Mid,63,Gold
C102968,79.0,3.0,6968.77,0,Steady Redeemers,29,M,Port Teresaborough,Affluent,175,Green
C102969,109.0,4.0,5629.52,3,"Champions (high-value, engaged)",36,M,Simpsonside,Mid,38,Gold
C102970,35.0,2.0,1403.12,0,Steady Redeemers,43,M,East Samuelhaven,Mid,70,Green
C102971,154.0,1.0,498.33,0,Steady Redeemers,32,M,Hartfurt,Low,104,Gold
C102972,0.0,4.0,3019.7,3,"Champions (high-value, engaged)",47,F,Lawsonborough,High,53,Gold
C102973,524.0,2.0,2110.17,2,At-Risk / Lapsing,59,F,North Ernest,High,172,Gold
C102974,105.0,7.0,4506.03,3,"Champions (high-value, engaged)",41,F,New Heather,Mid,119,Green
C102975,136.0,2.0,2115.13,0,Steady Redeemers,34,F,Gordonhaven,Low,74,Green
C102976,115.0,4.0,10500.63,3,"Champions (high-value, engaged)",42,F,Kevinbury,High,54,Gold
C102977,73.0,3.0,1125.74,0,Steady Redeemers,50,F,Jeanetteside,Low,20,Platinum
C102978,79.0,2.0,3852.5699999999997,0,Steady Redeemers,39,M,East Jeffreyside,High,79,Platinum
C102979,316.0,4.0,21634.28,3,"Champions (high-value, engaged)",43,M,West Benjamin,Affluent,31,Platinum
C102980,182.0,3.0,5507.43,0,Steady Redeemers,45,M,West Sara,Mid,135,Centurion
C102981,125.0,3.0,4808.54,0,Steady Redeemers,28,M,Morganton,Mid,58,Gold
C102982,183.0,3.0,2646.52,0,Steady Redeemers,43,M,Port Jason,High,105,Green
C102983,67.0,3.0,3348.34,0,Steady Redeemers,23,F,North Deborahstad,High,10,Green
C102984,27.0,4.0,3086.55,3,"Champions (high-value, engaged)",30,M,Christopherside,Mid,10,Gold
C102985,327.0,1.0,1000.31,2,At-Risk / Lapsing,50,F,Jenniferchester,Affluent,39,Gold
C102986,221.0,5.0,2726.4700000000003,3,"Champions (high-value, engaged)",47,F,Markton,Low,156,Platinum
C102987,-5.0,3.0,1897.1,0,Steady Redeemers,35,M,Port Michaelview,Mid,158,Green
C102988,66.0,5.0,11546.14,3,"Champions (high-value, engaged)",56,M,West Teresa,High,37,Gold
C102989,496.0,1.0,618.74,2,At-Risk / Lapsing,23,M,Lake Juliefurt,High,119,Gold
C102990,118.0,2.0,2057.1,0,Steady Redeemers,35,M,Mollyside,Low,67,Gold
C102991,290.0,1.0,6850.88,2,At-Risk / Lapsing,41,M,Port Scott,High,43,Green
C102992,200.0,2.0,2758.95,0,Steady Redeemers,21,F,Josephshire,Mid,52,Platinum
C102993,491.0,3.0,4415.46,2,At-Risk / Lapsing,36,M,Moorebury,Mid,101,Green
C102994,21.0,2.0,877.23,0,Steady Redeemers,25,F,Richardsonfort,Low,56,Platinum
C102995,92.0,4.0,5037.34,3,"Champions (high-value, engaged)",25,F,South Hunterburgh,High,76,Centurion
C102996,560.0,0.0,0.0,1,Low-Engagement / New,35,M,East Ashley,Low,68,Green
C102997,458.0,1.0,1570.35,2,At-Risk / Lapsing,21,F,Lake Julian,Mid,137,Green
C102998,560.0,0.0,0.0,1,Low-Engagement / New,29,M,Frankburgh,Mid,106,Gold
C102999,435.0,2.0,3421.7799999999997,2,At-Risk / Lapsing,21,F,Mcdanielborough,High,125,Gold
C103000,31.0,1.0,3607.74,0,Steady Redeemers,39,M,East Charlesbury,High,92,Green
C103001,143.0,6.0,14497.86,3,"Champions (high-value, engaged)",39,F,Stoutfurt,High,23,Platinum
C103002,202.0,4.0,5216.29,3,"Champions (high-value, engaged)",34,M,Lake Alisontown,Mid,109,Gold
C103003,85.0,4.0,5084.8099999999995,3,"Champions (high-value, engaged)",48,F,South Patrickville,Mid,61,Green
C103004,116.0,3.0,8524.33,0,Steady Redeemers,34,M,Port Mariaton,Mid,168,Gold
C103005,116.0,3.0,3933.33,0,Steady Redeemers,37,M,East Kayla,High,44,Green
C103006,147.0,2.0,6484.27,0,Steady Redeemers,28,M,Douglastown,Affluent,152,Green
C103007,272.0,4.0,1984.96,2,At-Risk / Lapsing,21,F,Port Danielmouth,Low,179,Gold
C103008,60.0,3.0,5483.65,0,Steady Redeemers,36,F,East Donaldshire,High,161,Green
C103009,108.0,2.0,2611.48,0,Steady Redeemers,34,F,Ochoaport,Low,16,Gold
C103010,20.0,3.0,4851.4400000000005,0,Steady Redeemers,56,F,Timothybury,Mid,22,Centurion
C103011,-19.0,5.0,4434.03,3,"Champions (high-value, engaged)",45,F,New Heatherside,Mid,57,Platinum
C103012,29.0,2.0,1542.4699999999998,0,Steady Redeemers,33,M,North Malloryville,Mid,62,Green
C103013,224.0,3.0,1775.71,0,Steady Redeemers,39,M,Curtischester,Mid,107,Green
C103014,560.0,0.0,0.0,1,Low-Engagement / New,47,F,North Rhonda,Mid,71,Gold
C103015,66.0,4.0,5474.78,3,"Champions (high-value, engaged)",43,F,East Ronaldberg,Mid,90,Gold
C103016,34.0,10.0,23208.800000000003,3,"Champions (high-value, engaged)",56,M,Dianabury,High,72,Platinum
C103017,79.0,3.0,2504.76,0,Steady Redeemers,29,F,Mcdanielville,Mid,70,Gold
C103018,184.0,1.0,507.78,0,Steady Redeemers,48,F,Jacksonville,Low,30,Green
C103019,51.0,3.0,3711.19,0,Steady Redeemers,33,F,North Stephanie,High,103,Gold
C103020,108.0,4.0,2568.75,3,"Champions (high-value, engaged)",40,F,Michaelmouth,Mid,151,Platinum
C103021,56.0,4.0,4421.46,3,"Champions (high-value, engaged)",31,M,West Sandraland,Mid,32,Platinum
C103022,103.0,3.0,3941.26,0,Steady Redeemers,36,F,New Edwardchester,High,86,Green
C103023,161.0,5.0,5504.78,3,"Champions (high-value, engaged)",40,M,Carolchester,Mid,57,Gold
C103024,343.0,1.0,452.05,2,At-Risk / Lapsing,44,M,Lake Gloria,Low,109,Green
C103025,560.0,0.0,0.0,1,Low-Engagement / New,38,M,Michaelville,Mid,9,Gold
C103026,226.0,2.0,3790.8900000000003,0,Steady Redeemers,21,F,Sabrinastad,Affluent,31,Green
C103027,216.0,5.0,7655.32,3,"Champions (high-value, engaged)",37,F,Lisaland,Mid,71,Platinum
C103028,420.0,2.0,2913.04,2,At-Risk / Lapsing,54,F,Port Sarahberg,High,137,Gold
C103029,560.0,0.0,0.0,1,Low-Engagement / New,37,F,West Dylan,Mid,13,Platinum
C103030,72.0,4.0,3328.3,3,"Champions (high-value, engaged)",54,F,Griffithfort,Low,131,Centurion
C103031,257.0,1.0,526.91,2,At-Risk / Lapsing,36,M,North Beckyview,Mid,35,Green
C103032,-19.0,6.0,11631.22,3,"Champions (high-value, engaged)",21,F,North Marcus,High,21,Gold
C103033,191.0,1.0,552.98,2,At-Risk / Lapsing,33,M,East Katrina,Low,64,Platinum
C103034,263.0,6.0,7011.88,3,"Champions (high-value, engaged)",31,F,Luischester,Mid,95,Gold
C103035,-2.0,9.0,9721.65,3,"Champions (high-value, engaged)",35,M,Steelechester,Mid,180,Gold
C103036,-15.0,4.0,5382.71,3,"Champions (high-value, engaged)",24,M,Devonbury,Mid,34,Gold
C103037,29.0,6.0,22434.82,3,"Champions (high-value, engaged)",37,M,Barnesfort,Affluent,121,Gold
C103038,71.0,2.0,3649.8,0,Steady Redeemers,34,F,Patelbury,Low,163,Green
C103039,-11.0,4.0,3456.45,3,"Champions (high-value, engaged)",52,M,Millerchester,Mid,15,Gold
C103040,-20.0,5.0,5184.49,3,"Champions (high-value, engaged)",24,M,Lake Christopher,Low,120,Green
C103041,46.0,4.0,5209.91,3,"Champions (high-value, engaged)",40,F,Aarontown,Affluent,96,Green
C103042,560.0,0.0,0.0,1,Low-Engagement / New,42,M,Angelaberg,Low,6,Green
C103043,560.0,0.0,0.0,1,Low-Engagement / New,46,F,North Rhondastad,Mid,109,Green
C103044,193.0,2.0,3949.11,0,Steady Redeemers,34,F,West Steven,High,97,Gold
C103045,131.0,4.0,4248.92,3,"Champions (high-value, engaged)",40,F,Sanchezbury,High,32,Green
C103046,309.0,1.0,475.24,2,At-Risk / Lapsing,41,M,Lake Devinberg,Mid,180,Green
C103047,164.0,2.0,1900.52,0,Steady Redeemers,21,M,Quinnchester,Mid,83,Platinum
C103048,71.0,4.0,4832.47,3,"Champions (high-value, engaged)",34,M,Brianville,Mid,156,Platinum
C103049,383.0,2.0,851.35,2,At-Risk / Lapsing,37,M,South Maryburgh,Mid,118,Platinum
C103050,196.0,3.0,1834.47,0,Steady Redeemers,38,M,East Michaelland,Mid,79,Platinum
C103051,365.0,1.0,611.62,2,At-Risk / Lapsing,38,F,North Alexander,Mid,78,Green
C103052,34.0,4.0,3643.26,3,"Champions (high-value, engaged)",42,F,Hernandezburgh,Mid,147,Green
C103053,44.0,7.0,7945.4400000000005,3,"Champions (high-value, engaged)",59,M,Manninghaven,Mid,107,Green
C103054,58.0,2.0,3747.2599999999998,0,Steady Redeemers,31,M,Theodoremouth,High,126,Platinum
C103055,220.0,5.0,15840.689999999999,3,"Champions (high-value, engaged)",42,F,Harringtontown,Affluent,15,Platinum
C103056,114.0,2.0,1814.97,0,Steady Redeemers,52,M,Danielton,Mid,134,Green
C103057,-9.0,3.0,1417.7599999999998,0,Steady Redeemers,21,F,New Karenhaven,Low,73,Green
C103058,492.0,1.0,400.11,2,At-Risk / Lapsing,40,M,North Randy,Low,101,Gold
C103059,83.0,2.0,10155.109999999999,0,Steady Redeemers,21,F,Fraziermouth,Affluent,98,Green
C103060,102.0,2.0,1348.6200000000001,0,Steady Redeemers,62,F,Samanthahaven,Mid,166,Gold
C103061,299.0,2.0,3200.64,2,At-Risk / Lapsing,43,F,Jennachester,Low,26,Platinum
C103062,67.0,4.0,2769.7400000000002,3,"Champions (high-value, engaged)",42,M,West Teresa,Mid,92,Gold
C103063,560.0,0.0,0.0,1,Low-Engagement / New,21,M,Spenceberg,Mid,125,Platinum
C103064,117.0,1.0,2613.82,0,Steady Redeemers,32,M,South Christine,Mid,179,Green
C103065,343.0,6.0,4224.43,3,"Champions (high-value, engaged)",32,F,South Isaiah,Mid,73,Gold
C103066,381.0,4.0,4401.9,2,At-Risk / Lapsing,57,F,Port Heatherfort,Low,123,Platinum
C103067,73.0,3.0,11256.81,3,"Champions (high-value, engaged)",46,F,Denisefurt,Affluent,53,Gold
C103068,51.0,7.0,9479.79,3,"Champions (high-value, engaged)",21,M,Martinstad,Mid,78,Gold
C103069,110.0,2.0,3522.2999999999997,0,Steady Redeemers,43,M,Leeville,High,92,Gold
C103070,141.0,3.0,3941.8999999999996,0,Steady Redeemers,21,M,North Michaelmouth,High,88,Platinum
C103071,189.0,3.0,4817.299999999999,0,Steady Redeemers,21,F,East Julianside,Mid,13,Green
C103072,150.0,6.0,6140.5,3,"Champions (high-value, engaged)",42,M,North Jasontown,Mid,43,Green
C103073,11.0,5.0,4445.09,3,"Champions (high-value, engaged)",46,M,Jacobborough,Mid,76,Green
C103074,260.0,1.0,579.21,2,At-Risk / Lapsing,43,F,East Josephshire,Mid,51,Platinum
C103075,503.0,1.0,1425.41,2,At-Risk / Lapsing,58,F,New Valeriefort,High,19,Centurion
C103076,196.0,5.0,6918.6900000000005,3,"Champions (high-value, engaged)",42,F,North Leonardport,Affluent,149,Green
C103077,16.0,3.0,4408.62,0,Steady Redeemers,39,F,West Karenfurt,Low,122,Green
C103078,13.0,6.0,3501.26,3,"Champions (high-value, engaged)",24,F,West Karen,Low,24,Platinum
C103079,187.0,3.0,5030.799999999999,0,Steady Redeemers,47,M,Terriville,Affluent,26,Green
C103080,323.0,1.0,575.58,2,At-Risk / Lapsing,21,M,Richardhaven,High,173,Green
C103081,560.0,0.0,0.0,1,Low-Engagement / New,60,F,New Lindseyberg,High,156,Green
C103082,115.0,2.0,2017.29,0,Steady Redeemers,47,M,New Laurafort,Mid,120,Green
C103083,192.0,2.0,1600.08,0,Steady Redeemers,68,M,West Evanmouth,Mid,82,Gold
C103084,4.0,2.0,1590.5700000000002,0,Steady Redeemers,42,M,Lake Christopherbury,High,100,Gold
C103085,68.0,1.0,836.0,0,Steady Redeemers,48,M,Port Erin,High,157,Gold
C103086,33.0,2.0,1193.67,0,Steady Redeemers,34,M,Port Jennifer,Mid,17,Platinum
C103087,22.0,6.0,4675.74,3,"Champions (high-value, engaged)",37,M,Sethberg,Low,68,Green
C103088,40.0,6.0,4727.99,3,"Champions (high-value, engaged)",26,M,Kellychester,Mid,44,Green
C103089,122.0,3.0,1562.85,0,Steady Redeemers,22,M,Lake Kimfurt,Mid,61,Platinum
C103090,560.0,0.0,0.0,1,Low-Engagement / New,40,F,East Wendy,Mid,123,Platinum
C103091,34.0,6.0,17447.44,3,"Champions (high-value, engaged)",37,F,East Ashleyfort,Affluent,93,Green
C103092,413.0,1.0,4307.74,2,At-Risk / Lapsing,26,F,Port Alexisport,Mid,74,Green
C103093,40.0,2.0,2477.57,0,Steady Redeemers,28,F,South Clintonmouth,High,153,Green
C103094,560.0,0.0,0.0,1,Low-Engagement / New,38,M,West Evan,Low,67,Gold
C103095,49.0,3.0,2782.1,0,Steady Redeemers,25,F,Barbarastad,High,111,Green
C103096,-18.0,8.0,13475.78,3,"Champions (high-value, engaged)",41,M,North Haroldmouth,Affluent,2,Gold
C103097,201.0,2.0,2756.8900000000003,0,Steady Redeemers,26,F,Valerieview,Low,89,Green
C103098,560.0,0.0,0.0,1,Low-Engagement / New,40,M,Santosberg,Low,177,Platinum
C103099,189.0,1.0,1088.26,0,Steady Redeemers,25,F,New Tracystad,Mid,26,Green
C103100,211.0,1.0,421.63,2,At-Risk / Lapsing,25,M,Richardberg,Low,99,Gold
C103101,241.0,1.0,3352.4,2,At-Risk / Lapsing,21,M,Richardsonmouth,High,27,Green
C103102,131.0,5.0,6921.68,3,"Champions (high-value, engaged)",36,F,Christopherchester,Affluent,89,Green
C103103,115.0,4.0,3439.8900000000003,3,"Champions (high-value, engaged)",53,F,Bakerton,Mid,146,Gold
C103104,560.0,0.0,0.0,1,Low-Engagement / New,53,M,Lake Krystalside,Mid,1,Platinum
C103105,140.0,5.0,3467.39,3,"Champions (high-value, engaged)",41,F,East Melissaport,Mid,103,Gold
C103106,201.0,1.0,618.83,2,At-Risk / Lapsing,21,M,Moorefurt,High,131,Gold
C103107,28.0,2.0,814.28,0,Steady Redeemers,47,F,East Paulmouth,Low,41,Green
C103108,154.0,3.0,1211.5,0,Steady Redeemers,40,M,West Stevenside,Mid,165,Gold
C103109,185.0,3.0,2424.0299999999997,0,Steady Redeemers,33,F,Rodriguezburgh,Mid,51,Green
C103110,218.0,6.0,4313.53,3,"Champions (high-value, engaged)",51,M,South Kaylaborough,Mid,15,Green
C103111,160.0,1.0,411.42,0,Steady Redeemers,44,F,Murphymouth,Mid,8,Platinum
C103112,560.0,0.0,0.0,1,Low-Engagement / New,59,M,Wendyfort,High,38,Platinum
C103113,179.0,3.0,3739.8900000000003,0,Steady Redeemers,22,M,Lake Judith,Low,114,Gold
C103114,84.0,4.0,4304.44,3,"Champions (high-value, engaged)",23,M,West Shawnside,Low,83,Platinum
C103115,133.0,1.0,1149.29,0,Steady Redeemers,25,M,South Dustin,High,56,Centurion
C103116,44.0,4.0,7147.41,3,"Champions (high-value, engaged)",34,M,West Ashley,High,175,Green
C103117,193.0,1.0,975.25,0,Steady Redeemers,55,F,Brownstad,Low,103,Centurion
C103118,56.0,7.0,4082.24,3,"Champions (high-value, engaged)",31,M,Irwinborough,Mid,138,Gold
C103119,116.0,1.0,1051.68,0,Steady Redeemers,31,F,East Mirandachester,Mid,102,Platinum
C103120,161.0,3.0,4679.7300000000005,0,Steady Redeemers,42,M,Johnnyburgh,Mid,78,Gold
C103121,176.0,1.0,530.28,0,Steady Redeemers,47,M,East Chadfurt,Mid,177,Gold
C103122,38.0,1.0,1118.84,0,Steady Redeemers,21,F,West Morganmouth,Low,169,Gold
C103123,68.0,1.0,1033.08,0,Steady Redeemers,49,F,Warrenview,Mid,83,Green
C103124,208.0,2.0,1546.4299999999998,0,Steady Redeemers,30,M,Port Brian,High,30,Platinum
C103125,2.0,3.0,3782.1600000000003,0,Steady Redeemers,36,M,Petersonport,Mid,5,Green
C103126,315.0,3.0,2971.71,2,At-Risk / Lapsing,53,M,East Michael,High,119,Green
C103127,158.0,5.0,1794.96,3,"Champions (high-value, engaged)",35,F,Olsonside,Low,31,Green
C103128,57.0,8.0,30590.64,3,"Champions (high-value, engaged)",21,F,Lake Samuel,Affluent,180,Green
C103129,225.0,2.0,11292.87,0,Steady Redeemers,21,F,Morrowside,High,23,Green
C103130,147.0,4.0,7875.18,3,"Champions (high-value, engaged)",37,M,North Jennifer,High,48,Green
C103131,214.0,1.0,1550.38,2,At-Risk / Lapsing,34,F,West Elizabeth,High,109,Gold
C103132,15.0,4.0,14414.46,3,"Champions (high-value, engaged)",38,F,Alexismouth,Affluent,40,Gold
C103133,379.0,2.0,2643.44,2,At-Risk / Lapsing,33,F,South Michelle,Mid,6,Green
C103134,90.0,1.0,532.6,0,Steady Redeemers,51,M,Port Tarachester,Mid,38,Green
C103135,452.0,1.0,3725.66,2,At-Risk / Lapsing,38,F,Abigailtown,Mid,169,Centurion
C103136,197.0,2.0,2233.39,0,Steady Redeemers,21,F,Hardingberg,High,100,Green
C103137,560.0,0.0,0.0,1,Low-Engagement / New,46,F,Fowlershire,High,27,Green
C103138,198.0,2.0,1245.3200000000002,0,Steady Redeemers,58,M,North Jefferyborough,Mid,69,Green
C103139,560.0,0.0,0.0,1,Low-Engagement / New,39,F,Hortonburgh,Low,57,Green
C103140,83.0,4.0,5697.37,3,"Champions (high-value, engaged)",40,F,Robinsonborough,Mid,17,Gold
C103141,7.0,8.0,21040.21,3,"Champions (high-value, engaged)",29,F,Lake Barbara,Affluent,71,Green
C103142,408.0,3.0,3150.08,2,At-Risk / Lapsing,35,F,West Lisatown,Mid,47,Gold
C103143,117.0,3.0,2130.55,0,Steady Redeemers,43,F,Peggyhaven,Mid,79,Green
C103144,498.0,2.0,1267.9299999999998,2,At-Risk / Lapsing,50,F,Lake Victormouth,Mid,110,Gold
C103145,194.0,3.0,1878.46,0,Steady Redeemers,42,M,Jenkinsstad,Mid,13,Platinum
C103146,15.0,4.0,8062.87,3,"Champions (high-value, engaged)",57,M,Millsmouth,High,139,Green
C103147,560.0,0.0,0.0,1,Low-Engagement / New,39,F,East Stephenstad,High,124,Green
C103148,13.0,7.0,9235.51,3,"Champions (high-value, engaged)",25,M,New Brooke,High,109,Green
C103149,7.0,6.0,3798.39,3,"Champions (high-value, engaged)",25,F,Jameschester,Mid,90,Gold
C103150,235.0,2.0,794.97,2,At-Risk / Lapsing,51,F,Jacquelineville,Mid,86,Green
C103151,61.0,7.0,6629.76,3,"Champions (high-value, engaged)",49,F,Port Maryland,Mid,92,Gold
C103152,54.0,3.0,2193.2,0,Steady Redeemers,21,F,New Sarahville,High,24,Green
C103153,153.0,1.0,1727.99,0,Steady Redeemers,35,M,Bradyside,Mid,73,Green
C103154,560.0,0.0,0.0,1,Low-Engagement / New,36,M,Lake Seanshire,Mid,4,Green
C103155,486.0,1.0,620.86,2,At-Risk / Lapsing,29,M,Lake Kellychester,Mid,113,Green
C103156,33.0,4.0,9286.12,3,"Champions (high-value, engaged)",22,F,East Kimberly,Affluent,46,Green
C103157,560.0,0.0,0.0,1,Low-Engagement / New,29,F,Wilsonfort,Low,18,Green
C103158,-3.0,5.0,8352.77,3,"Champions (high-value, engaged)",27,M,West Tammymouth,High,43,Gold
C103159,-1.0,4.0,2617.37,3,"Champions (high-value, engaged)",22,M,Odonnellfurt,Mid,161,Green
C103160,560.0,0.0,0.0,1,Low-Engagement / New,47,M,West Kimberlyhaven,Mid,93,Gold
C103161,-12.0,6.0,5241.82,3,"Champions (high-value, engaged)",41,F,Josephview,Low,103,Gold
C103162,15.0,4.0,6926.650000000001,3,"Champions (high-value, engaged)",32,F,Marychester,Mid,124,Gold
C103163,35.0,2.0,1146.2,0,Steady Redeemers,21,F,North Rachel,Mid,10,Platinum
C103164,367.0,3.0,2989.04,2,At-Risk / Lapsing,34,F,Johnsontown,Low,73,Green
C103165,335.0,3.0,11228.970000000001,2,At-Risk / Lapsing,43,F,Port Nicholas,Mid,31,Green
C103166,26.0,7.0,24837.77,3,"Champions (high-value, engaged)",29,M,Matthewshire,Affluent,156,Gold
C103167,47.0,4.0,1816.55,3,"Champions (high-value, engaged)",25,M,Allenfurt,Low,60,Gold
C103168,103.0,5.0,10858.3,3,"Champions (high-value, engaged)",36,F,New Deanna,High,131,Gold
C103169,303.0,4.0,5020.43,2,At-Risk / Lapsing,41,F,Port Sarahchester,Mid,118,Green
C103170,88.0,3.0,7391.39,0,Steady Redeemers,21,M,Lake Peter,High,14,Gold
C103171,222.0,2.0,1822.84,0,Steady Redeemers,52,M,South Rebecca,Mid,143,Platinum
C103172,121.0,3.0,4894.8,0,Steady Redeemers,24,F,South Jerry,Low,2,Green
C103173,74.0,8.0,6469.620000000001,3,"Champions (high-value, engaged)",33,M,New David,Low,24,Centurion
C103174,111.0,4.0,5458.33,3,"Champions (high-value, engaged)",50,F,Cameronview,Low,64,Green
C103175,57.0,3.0,1758.78,0,Steady Redeemers,39,F,West James,Low,100,Green
C103176,82.0,4.0,4129.65,3,"Champions (high-value, engaged)",50,M,North Samuelshire,High,114,Green
C103177,33.0,1.0,958.96,0,Steady Redeemers,55,F,North Christine,High,24,Gold
C103178,9.0,5.0,6848.280000000001,3,"Champions (high-value, engaged)",21,M,New Patrickberg,High,155,Gold
C103179,315.0,1.0,531.31,2,At-Risk / Lapsing,47,M,Waltersstad,High,165,Gold
C103180,100.0,2.0,536.7,0,Steady Redeemers,52,M,East Denise,Low,91,Gold
C103181,330.0,1.0,767.82,2,At-Risk / Lapsing,33,F,West James,Mid,167,Green
C103182,490.0,1.0,693.78,2,At-Risk / Lapsing,34,F,Lake Kimberly,Mid,26,Green
C103183,202.0,3.0,2023.72,0,Steady Redeemers,21,M,Townsendton,Mid,65,Green
C103184,503.0,1.0,503.85,2,At-Risk / Lapsing,46,F,Christopherberg,Mid,120,Centurion
C103185,145.0,3.0,1870.9,0,Steady Redeemers,21,M,Lake Traciville,Mid,4,Green
C103186,212.0,3.0,3174.73,0,Steady Redeemers,48,F,South Saraville,Mid,157,Platinum
C103187,319.0,5.0,4495.43,3,"Champions (high-value, engaged)",22,M,East Justinburgh,Mid,1,Green
C103188,248.0,2.0,3711.38,2,At-Risk / Lapsing,53,F,North Troystad,High,50,Green
C103189,560.0,0.0,0.0,1,Low-Engagement / New,42,M,South Craig,High,110,Green
C103190,42.0,4.0,3805.72,3,"Champions (high-value, engaged)",49,M,South Charlesland,Mid,139,Green
C103191,560.0,0.0,0.0,1,Low-Engagement / New,29,M,Lake Robert,Affluent,74,Centurion
C103192,336.0,4.0,8655.32,2,At-Risk / Lapsing,23,M,Cynthiamouth,Affluent,62,Gold
C103193,159.0,4.0,4768.35,3,"Champions (high-value, engaged)",21,F,East Kent,Mid,81,Platinum
C103194,-19.0,4.0,5299.59,3,"Champions (high-value, engaged)",50,M,Lake Ashley,Mid,164,Platinum
C103195,6.0,4.0,9406.56,3,"Champions (high-value, engaged)",45,M,North Theresastad,Mid,56,Gold
C103196,-24.0,4.0,7056.61,3,"Champions (high-value, engaged)",45,M,Cooleyside,Affluent,111,Gold
C103197,86.0,3.0,3066.4,0,Steady Redeemers,41,F,East Aimeeview,High,21,Gold
C103198,59.0,2.0,3532.0200000000004,0,Steady Redeemers,43,F,East Catherineside,Low,141,Gold
C103199,199.0,5.0,7250.599999999999,3,"Champions (high-value, engaged)",34,M,New Williamberg,Mid,9,Green
C103200,336.0,2.0,3588.09,2,At-Risk / Lapsing,42,M,Port Michael,Mid,139,Gold
C103201,62.0,5.0,6086.6900000000005,3,"Champions (high-value, engaged)",28,F,North Mark,Mid,70,Gold
C103202,560.0,0.0,0.0,1,Low-Engagement / New,34,M,North Jessica,Low,129,Green
C103203,88.0,2.0,7527.87,0,Steady Redeemers,71,F,West Joshua,High,118,Gold
C103204,31.0,6.0,6559.38,3,"Champions (high-value, engaged)",38,F,North Michael,High,56,Platinum
C103205,53.0,2.0,3116.25,0,Steady Redeemers,21,M,Stuartfort,High,31,Gold
C103206,308.0,2.0,1868.92,2,At-Risk / Lapsing,33,M,Huntfurt,High,37,Gold
C103207,41.0,6.0,10962.33,3,"Champions (high-value, engaged)",26,M,West Gerald,High,175,Green
C103208,88.0,4.0,2853.36,3,"Champions (high-value, engaged)",39,F,Suzanneville,Mid,91,Platinum
C103209,515.0,1.0,646.69,2,At-Risk / Lapsing,28,F,Gabrielborough,Mid,114,Green
C103210,220.0,4.0,2802.26,3,"Champions (high-value, engaged)",35,M,Hamiltonmouth,Low,128,Centurion
C103211,22.0,5.0,4929.38,3,"Champions (high-value, engaged)",29,M,Carlsonview,High,175,Centurion
C103212,364.0,3.0,1155.25,2,At-Risk / Lapsing,40,F,Cindyfurt,Low,122,Platinum
C103213,174.0,4.0,8748.0,3,"Champions (high-value, engaged)",31,M,Gonzalezstad,High,69,Green
C103214,87.0,4.0,4557.33,3,"Champions (high-value, engaged)",41,M,Rachaelland,Mid,36,Green
C103215,-13.0,3.0,1229.81,0,Steady Redeemers,59,M,Jacksonton,Low,32,Platinum
C103216,345.0,4.0,3301.98,2,At-Risk / Lapsing,25,F,Brendaport,Low,64,Platinum
C103217,-16.0,8.0,4327.299999999999,3,"Champions (high-value, engaged)",45,M,Raymondville,Low,170,Platinum
C103218,534.0,1.0,1264.25,2,At-Risk / Lapsing,21,M,Port Marcus,High,48,Gold
C103219,454.0,1.0,2747.32,2,At-Risk / Lapsing,35,F,West John,High,81,Gold
C103220,76.0,5.0,4497.85,3,"Champions (high-value, engaged)",40,M,Lake Nathan,Mid,158,Green
C103221,98.0,4.0,4277.56,3,"Champions (high-value, engaged)",29,M,Port Leonard,Low,149,Platinum
C103222,60.0,1.0,322.81,0,Steady Redeemers,21,F,West Haleymouth,Low,60,Gold
C103223,18.0,3.0,985.1099999999999,0,Steady Redeemers,37,M,South Ashley,Low,141,Green
C103224,560.0,0.0,0.0,1,Low-Engagement / New,54,F,Rachelside,Low,1,Green
C103225,31.0,1.0,757.73,0,Steady Redeemers,36,M,South Justinborough,High,65,Gold
C103226,292.0,2.0,1216.3899999999999,2,At-Risk / Lapsing,44,F,North Ann,Mid,33,Gold
C103227,43.0,3.0,2628.7799999999997,0,Steady Redeemers,50,F,New Patriciachester,Mid,38,Green
C103228,7.0,4.0,3063.85,3,"Champions (high-value, engaged)",65,F,Stewartmouth,Low,25,Green
C103229,175.0,7.0,6271.88,3,"Champions (high-value, engaged)",26,F,East Brandon,Mid,154,Green
C103230,236.0,3.0,1721.08,0,Steady Redeemers,27,M,Jimenezview,Mid,59,Green
C103231,10.0,2.0,1278.54,0,Steady Redeemers,34,M,Wilsonmouth,Mid,161,Platinum
C103232,363.0,1.0,788.25,2,At-Risk / Lapsing,44,M,New Mark,Mid,101,Gold
C103233,230.0,1.0,392.38,2,At-Risk / Lapsing,21,F,Youngtown,Low,127,Gold
C103234,560.0,0.0,0.0,1,Low-Engagement / New,45,F,Andrewshire,Mid,41,Platinum
C103235,159.0,3.0,2644.67,0,Steady Redeemers,39,M,South Justinfurt,Mid,158,Green
C103236,218.0,2.0,3308.89,0,Steady Redeemers,32,M,New Samanthaton,Mid,57,Platinum
C103237,2.0,9.0,19185.73,3,"Champions (high-value, engaged)",42,M,Deannaland,Affluent,177,Centurion
C103238,33.0,3.0,4573.17,0,Steady Redeemers,47,F,Davischester,Mid,48,Gold
C103239,52.0,7.0,9149.34,3,"Champions (high-value, engaged)",49,M,Joshuastad,Mid,72,Gold
C103240,441.0,2.0,1512.3600000000001,2,At-Risk / Lapsing,38,M,Millermouth,Mid,177,Gold
C103241,-18.0,3.0,4531.969999999999,0,Steady Redeemers,41,M,Salazarfurt,Mid,175,Platinum
C103242,74.0,3.0,5962.34,0,Steady Redeemers,41,M,Heathermouth,Mid,56,Green
C103243,16.0,8.0,10705.05,3,"Champions (high-value, engaged)",51,M,Allisonville,High,65,Green
C103244,146.0,2.0,1433.4699999999998,0,Steady Redeemers,42,M,Sharonville,High,12,Platinum
C103245,10.0,3.0,1334.28,0,Steady Redeemers,45,M,East Brandontown,Low,69,Platinum
C103246,158.0,3.0,2345.0200000000004,0,Steady Redeemers,47,M,North Victoria,Mid,134,Gold
C103247,560.0,0.0,0.0,1,Low-Engagement / New,59,M,Perezland,Mid,89,Green
C103248,218.0,3.0,7020.9400000000005,0,Steady Redeemers,31,M,Lake Rachel,High,25,Green
C103249,10.0,5.0,2378.9,3,"Champions (high-value, engaged)",55,F,Lisaside,Mid,1,Gold
C103250,2.0,4.0,1759.3400000000001,3,"Champions (high-value, engaged)",65,F,Lake Mirandaview,Mid,160,Platinum
C103251,87.0,5.0,5505.29,3,"Champions (high-value, engaged)",32,F,North Brandonport,Low,131,Green
C103252,457.0,1.0,677.61,2,At-Risk / Lapsing,35,M,West Markfurt,Mid,49,Gold
C103253,560.0,0.0,0.0,1,Low-Engagement / New,33,F,Hollyberg,Low,147,Platinum
C103254,177.0,3.0,6039.0599999999995,0,Steady Redeemers,45,M,Wilsonmouth,Mid,60,Green
C103255,24.0,4.0,3044.88,3,"Champions (high-value, engaged)",21,M,Port Breanna,Low,157,Platinum
C103256,33.0,4.0,4767.86,3,"Champions (high-value, engaged)",32,M,Walshville,High,178,Green
C103257,137.0,4.0,4690.57,3,"Champions (high-value, engaged)",34,M,New Timothy,Mid,2,Platinum
C103258,560.0,0.0,0.0,1,Low-Engagement / New,34,M,Braymouth,Mid,73,Centurion
C103259,98.0,2.0,1532.3400000000001,0,Steady Redeemers,33,M,Perezview,High,145,Green
C103260,67.0,8.0,6794.89,3,"Champions (high-value, engaged)",32,M,Jenniferstad,Mid,110,Platinum
C103261,75.0,7.0,7951.37,3,"Champions (high-value, engaged)",46,M,Lake Deborah,Mid,164,Centurion
C103262,38.0,3.0,4971.34,0,Steady Redeemers,43,F,Lake Christian,Mid,61,Centurion
C103263,560.0,0.0,0.0,1,Low-Engagement / New,56,F,Browntown,Low,17,Gold
C103264,17.0,4.0,11947.97,3,"Champions (high-value, engaged)",46,F,South Lori,High,49,Gold
C103265,126.0,3.0,3741.56,0,Steady Redeemers,25,M,South Dan,Low,76,Green
C103266,192.0,3.0,4323.37,0,Steady Redeemers,36,M,Port Brittany,Mid,148,Green
C103267,2.0,5.0,5496.0,3,"Champions (high-value, engaged)",34,F,Kathleenport,Mid,178,Gold
C103268,-5.0,14.0,29318.57,3,"Champions (high-value, engaged)",40,M,Rioshaven,Mid,131,Green
C103269,309.0,1.0,783.04,2,At-Risk / Lapsing,50,F,East Jefferystad,High,43,Gold
C103270,560.0,0.0,0.0,1,Low-Engagement / New,40,M,Hesterhaven,Mid,57,Gold
C103271,317.0,1.0,371.5,2,At-Risk / Lapsing,40,M,Port Ricardo,Low,50,Platinum
C103272,39.0,1.0,2132.16,0,Steady Redeemers,38,M,West Rodneyport,High,178,Platinum
C103273,92.0,4.0,4281.49,3,"Champions (high-value, engaged)",46,F,East Stevenville,Mid,37,Green
C103274,80.0,1.0,752.24,0,Steady Redeemers,31,M,East Allenmouth,High,46,Gold
C103275,82.0,5.0,7068.55,3,"Champions (high-value, engaged)",21,M,West Anthony,High,170,Platinum
C103276,43.0,3.0,6248.88,0,Steady Redeemers,45,F,Bellville,High,15,Green
C103277,8.0,2.0,800.88,0,Steady Redeemers,42,M,West Ryanberg,Mid,161,Green
C103278,51.0,6.0,4813.57,3,"Champions (high-value, engaged)",52,F,Shawhaven,Mid,80,Platinum
C103279,-19.0,4.0,6277.719999999999,3,"Champions (high-value, engaged)",21,M,Brianview,High,139,Green
C103280,16.0,2.0,5634.05,0,Steady Redeemers,36,F,Coreyfurt,Mid,148,Platinum
C103281,367.0,1.0,281.74,2,At-Risk / Lapsing,39,M,Leeborough,Low,24,Platinum
C103282,363.0,1.0,2650.85,2,At-Risk / Lapsing,21,M,Thompsonview,High,125,Gold
C103283,87.0,5.0,6574.44,3,"Champions (high-value, engaged)",37,F,Stoneville,High,118,Platinum
C103284,232.0,4.0,5681.68,3,"Champions (high-value, engaged)",51,M,Lake Johnville,Mid,80,Green
C103285,115.0,2.0,1219.26,0,Steady Redeemers,60,F,North Brian,Low,94,Platinum
C103286,331.0,2.0,1304.55,2,At-Risk / Lapsing,48,F,New Josephland,Mid,65,Platinum
C103287,560.0,0.0,0.0,1,Low-Engagement / New,34,M,West Jeremyfurt,High,88,Green
C103288,155.0,5.0,8765.03,3,"Champions (high-value, engaged)",51,F,Longbury,Affluent,88,Gold
C103289,8.0,5.0,9051.75,3,"Champions (high-value, engaged)",48,F,Tylerburgh,Mid,145,Gold
C103290,381.0,2.0,2052.15,2,At-Risk / Lapsing,32,F,West Dana,Low,126,Green
C103291,315.0,2.0,2501.3,2,At-Risk / Lapsing,31,F,Jessicaville,High,89,Centurion
C103292,560.0,0.0,0.0,1,Low-Engagement / New,36,M,New Rebecca,Mid,61,Gold
C103293,358.0,2.0,1605.0,2,At-Risk / Lapsing,26,F,Stevensonbury,Mid,15,Gold
C103294,22.0,5.0,12397.630000000001,3,"Champions (high-value, engaged)",34,M,West Erin,Affluent,94,Green
C103295,424.0,1.0,328.47,2,At-Risk / Lapsing,43,F,East Martin,Low,51,Gold
C103296,0.0,1.0,796.21,0,Steady Redeemers,49,M,Thomastown,Mid,27,Platinum
C103297,253.0,4.0,4046.34,3,"Champions (high-value, engaged)",33,F,Pattersontown,Low,74,Gold
C103298,31.0,3.0,4460.75,0,Steady Redeemers,53,F,West Nicole,Mid,61,Platinum
C103299,171.0,2.0,3342.38,0,Steady Redeemers,45,F,Lake Kathleen,High,31,Gold
C103300,275.0,1.0,622.56,2,At-Risk / Lapsing,45,M,New Michaelfort,Mid,12,Green
C103301,46.0,6.0,13872.45,3,"Champions (high-value, engaged)",27,F,South Morganfort,Affluent,46,Gold
C103302,46.0,3.0,4157.71,0,Steady Redeemers,57,M,North Lorishire,Mid,159,Green
C103303,94.0,3.0,2358.17,0,Steady Redeemers,44,M,Maryhaven,Mid,32,Green
C103304,62.0,3.0,1617.73,0,Steady Redeemers,34,M,Port Dwayne,Mid,160,Green
C103305,434.0,2.0,1145.84,2,At-Risk / Lapsing,32,M,North Kevinmouth,Mid,61,Platinum
C103306,208.0,6.0,4751.61,3,"Champions (high-value, engaged)",34,M,Henrystad,Mid,46,Centurion
C103307,-5.0,5.0,3218.07,3,"Champions (high-value, engaged)",26,M,Elizabethview,Low,85,Green
C103308,241.0,2.0,5059.84,2,At-Risk / Lapsing,48,M,Stephenstad,Mid,80,Green
C103309,511.0,1.0,1035.45,2,At-Risk / Lapsing,27,M,Jenniferhaven,Mid,135,Green
C103310,560.0,0.0,0.0,1,Low-Engagement / New,41,M,Rodriguezhaven,High,4,Platinum
C103311,172.0,5.0,5964.700000000001,3,"Champions (high-value, engaged)",33,M,East Tiffanybury,High,52,Gold
C103312,69.0,2.0,2469.25,0,Steady Redeemers,45,M,West Tyler,High,159,Gold
C103313,560.0,0.0,0.0,1,Low-Engagement / New,46,F,New Joyce,Low,112,Gold
C103314,-4.0,5.0,4224.53,3,"Champions (high-value, engaged)",30,M,Howardland,Mid,36,Gold
C103315,16.0,4.0,3767.37,3,"Champions (high-value, engaged)",37,F,South Danielle,High,54,Green
C103316,59.0,4.0,6037.03,3,"Champions (high-value, engaged)",22,M,Natalieside,Mid,119,Green
C103317,103.0,5.0,5293.23,3,"Champions (high-value, engaged)",56,M,Archerhaven,Low,127,Green
C103318,208.0,3.0,3307.1099999999997,0,Steady Redeemers,49,M,West Renee,High,17,Gold
C103319,383.0,2.0,2516.34,2,At-Risk / Lapsing,22,F,Pamelafurt,High,75,Platinum
C103320,112.0,4.0,7074.86,3,"Champions (high-value, engaged)",28,M,Landryview,Mid,158,Green
C103321,208.0,3.0,6940.900000000001,0,Steady Redeemers,36,F,Jamesshire,Low,105,Green
C103322,-13.0,4.0,5738.43,3,"Champions (high-value, engaged)",38,M,Maryville,High,150,Platinum
C103323,143.0,2.0,1489.93,0,Steady Redeemers,30,F,Popeshire,Mid,117,Green
C103324,76.0,4.0,7825.86,3,"Champions (high-value, engaged)",25,F,Keithtown,High,43,Green
C103325,39.0,8.0,14880.61,3,"Champions (high-value, engaged)",42,M,Hoberg,High,112,Platinum
C103326,215.0,2.0,1588.1799999999998,0,Steady Redeemers,57,F,Beckerhaven,High,115,Gold
C103327,68.0,4.0,1603.8700000000001,3,"Champions (high-value, engaged)",38,F,Cindyburgh,Mid,27,Gold
C103328,386.0,1.0,632.79,2,At-Risk / Lapsing,34,F,Tommyland,Low,37,Platinum
C103329,-6.0,7.0,10030.77,3,"Champions (high-value, engaged)",33,F,Alexiston,High,46,Gold
C103330,41.0,4.0,3315.34,3,"Champions (high-value, engaged)",25,M,West Margaret,Mid,113,Green
C103331,23.0,3.0,4011.8799999999997,0,Steady Redeemers,30,M,North Tracytown,High,35,Gold
C103332,130.0,1.0,281.45,0,Steady Redeemers,50,M,Belltown,Low,132,Gold
C103333,60.0,3.0,2079.88,0,Steady Redeemers,21,F,West Devinport,Low,80,Centurion
C103334,57.0,3.0,3216.91,0,Steady Redeemers,38,M,North Jennifer,High,80,Centurion
C103335,125.0,2.0,1756.92,0,Steady Redeemers,38,M,Lake James,High,154,Green
C103336,146.0,4.0,6897.0599999999995,3,"Champions (high-value, engaged)",39,F,West Jefferyfort,Affluent,121,Gold
C103337,357.0,2.0,4107.4,2,At-Risk / Lapsing,46,M,Johnfurt,High,147,Green
C103338,41.0,7.0,8103.860000000001,3,"Champions (high-value, engaged)",38,F,Rossville,Mid,122,Green
C103339,560.0,0.0,0.0,1,Low-Engagement / New,33,F,Samanthaport,High,81,Gold
C103340,141.0,2.0,2060.7200000000003,0,Steady Redeemers,30,F,New Ryan,High,173,Gold
C103341,51.0,2.0,4427.76,0,Steady Redeemers,52,F,Lindaberg,Mid,154,Gold
C103342,461.0,1.0,1247.55,2,At-Risk / Lapsing,49,F,West Derek,Mid,150,Gold
C103343,429.0,2.0,1821.1299999999999,2,At-Risk / Lapsing,69,F,West Kevin,Low,119,Platinum
C103344,79.0,3.0,3177.1,0,Steady Redeemers,34,M,Ashleymouth,Mid,58,Platinum
C103345,97.0,9.0,19593.06,3,"Champions (high-value, engaged)",30,M,South Kimberly,High,63,Gold
C103346,67.0,4.0,3991.88,3,"Champions (high-value, engaged)",42,M,Davishaven,Mid,156,Green
C103347,61.0,3.0,4649.85,0,Steady Redeemers,42,F,Bensonhaven,Mid,172,Platinum
C103348,297.0,1.0,345.03,2,At-Risk / Lapsing,44,F,Taylorchester,Mid,100,Platinum
C103349,221.0,4.0,4955.88,3,"Champions (high-value, engaged)",47,M,Fisherchester,Mid,171,Green
C103350,99.0,6.0,6101.7300000000005,3,"Champions (high-value, engaged)",44,F,Johnsonside,Mid,165,Gold
C103351,200.0,4.0,3361.0299999999997,3,"Champions (high-value, engaged)",49,M,Port Robertberg,Mid,66,Centurion
C103352,8.0,8.0,20532.68,3,"Champions (high-value, engaged)",51,M,Kristinshire,Affluent,145,Gold
C103353,304.0,2.0,3714.6400000000003,2,At-Risk / Lapsing,51,M,Davidside,Mid,168,Gold
C103354,366.0,2.0,998.1600000000001,2,At-Risk / Lapsing,21,F,Brianfurt,Low,166,Green
C103355,341.0,2.0,3180.07,2,At-Risk / Lapsing,40,F,South Elizabeth,Low,85,Gold
C103356,74.0,6.0,8335.91,3,"Champions (high-value, engaged)",27,M,Aguirrehaven,High,137,Gold
C103357,367.0,2.0,3054.23,2,At-Risk / Lapsing,49,F,Combsland,Mid,144,Green
C103358,34.0,5.0,10139.03,3,"Champions (high-value, engaged)",21,M,West Mariaville,High,123,Gold
C103359,29.0,2.0,8128.56,0,Steady Redeemers,54,F,Brookeport,High,2,Green
C103360,39.0,3.0,6694.27,0,Steady Redeemers,28,M,Vaughnton,High,106,Gold
C103361,169.0,4.0,6646.6900000000005,3,"Champions (high-value, engaged)",25,F,Lake Brendahaven,Mid,108,Centurion
C103362,329.0,1.0,844.98,2,At-Risk / Lapsing,41,F,Lake Jamieberg,High,72,Gold
C103363,13.0,3.0,8609.51,3,"Champions (high-value, engaged)",33,F,Taylorberg,Mid,171,Gold
C103364,-13.0,6.0,13524.32,3,"Champions (high-value, engaged)",57,F,Courtneytown,Affluent,126,Gold
C103365,143.0,4.0,6458.7,3,"Champions (high-value, engaged)",52,M,Hansonborough,Mid,170,Green
C103366,207.0,2.0,958.47,0,Steady Redeemers,32,F,North Aaronville,Mid,57,Centurion
C103367,106.0,2.0,2820.95,0,Steady Redeemers,49,M,East Jamesfort,Mid,81,Green
C103368,63.0,1.0,461.06,0,Steady Redeemers,32,M,Port Williamfurt,Low,158,Green
C103369,236.0,1.0,1831.66,2,At-Risk / Lapsing,31,F,North Kevinfort,High,141,Gold
C103370,30.0,4.0,6169.67,3,"Champions (high-value, engaged)",45,M,Port Jimmy,Mid,19,Gold
C103371,-2.0,2.0,1085.24,0,Steady Redeemers,54,M,Lorrainemouth,Mid,7,Green
C103372,65.0,6.0,6395.05,3,"Champions (high-value, engaged)",33,F,South Dustintown,Mid,137,Green
C103373,-2.0,6.0,11665.07,3,"Champions (high-value, engaged)",33,F,East Lori,High,54,Platinum
C103374,26.0,7.0,12297.01,3,"Champions (high-value, engaged)",41,F,East William,High,104,Green
C103375,560.0,0.0,0.0,1,Low-Engagement / New,28,F,South Timothy,High,86,Green
C103376,286.0,3.0,4515.09,2,At-Risk / Lapsing,55,F,Elizabethshire,High,82,Green
C103377,560.0,0.0,0.0,1,Low-Engagement / New,28,F,Richardsonview,Low,61,Green
C103378,349.0,3.0,3238.42,2,At-Risk / Lapsing,31,F,Cruzville,Low,87,Gold
C103379,104.0,3.0,4378.32,0,Steady Redeemers,57,M,Butlerchester,High,2,Gold
C103380,-2.0,5.0,2861.5099999999998,3,"Champions (high-value, engaged)",40,F,North Justin,Mid,178,Platinum
C103381,263.0,1.0,2672.22,2,At-Risk / Lapsing,59,M,New Pedroshire,Mid,31,Green
C103382,75.0,1.0,294.9,0,Steady Redeemers,35,F,Austinmouth,Low,33,Green
C103383,269.0,2.0,3049.89,2,At-Risk / Lapsing,65,F,West Sydneymouth,Mid,80,Green
C103384,194.0,3.0,3435.7,0,Steady Redeemers,44,M,Hillburgh,Low,11,Green
C103385,278.0,2.0,2055.9900000000002,2,At-Risk / Lapsing,29,F,Vincenthaven,High,161,Green
C103386,23.0,8.0,11231.5,3,"Champions (high-value, engaged)",29,F,West Rachel,Mid,128,Green
C103387,302.0,5.0,5852.57,3,"Champions (high-value, engaged)",21,F,Palmerburgh,Mid,135,Green
C103388,91.0,2.0,881.78,0,Steady Redeemers,23,M,West Diana,Low,128,Gold
C103389,91.0,6.0,4994.14,3,"Champions (high-value, engaged)",30,F,Stephenberg,High,31,Green
C103390,560.0,0.0,0.0,1,Low-Engagement / New,27,M,Kristenport,Mid,176,Green
C103391,560.0,0.0,0.0,1,Low-Engagement / New,21,F,Jonesfort,High,126,Green
C103392,18.0,8.0,18495.829999999998,3,"Champions (high-value, engaged)",47,M,Estesburgh,High,47,Green
C103393,524.0,1.0,4249.87,2,At-Risk / Lapsing,46,M,Davidmouth,Mid,107,Gold
C103394,44.0,2.0,8815.460000000001,0,Steady Redeemers,41,M,Breannafurt,Affluent,19,Green
C103395,219.0,1.0,2139.94,2,At-Risk / Lapsing,25,M,North Anthonyburgh,Affluent,81,Green
C103396,464.0,1.0,3097.95,2,At-Risk / Lapsing,56,F,North Elizabeth,High,123,Green
C103397,200.0,5.0,12779.75,3,"Champions (high-value, engaged)",36,M,Villafort,High,134,Green
C103398,2.0,9.0,11688.07,3,"Champions (high-value, engaged)",28,F,Kathleenbury,Mid,107,Platinum
C103399,184.0,4.0,4175.96,3,"Champions (high-value, engaged)",40,F,East Jessicafurt,Mid,49,Centurion
C103400,113.0,2.0,1878.25,0,Steady Redeemers,39,F,Nielsenton,Low,73,Green
C103401,8.0,1.0,1245.49,0,Steady Redeemers,21,M,Dannyland,Low,50,Gold
C103402,18.0,6.0,16665.27,3,"Champions (high-value, engaged)",37,F,Hinestown,Affluent,81,Green
C103403,264.0,2.0,1005.6600000000001,2,At-Risk / Lapsing,39,M,West Daniel,Mid,95,Green
C103404,7.0,2.0,2056.19,0,Steady Redeemers,33,M,Grayshire,High,12,Green
C103405,545.0,1.0,888.59,2,At-Risk / Lapsing,23,F,East Johnny,High,23,Platinum
C103406,77.0,4.0,11076.66,3,"Champions (high-value, engaged)",23,M,Sheltonbury,High,54,Green
C103407,85.0,3.0,4818.97,0,Steady Redeemers,43,F,Lake Fernando,Affluent,118,Centurion
C103408,327.0,1.0,403.6,2,At-Risk / Lapsing,46,M,North Brandi,Mid,59,Gold
C103409,0.0,5.0,2485.48,3,"Champions (high-value, engaged)",33,M,East Arthurberg,Low,164,Green
C103410,560.0,0.0,0.0,1,Low-Engagement / New,42,M,West Kimshire,Mid,3,Platinum
C103411,180.0,5.0,3073.1499999999996,3,"Champions (high-value, engaged)",32,F,West Jacobhaven,Low,58,Platinum
C103412,560.0,0.0,0.0,1,Low-Engagement / New,28,M,Leeborough,Low,57,Platinum
C103413,121.0,7.0,14234.07,3,"Champions (high-value, engaged)",40,M,Masonstad,Mid,145,Gold
C103414,39.0,1.0,527.46,0,Steady Redeemers,25,F,Port Carlos,High,167,Green
C103415,278.0,4.0,13549.84,3,"Champions (high-value, engaged)",58,F,Garrettland,Mid,90,Green
C103416,378.0,1.0,846.96,2,At-Risk / Lapsing,22,F,East Kimberlyport,Mid,55,Green
C103417,141.0,3.0,5456.77,0,Steady Redeemers,41,M,North Victorton,High,45,Gold
C103418,-4.0,2.0,1496.02,0,Steady Redeemers,39,M,Andrewport,Mid,1,Centurion
C103419,413.0,2.0,848.98,2,At-Risk / Lapsing,38,F,Peterstad,Low,21,Gold
C103420,120.0,2.0,2528.19,0,Steady Redeemers,54,F,Port Monicaport,High,21,Platinum
C103421,69.0,4.0,3798.77,3,"Champions (high-value, engaged)",21,F,New Barbarahaven,Mid,52,Green
C103422,3.0,6.0,19662.37,3,"Champions (high-value, engaged)",42,F,Reginaldton,High,82,Gold
C103423,206.0,3.0,1830.05,0,Steady Redeemers,34,M,New Thomasview,Low,171,Platinum
C103424,114.0,4.0,10292.06,3,"Champions (high-value, engaged)",44,M,North Matthewview,High,180,Gold
C103425,136.0,2.0,2236.1,0,Steady Redeemers,38,F,West Pamela,Mid,67,Gold
C103426,94.0,2.0,772.5699999999999,0,Steady Redeemers,37,M,East Jamesmouth,Mid,113,Gold
C103427,20.0,4.0,4661.83,3,"Champions (high-value, engaged)",24,F,East Trevorshire,Mid,44,Gold
C103428,9.0,7.0,8492.220000000001,3,"Champions (high-value, engaged)",30,M,West Tinachester,High,160,Centurion
C103429,15.0,2.0,1237.92,0,Steady Redeemers,72,F,New Timothyberg,Mid,10,Gold
C103430,35.0,8.0,13623.54,3,"Champions (high-value, engaged)",44,M,Jenniferville,Mid,64,Green
C103431,-13.0,3.0,13086.7,3,"Champions (high-value, engaged)",49,M,South Williamstad,Affluent,69,Gold
C103432,-4.0,5.0,8053.38,3,"Champions (high-value, engaged)",34,F,Woodsbury,High,68,Green
C103433,70.0,5.0,5802.219999999999,3,"Champions (high-value, engaged)",28,F,North Anthonyborough,Mid,28,Gold
C103434,95.0,1.0,1091.09,0,Steady Redeemers,46,M,Flemingtown,High,116,Green
C103435,171.0,1.0,316.58,0,Steady Redeemers,21,M,Williamsfurt,Mid,51,Platinum
C103436,20.0,3.0,7864.98,3,"Champions (high-value, engaged)",30,F,South Jacqueline,Mid,4,Platinum
C103437,268.0,2.0,3713.65,2,At-Risk / Lapsing,34,F,North Samuel,Mid,79,Green
C103438,284.0,4.0,8742.81,3,"Champions (high-value, engaged)",48,M,Michaelmouth,Affluent,17,Green
C103439,253.0,3.0,3659.0299999999997,0,Steady Redeemers,42,F,Hullbury,Affluent,108,Gold
C103440,23.0,6.0,3338.37,3,"Champions (high-value, engaged)",32,M,North Brianna,Mid,74,Platinum
C103441,160.0,5.0,5713.28,3,"Champions (high-value, engaged)",42,F,South Julie,Mid,175,Green
C103442,5.0,4.0,4235.69,3,"Champions (high-value, engaged)",34,F,Port Alexisbury,Mid,23,Green
C103443,147.0,4.0,10689.449999999999,3,"Champions (high-value, engaged)",49,M,North Brianmouth,Affluent,18,Gold
C103444,39.0,2.0,8483.07,0,Steady Redeemers,40,F,West Bradley,Affluent,129,Gold
C103445,-14.0,4.0,4111.09,3,"Champions (high-value, engaged)",57,M,Carriebury,Mid,35,Green
C103446,12.0,4.0,4806.969999999999,3,"Champions (high-value, engaged)",34,M,Davidfurt,High,64,Gold
C103447,70.0,3.0,8798.14,0,Steady Redeemers,51,M,Sandovalland,High,59,Centurion
C103448,256.0,3.0,3577.22,0,Steady Redeemers,38,M,West Shawnaborough,Mid,1,Green
C103449,21.0,4.0,4476.5,3,"Champions (high-value, engaged)",30,F,Thorntonstad,Low,131,Gold
C103450,64.0,1.0,592.21,0,Steady Redeemers,66,M,South Jennifer,Mid,67,Green
C103451,560.0,0.0,0.0,1,Low-Engagement / New,52,F,Kimberlyport,High,37,Green
C103452,-5.0,4.0,6345.12,3,"Champions (high-value, engaged)",40,M,New Patricia,High,29,Green
C103453,418.0,1.0,358.83,2,At-Risk / Lapsing,46,M,Heidihaven,Mid,89,Gold
C103454,90.0,3.0,3753.5699999999997,0,Steady Redeemers,26,M,North Michaelchester,Affluent,161,Platinum
C103455,32.0,4.0,3003.06,3,"Champions (high-value, engaged)",26,M,Ramirezborough,Low,100,Gold
C103456,25.0,5.0,3181.1499999999996,3,"Champions (high-value, engaged)",50,F,Port Theresa,Mid,122,Green
C103457,368.0,2.0,5993.530000000001,2,At-Risk / Lapsing,38,F,West Judy,High,90,Green
C103458,288.0,2.0,4576.46,2,At-Risk / Lapsing,36,M,North Nathan,High,132,Gold
C103459,33.0,1.0,2213.55,0,Steady Redeemers,34,F,North Tiffany,Mid,14,Green
C103460,130.0,9.0,9326.8,3,"Champions (high-value, engaged)",39,M,Santosmouth,Mid,161,Green
C103461,-1.0,5.0,3643.3,3,"Champions (high-value, engaged)",35,M,North Victorton,Low,150,Gold
C103462,-19.0,5.0,3640.2799999999997,3,"Champions (high-value, engaged)",21,M,Joshuafurt,Mid,176,Platinum
C103463,376.0,2.0,3106.71,2,At-Risk / Lapsing,53,F,Margaretland,Mid,131,Green
C103464,224.0,5.0,3597.7799999999997,3,"Champions (high-value, engaged)",36,F,West Melissafurt,Low,85,Gold
C103465,60.0,1.0,925.45,0,Steady Redeemers,58,F,Smithfurt,High,151,Green
C103466,311.0,1.0,1059.82,2,At-Risk / Lapsing,21,F,Wallacebury,Mid,21,Gold
C103467,280.0,1.0,711.03,2,At-Risk / Lapsing,21,F,South Jack,High,171,Gold
C103468,71.0,3.0,5292.69,0,Steady Redeemers,34,F,Patelport,High,26,Platinum
C103469,560.0,0.0,0.0,1,Low-Engagement / New,48,M,New Kathryntown,Low,41,Gold
C103470,560.0,0.0,0.0,1,Low-Engagement / New,24,M,Sandraview,Low,122,Green
C103471,560.0,0.0,0.0,1,Low-Engagement / New,24,M,Port Anthony,High,38,Green
C103472,138.0,6.0,13035.89,3,"Champions (high-value, engaged)",42,F,Glennton,Mid,88,Green
C103473,-10.0,3.0,6790.75,3,"Champions (high-value, engaged)",34,F,New Paulport,High,11,Gold
C103474,220.0,2.0,7829.030000000001,0,Steady Redeemers,43,F,Colemanshire,High,29,Platinum
C103475,204.0,11.0,35756.75,3,"Champions (high-value, engaged)",34,M,Franciscofurt,High,60,Gold
C103476,88.0,4.0,5417.150000000001,3,"Champions (high-value, engaged)",42,M,Reesebury,Affluent,61,Gold
C103477,173.0,5.0,13013.0,3,"Champions (high-value, engaged)",53,F,North Juan,Mid,147,Green
C103478,5.0,4.0,6420.129999999999,3,"Champions (high-value, engaged)",24,M,Christopherbury,Mid,174,Gold
C103479,20.0,5.0,6897.639999999999,3,"Champions (high-value, engaged)",51,F,Matthewfurt,Mid,177,Green
C103480,132.0,4.0,3963.41,3,"Champions (high-value, engaged)",21,M,New Joshuaview,Low,22,Green
C103481,421.0,2.0,1790.3400000000001,2,At-Risk / Lapsing,44,F,Kimberlytown,Mid,78,Gold
C103482,158.0,2.0,995.26,0,Steady Redeemers,53,F,West Ashleymouth,Mid,113,Platinum
C103483,560.0,0.0,0.0,1,Low-Engagement / New,32,F,Melaniemouth,Affluent,123,Green
C103484,226.0,3.0,4230.18,0,Steady Redeemers,45,M,Smithtown,Mid,142,Gold
C103485,242.0,2.0,1789.01,2,At-Risk / Lapsing,32,F,Johnsonstad,Mid,44,Platinum
C103486,4.0,6.0,9278.130000000001,3,"Champions (high-value, engaged)",44,M,Littleside,Mid,144,Green
C103487,187.0,7.0,9576.41,3,"Champions (high-value, engaged)",21,F,South Brian,Low,97,Platinum
C103488,32.0,6.0,2162.48,3,"Champions (high-value, engaged)",39,F,West Pennyside,Low,77,Green
C103489,9.0,5.0,7795.01,3,"Champions (high-value, engaged)",42,M,Stephaniemouth,Mid,140,Green
C103490,150.0,2.0,3185.65,0,Steady Redeemers,52,F,West Katie,Low,55,Green
C103491,176.0,5.0,9055.23,3,"Champions (high-value, engaged)",48,F,Jordanfort,Mid,51,Green
C103492,5.0,5.0,8711.890000000001,3,"Champions (high-value, engaged)",36,F,East Crystal,High,102,Gold
C103493,134.0,5.0,7696.610000000001,3,"Champions (high-value, engaged)",40,M,Port Christine,High,167,Platinum
C103494,560.0,0.0,0.0,1,Low-Engagement / New,22,M,East Dannyton,High,161,Green
C103495,208.0,3.0,8091.6900000000005,0,Steady Redeemers,56,F,Lake William,Mid,161,Green
C103496,55.0,2.0,7315.7,0,Steady Redeemers,45,F,Rileyton,High,29,Green
C103497,-10.0,7.0,8582.7,3,"Champions (high-value, engaged)",21,M,North Stephanie,High,69,Gold
C103498,183.0,4.0,3114.44,3,"Champions (high-value, engaged)",40,M,Theresatown,Low,159,Green
C103499,2.0,4.0,4768.1,3,"Champions (high-value, engaged)",41,M,Amberton,High,80,Gold
C103500,29.0,2.0,5384.78,0,Steady Redeemers,29,M,West Daniel,Mid,31,Gold
C103501,275.0,1.0,495.41,2,At-Risk / Lapsing,39,M,Wilsonland,High,112,Gold
C103502,202.0,2.0,9643.61,0,Steady Redeemers,28,M,East Mark,Affluent,46,Centurion
C103503,108.0,1.0,2422.61,0,Steady Redeemers,22,F,Mariachester,Low,97,Green
C103504,224.0,2.0,2233.77,0,Steady Redeemers,31,M,Lake Ronaldport,High,52,Centurion
C103505,471.0,1.0,861.41,2,At-Risk / Lapsing,39,F,North Mark,Mid,138,Green
C103506,298.0,5.0,14622.14,3,"Champions (high-value, engaged)",48,F,Matthewchester,Affluent,74,Green
C103507,208.0,3.0,2320.54,0,Steady Redeemers,38,F,Thomasport,Mid,41,Platinum
C103508,383.0,1.0,815.14,2,At-Risk / Lapsing,48,F,East Michealport,High,77,Gold
C103509,7.0,2.0,1357.83,0,Steady Redeemers,45,F,New Anthony,Low,131,Platinum
C103510,153.0,2.0,1680.9099999999999,0,Steady Redeemers,26,F,Port Lawrence,Mid,114,Green
C103511,18.0,4.0,2725.8199999999997,3,"Champions (high-value, engaged)",45,F,Shelbyfurt,Low,52,Platinum
C103512,152.0,5.0,12337.55,3,"Champions (high-value, engaged)",45,M,Lake Jessicafurt,Affluent,162,Green
C103513,560.0,0.0,0.0,1,Low-Engagement / New,57,M,North Susanbury,High,177,Green
C103514,277.0,3.0,7751.139999999999,2,At-Risk / Lapsing,42,F,Ryanville,High,156,Green
C103515,118.0,4.0,25409.510000000002,3,"Champions (high-value, engaged)",24,F,New Thomashaven,Affluent,87,Platinum
C103516,-3.0,4.0,6108.6,3,"Champions (high-value, engaged)",31,F,Stewartborough,Low,109,Gold
C103517,526.0,1.0,1196.69,2,At-Risk / Lapsing,21,M,Rhondamouth,Mid,141,Gold
C103518,350.0,1.0,623.02,2,At-Risk / Lapsing,43,M,Port Katrina,Low,69,Green
C103519,30.0,4.0,5551.68,3,"Champions (high-value, engaged)",56,M,Jerrymouth,Mid,120,Green
C103520,107.0,2.0,1926.1000000000001,0,Steady Redeemers,21,M,Lake Johnchester,Mid,67,Green
C103521,183.0,3.0,3553.1200000000003,0,Steady Redeemers,56,M,Christopherside,Mid,61,Gold
C103522,34.0,2.0,780.56,0,Steady Redeemers,43,F,West Denisebury,Mid,71,Gold
C103523,6.0,5.0,5150.28,3,"Champions (high-value, engaged)",26,F,Hartmanbury,Low,152,Gold
C103524,560.0,0.0,0.0,1,Low-Engagement / New,40,M,New John,Low,151,Platinum
C103525,3.0,3.0,2261.47,0,Steady Redeemers,26,F,Craigberg,Low,30,Green
C103526,107.0,5.0,15420.89,3,"Champions (high-value, engaged)",42,F,Lauramouth,Affluent,146,Green
C103527,19.0,9.0,22905.88,3,"Champions (high-value, engaged)",38,F,Davidchester,High,96,Gold
C103528,41.0,3.0,10425.43,3,"Champions (high-value, engaged)",41,F,Wagnerberg,Affluent,56,Gold
C103529,125.0,6.0,5799.87,3,"Champions (high-value, engaged)",27,F,Chenborough,Mid,53,Gold
C103530,374.0,2.0,1552.46,2,At-Risk / Lapsing,29,M,South Alexis,Mid,7,Platinum
C103531,4.0,4.0,7944.96,3,"Champions (high-value, engaged)",43,F,South Joseside,High,97,Gold
C103532,0.0,3.0,2601.7,0,Steady Redeemers,32,F,Newtonberg,Mid,113,Green
C103533,35.0,8.0,5910.23,3,"Champions (high-value, engaged)",39,M,Port Ryanburgh,Mid,125,Green
C103534,42.0,4.0,5154.6,3,"Champions (high-value, engaged)",42,M,East Zacharyhaven,Mid,180,Platinum
C103535,133.0,3.0,5307.87,0,Steady Redeemers,35,M,Strongstad,Low,132,Gold
C103536,560.0,0.0,0.0,1,Low-Engagement / New,50,M,South Heidi,Mid,162,Green
C103537,285.0,1.0,384.57,2,At-Risk / Lapsing,35,F,Lake Kelly,Mid,161,Green
C103538,171.0,4.0,6751.219999999999,3,"Champions (high-value, engaged)",35,M,Phyllismouth,High,121,Gold
C103539,136.0,1.0,2587.25,0,Steady Redeemers,31,M,Lake Brandonstad,Low,38,Gold
C103540,1.0,7.0,6106.860000000001,3,"Champions (high-value, engaged)",49,M,Lozanomouth,Mid,122,Green
C103541,81.0,4.0,7230.31,3,"Champions (high-value, engaged)",30,M,Robertsfort,High,26,Gold
C103542,15.0,4.0,4182.15,3,"Champions (high-value, engaged)",51,F,Lake Isaac,Low,129,Green
C103543,201.0,4.0,4854.4,3,"Champions (high-value, engaged)",39,F,East Paulashire,Mid,4,Platinum
C103544,85.0,5.0,11647.18,3,"Champions (high-value, engaged)",67,M,Emilymouth,High,39,Green
C103545,472.0,1.0,356.45,2,At-Risk / Lapsing,30,F,Floresburgh,Low,54,Gold
C103546,139.0,6.0,6134.62,3,"Champions (high-value, engaged)",52,M,Shirleyville,Low,161,Gold
C103547,9.0,3.0,1613.2800000000002,0,Steady Redeemers,43,F,West Trevor,Mid,33,Green
C103548,29.0,3.0,2277.33,0,Steady Redeemers,32,F,New Zacharyhaven,Mid,20,Gold
C103549,300.0,2.0,1513.1399999999999,2,At-Risk / Lapsing,43,M,Mitchellfurt,Mid,16,Green
C103550,128.0,3.0,8185.43,0,Steady Redeemers,43,F,Katherineberg,High,149,Gold
C103551,211.0,4.0,3830.68,3,"Champions (high-value, engaged)",34,F,Port Sierraborough,Low,173,Gold
C103552,76.0,4.0,5808.4,3,"Champions (high-value, engaged)",42,F,Stoneshire,Mid,127,Green
C103553,118.0,5.0,3257.2,3,"Champions (high-value, engaged)",50,M,Coryport,Mid,87,Green
C103554,560.0,0.0,0.0,1,Low-Engagement / New,43,F,North Keith,Low,82,Platinum
C103555,49.0,3.0,6377.46,0,Steady Redeemers,33,F,Gonzalesburgh,Mid,62,Green
C103556,92.0,2.0,7203.0199999999995,0,Steady Redeemers,32,F,Sheilaview,Mid,31,Gold
C103557,270.0,3.0,4828.62,2,At-Risk / Lapsing,37,F,East Elizabethberg,Mid,42,Green
C103558,250.0,1.0,1062.16,2,At-Risk / Lapsing,50,F,East Andreahaven,Low,12,Platinum
C103559,419.0,2.0,1967.87,2,At-Risk / Lapsing,29,F,North Carmen,Mid,65,Gold
C103560,94.0,3.0,2831.75,0,Steady Redeemers,42,M,New Amandaborough,Mid,73,Gold
C103561,-8.0,3.0,4687.56,0,Steady Redeemers,21,M,South Marissatown,High,131,Green
C103562,161.0,6.0,10662.23,3,"Champions (high-value, engaged)",44,M,Jamesshire,Low,115,Green
C103563,560.0,0.0,0.0,1,Low-Engagement / New,46,M,Dennishaven,Mid,137,Green
C103564,58.0,6.0,13236.17,3,"Champions (high-value, engaged)",60,M,Port Shawn,Mid,106,Green
C103565,329.0,1.0,1269.47,2,At-Risk / Lapsing,48,M,Lake Jasmineville,High,179,Gold
C103566,5.0,1.0,856.41,0,Steady Redeemers,33,M,Onealfort,Mid,16,Gold
C103567,282.0,3.0,3388.3,2,At-Risk / Lapsing,21,F,Christopherberg,High,78,Green
C103568,193.0,4.0,7271.79,3,"Champions (high-value, engaged)",43,M,Jessicaville,High,125,Gold
C103569,492.0,1.0,1005.82,2,At-Risk / Lapsing,34,M,Lindabury,High,131,Green
C103570,-2.0,4.0,12803.0,3,"Champions (high-value, engaged)",41,F,West Ericmouth,Mid,152,Green
C103571,10.0,4.0,3753.36,3,"Champions (high-value, engaged)",30,F,Shawnhaven,Mid,141,Platinum
C103572,122.0,3.0,3632.3,0,Steady Redeemers,36,M,Lake Haileyton,High,130,Gold
C103573,-2.0,1.0,786.83,0,Steady Redeemers,21,M,Garciahaven,Affluent,112,Gold
C103574,0.0,3.0,2565.34,0,Steady Redeemers,26,M,Jamesside,High,127,Green
C103575,-6.0,3.0,8018.389999999999,3,"Champions (high-value, engaged)",24,M,Lake Courtneybury,Mid,21,Green
C103576,17.0,6.0,2497.4900000000002,3,"Champions (high-value, engaged)",47,M,New Nicholas,Low,147,Green
C103577,-17.0,7.0,13450.369999999999,3,"Champions (high-value, engaged)",28,F,Lake James,Mid,89,Platinum
C103578,560.0,0.0,0.0,1,Low-Engagement / New,53,F,Hernandezburgh,High,47,Gold
C103579,560.0,0.0,0.0,1,Low-Engagement / New,29,F,Campbellborough,Mid,150,Green
C103580,40.0,2.0,1770.47,0,Steady Redeemers,61,M,New Mercedesborough,Mid,161,Platinum
C103581,199.0,6.0,14078.54,3,"Champions (high-value, engaged)",21,M,South Carlosside,High,160,Gold
C103582,143.0,12.0,14305.0,3,"Champions (high-value, engaged)",42,M,Lake Gregory,Mid,85,Platinum
C103583,203.0,5.0,9112.85,3,"Champions (high-value, engaged)",38,M,Wattsfurt,High,167,Green
C103584,25.0,4.0,8510.869999999999,3,"Champions (high-value, engaged)",24,F,Lake Michael,Mid,128,Green
C103585,82.0,4.0,3796.21,3,"Champions (high-value, engaged)",31,F,West Mary,Mid,72,Green
C103586,3.0,3.0,2392.4,0,Steady Redeemers,35,M,Elizabethfort,Mid,42,Green
C103587,30.0,6.0,9060.86,3,"Champions (high-value, engaged)",40,F,Harperside,High,9,Platinum
C103588,47.0,3.0,1117.87,0,Steady Redeemers,27,F,Phillipsbury,Low,25,Gold
C103589,65.0,2.0,733.46,0,Steady Redeemers,42,M,Port Kathrynchester,Low,2,Gold
C103590,237.0,4.0,6511.639999999999,3,"Champions (high-value, engaged)",39,M,Nguyenchester,Affluent,19,Platinum
C103591,322.0,2.0,1095.66,2,At-Risk / Lapsing,46,M,East Stevenmouth,Low,20,Green
C103592,9.0,6.0,12852.46,3,"Champions (high-value, engaged)",28,F,West Heidiberg,Mid,70,Platinum
C103593,271.0,2.0,1871.29,2,At-Risk / Lapsing,33,M,Larsenfort,Mid,17,Platinum
C103594,298.0,2.0,3210.14,2,At-Risk / Lapsing,53,M,Mcdanieltown,Mid,124,Gold
C103595,60.0,1.0,790.18,0,Steady Redeemers,28,F,Josephborough,Mid,89,Green
C103596,67.0,2.0,3262.3,0,Steady Redeemers,22,M,Brownmouth,Mid,94,Gold
C103597,28.0,2.0,3524.2799999999997,0,Steady Redeemers,31,M,Emilychester,Mid,84,Green
C103598,133.0,4.0,4551.06,3,"Champions (high-value, engaged)",21,F,Lambchester,Mid,131,Platinum
C103599,560.0,0.0,0.0,1,Low-Engagement / New,56,F,Greenton,High,87,Green
C103600,36.0,3.0,2584.2,0,Steady Redeemers,34,M,Toddbury,Low,51,Gold
C103601,-7.0,6.0,5049.6,3,"Champions (high-value, engaged)",34,M,Daisyton,Mid,82,Gold
C103602,19.0,5.0,5015.92,3,"Champions (high-value, engaged)",46,F,Sethbury,Low,154,Green
C103603,232.0,3.0,3730.54,0,Steady Redeemers,30,F,New Jamie,Mid,8,Green
C103604,108.0,2.0,3265.76,0,Steady Redeemers,35,F,New Cherylberg,Mid,165,Green
C103605,117.0,2.0,913.3000000000001,0,Steady Redeemers,29,M,Lake Andrewfurt,Low,121,Gold
C103606,319.0,4.0,22220.94,3,"Champions (high-value, engaged)",21,F,Port Janetstad,High,155,Platinum
C103607,228.0,3.0,3786.51,0,Steady Redeemers,38,M,Lake Brandonborough,Mid,173,Green
C103608,39.0,10.0,48306.97,3,"Champions (high-value, engaged)",49,F,Amandaburgh,Affluent,4,Platinum
C103609,128.0,6.0,11505.17,3,"Champions (high-value, engaged)",38,M,Heathbury,Affluent,86,Green
C103610,96.0,4.0,4083.17,3,"Champions (high-value, engaged)",48,M,Lauriestad,Mid,128,Gold
C103611,500.0,1.0,1217.28,2,At-Risk / Lapsing,25,M,Robertside,Low,110,Platinum
C103612,11.0,3.0,2261.33,0,Steady Redeemers,29,M,North Barry,Mid,99,Green
C103613,89.0,9.0,17962.01,3,"Champions (high-value, engaged)",23,M,Port Shelbyville,High,37,Platinum
C103614,18.0,6.0,7380.6,3,"Champions (high-value, engaged)",42,M,Moodyton,Mid,71,Gold
C103615,83.0,2.0,739.33,0,Steady Redeemers,34,M,West Kevin,Low,33,Green
C103616,241.0,5.0,15336.79,3,"Champions (high-value, engaged)",34,M,Lake Kelsey,Mid,31,Platinum
C103617,230.0,3.0,5593.650000000001,0,Steady Redeemers,45,F,North Joseph,High,125,Green
C103618,129.0,1.0,3564.87,0,Steady Redeemers,32,M,Port Kristenfurt,High,12,Green
C103619,254.0,5.0,3271.73,3,"Champions (high-value, engaged)",49,F,Port Joy,Low,11,Gold
C103620,288.0,1.0,1248.0,2,At-Risk / Lapsing,40,F,Michelleland,High,88,Platinum
C103621,56.0,5.0,2563.1,3,"Champions (high-value, engaged)",33,M,New Jenniferchester,Mid,72,Platinum
C103622,126.0,3.0,3064.44,0,Steady Redeemers,21,M,North Juliaside,Mid,32,Green
C103623,97.0,4.0,7880.7,3,"Champions (high-value, engaged)",45,F,North Jill,High,57,Centurion
C103624,157.0,3.0,3094.48,0,Steady Redeemers,41,M,Leeport,Mid,166,Gold
C103625,109.0,2.0,4273.01,0,Steady Redeemers,41,M,Ronaldtown,Mid,86,Platinum
C103626,212.0,2.0,854.77,0,Steady Redeemers,41,M,Joshuaborough,Low,19,Green
C103627,251.0,5.0,8306.83,3,"Champions (high-value, engaged)",32,M,West Tanyashire,High,116,Gold
C103628,156.0,2.0,6440.5,0,Steady Redeemers,36,M,Bennettchester,High,14,Platinum
C103629,105.0,3.0,1761.3400000000001,0,Steady Redeemers,32,F,East Tammyside,Mid,33,Green
C103630,-13.0,4.0,4245.45,3,"Champions (high-value, engaged)",51,F,Timothyside,High,10,Centurion
C103631,151.0,2.0,1190.15,0,Steady Redeemers,34,F,South Andre,Low,80,Green
C103632,339.0,1.0,606.18,2,At-Risk / Lapsing,31,M,Lunastad,Mid,64,Green
C103633,110.0,2.0,880.47,0,Steady Redeemers,52,F,South Jeffreytown,Mid,68,Platinum
C103634,-4.0,12.0,6595.05,3,"Champions (high-value, engaged)",51,F,Wisemouth,Low,92,Centurion
C103635,15.0,6.0,8467.4,3,"Champions (high-value, engaged)",40,F,Thomasville,Mid,125,Green
C103636,51.0,4.0,26962.33,3,"Champions (high-value, engaged)",36,M,Martinland,Affluent,171,Green
C103637,87.0,5.0,2561.6000000000004,3,"Champions (high-value, engaged)",33,M,New Garyfort,Low,80,Platinum
C103638,354.0,3.0,3800.11,2,At-Risk / Lapsing,37,F,North Donald,Mid,59,Platinum
C103639,7.0,9.0,9045.1,3,"Champions (high-value, engaged)",28,M,Millsshire,Mid,180,Gold
C103640,243.0,1.0,1588.25,2,At-Risk / Lapsing,43,F,North Katrina,Mid,97,Gold
C103641,40.0,5.0,23257.08,3,"Champions (high-value, engaged)",56,M,Robertmouth,Affluent,19,Platinum
C103642,124.0,2.0,4326.5199999999995,0,Steady Redeemers,44,F,North Marc,Mid,149,Green
C103643,283.0,5.0,3016.84,3,"Champions (high-value, engaged)",25,M,Savageview,Mid,22,Centurion
C103644,13.0,5.0,13364.28,3,"Champions (high-value, engaged)",43,M,Port Anna,High,9,Green
C103645,412.0,2.0,1166.65,2,At-Risk / Lapsing,40,F,Gardnermouth,Low,9,Gold
C103646,560.0,0.0,0.0,1,Low-Engagement / New,42,F,West Steven,Mid,27,Gold
C103647,168.0,3.0,7100.32,0,Steady Redeemers,28,F,Robertsonland,Mid,17,Gold
C103648,60.0,3.0,3414.17,0,Steady Redeemers,38,M,South Hollyfurt,Mid,172,Gold
C103649,4.0,9.0,22980.73,3,"Champions (high-value, engaged)",47,M,Port Alexander,Affluent,45,Centurion
C103650,408.0,1.0,3229.24,2,At-Risk / Lapsing,26,M,East Jamesville,High,8,Gold
C103651,109.0,5.0,4291.02,3,"Champions (high-value, engaged)",33,M,South Tylerhaven,Mid,146,Platinum
C103652,223.0,1.0,2642.44,2,At-Risk / Lapsing,34,F,Taylorside,High,125,Green
C103653,111.0,4.0,4378.16,3,"Champions (high-value, engaged)",48,M,Rossport,Low,123,Platinum
C103654,53.0,2.0,1063.3899999999999,0,Steady Redeemers,50,M,South Wendyview,Low,33,Green
C103655,280.0,3.0,2273.41,2,At-Risk / Lapsing,21,F,Christinastad,Mid,1,Green
C103656,133.0,2.0,1133.72,0,Steady Redeemers,48,M,East Kelly,Mid,6,Green
C103657,164.0,6.0,7019.76,3,"Champions (high-value, engaged)",50,F,Port Christina,Mid,41,Gold
C103658,-4.0,4.0,3296.06,3,"Champions (high-value, engaged)",50,M,Aprilview,Mid,5,Centurion
C103659,-21.0,7.0,14252.71,3,"Champions (high-value, engaged)",32,M,Fordmouth,Affluent,80,Gold
C103660,138.0,2.0,1530.21,0,Steady Redeemers,35,F,East Alice,Mid,18,Green
C103661,177.0,2.0,3201.04,0,Steady Redeemers,21,M,Smithchester,Mid,177,Green
C103662,7.0,7.0,5165.1900000000005,3,"Champions (high-value, engaged)",21,F,East Thomas,Low,82,Gold
C103663,351.0,3.0,1130.03,2,At-Risk / Lapsing,34,F,West Jacquelineborough,Low,65,Green
C103664,-14.0,5.0,6012.06,3,"Champions (high-value, engaged)",38,F,New Stephenville,Mid,83,Green
C103665,258.0,1.0,711.6,2,At-Risk / Lapsing,39,F,New Taylorburgh,Mid,136,Gold
C103666,255.0,1.0,1445.64,2,At-Risk / Lapsing,47,F,West Danabury,High,131,Centurion
C103667,21.0,4.0,1388.04,3,"Champions (high-value, engaged)",71,M,Courtneyborough,Low,25,Gold
C103668,413.0,2.0,536.2,2,At-Risk / Lapsing,33,M,Justinchester,Low,69,Green
C103669,121.0,5.0,4524.81,3,"Champions (high-value, engaged)",26,F,Michaelfurt,Mid,168,Platinum
C103670,238.0,2.0,1179.28,2,At-Risk / Lapsing,44,F,Annborough,Mid,82,Gold
C103671,16.0,5.0,6549.96,3,"Champions (high-value, engaged)",40,M,New Elijahborough,Low,178,Platinum
C103672,24.0,5.0,4295.13,3,"Champions (high-value, engaged)",31,M,Gregoryshire,High,117,Green
C103673,387.0,1.0,1106.5,2,At-Risk / Lapsing,48,M,East Laurashire,Low,95,Gold
C103674,149.0,7.0,6387.900000000001,3,"Champions (high-value, engaged)",29,M,Riverashire,Mid,33,Centurion
C103675,-3.0,4.0,2018.02,3,"Champions (high-value, engaged)",36,M,Tammyfort,Mid,111,Green
C103676,70.0,4.0,2466.0,3,"Champions (high-value, engaged)",37,F,East Aaron,Low,146,Gold
C103677,47.0,7.0,13544.85,3,"Champions (high-value, engaged)",27,M,East Christopher,Mid,125,Green
C103678,84.0,3.0,2752.73,0,Steady Redeemers,21,F,East Fred,High,16,Gold
C103679,300.0,2.0,1457.72,2,At-Risk / Lapsing,40,F,West Christianton,Mid,80,Platinum
C103680,560.0,0.0,0.0,1,Low-Engagement / New,53,M,New Lindsay,High,38,Gold
C103681,22.0,7.0,9731.93,3,"Champions (high-value, engaged)",48,M,Ortegamouth,Low,169,Platinum
C103682,144.0,4.0,8382.25,3,"Champions (high-value, engaged)",49,M,Vincentville,High,135,Gold
C103683,176.0,1.0,429.16,0,Steady Redeemers,29,M,New Phillip,Mid,78,Centurion
C103684,-6.0,4.0,3727.5600000000004,3,"Champions (high-value, engaged)",40,F,Mccarthystad,High,63,Gold
C103685,54.0,3.0,3555.77,0,Steady Redeemers,22,M,Marymouth,Mid,112,Green
C103686,92.0,4.0,9953.29,3,"Champions (high-value, engaged)",39,M,New Meganburgh,Affluent,89,Gold
C103687,-21.0,8.0,8939.11,3,"Champions (high-value, engaged)",53,M,Jenniferchester,Mid,160,Gold
C103688,143.0,4.0,3822.18,3,"Champions (high-value, engaged)",53,F,Henryview,Low,38,Platinum
C103689,150.0,2.0,1378.6399999999999,0,Steady Redeemers,60,M,New Rachelstad,Low,150,Gold
C103690,73.0,9.0,14820.63,3,"Champions (high-value, engaged)",48,F,North Michelle,High,144,Gold
C103691,230.0,1.0,815.7,2,At-Risk / Lapsing,43,F,Townsendstad,Mid,52,Platinum
C103692,128.0,3.0,10048.130000000001,0,Steady Redeemers,47,M,Lewisside,High,29,Platinum
C103693,217.0,3.0,3179.39,0,Steady Redeemers,45,F,South Neil,Mid,144,Gold
C103694,139.0,3.0,5161.74,0,Steady Redeemers,29,M,East Scotthaven,Mid,76,Platinum
C103695,176.0,2.0,734.47,0,Steady Redeemers,21,M,North Brenda,Low,145,Gold
C103696,17.0,1.0,1530.78,0,Steady Redeemers,47,M,Clintonstad,Affluent,64,Green
C103697,393.0,2.0,1583.82,2,At-Risk / Lapsing,61,M,Wesleytown,High,91,Green
C103698,277.0,1.0,1563.12,2,At-Risk / Lapsing,48,M,Arthurview,Affluent,89,Centurion
C103699,44.0,2.0,4110.54,0,Steady Redeemers,21,F,Sandersview,Mid,13,Green
C103700,11.0,4.0,2110.39,3,"Champions (high-value, engaged)",32,F,Colleenshire,Mid,72,Gold
C103701,15.0,5.0,5414.72,3,"Champions (high-value, engaged)",35,F,Port Jenniferfort,High,5,Platinum
C103702,508.0,1.0,1864.97,2,At-Risk / Lapsing,21,M,Henryfort,Mid,12,Green
C103703,72.0,2.0,1680.03,0,Steady Redeemers,22,F,North Mikeberg,High,169,Platinum
C103704,425.0,2.0,3347.3999999999996,2,At-Risk / Lapsing,37,M,Port Melissa,Affluent,3,Platinum
C103705,92.0,3.0,2875.5299999999997,0,Steady Redeemers,40,M,South Maryville,High,33,Centurion
C103706,3.0,6.0,8896.5,3,"Champions (high-value, engaged)",27,M,South Danaton,High,121,Green
C103707,-11.0,1.0,378.24,0,Steady Redeemers,22,M,Connorside,Mid,50,Green
C103708,1.0,4.0,3598.06,3,"Champions (high-value, engaged)",51,M,Tonyaborough,Mid,137,Platinum
C103709,-4.0,4.0,14318.669999999998,3,"Champions (high-value, engaged)",33,F,West Marymouth,Affluent,178,Green
C103710,261.0,1.0,418.31,2,At-Risk / Lapsing,35,M,New Jennifer,Low,29,Gold
C103711,294.0,2.0,9052.45,2,At-Risk / Lapsing,31,M,Zacharyfurt,High,39,Gold
C103712,120.0,3.0,8735.41,0,Steady Redeemers,29,M,Monroeton,High,91,Green
C103713,19.0,4.0,5149.87,3,"Champions (high-value, engaged)",52,F,East Mandyhaven,Mid,100,Platinum
C103714,138.0,3.0,5460.9,0,Steady Redeemers,28,F,Lake Joseph,Affluent,173,Gold
C103715,310.0,1.0,322.42,2,At-Risk / Lapsing,39,F,South Bradley,Mid,17,Green
C103716,560.0,0.0,0.0,1,Low-Engagement / New,38,M,Lake William,Mid,56,Green
C103717,476.0,1.0,1408.14,2,At-Risk / Lapsing,21,F,Lake Julie,Low,46,Green
C103718,3.0,5.0,4681.57,3,"Champions (high-value, engaged)",40,M,West Joshuastad,Mid,67,Green
C103719,89.0,1.0,616.67,0,Steady Redeemers,21,F,West Stevenland,Mid,142,Gold
C103720,166.0,1.0,2186.02,0,Steady Redeemers,44,F,Davisland,Mid,67,Green
C103721,52.0,3.0,4116.75,0,Steady Redeemers,24,M,Lake Christopher,High,23,Green
C103722,439.0,1.0,2898.98,2,At-Risk / Lapsing,43,F,Brittanytown,Affluent,94,Platinum
C103723,52.0,6.0,4235.31,3,"Champions (high-value, engaged)",33,M,Port Alex,Low,151,Gold
C103724,146.0,5.0,3480.9,3,"Champions (high-value, engaged)",30,M,Stevenbury,Mid,155,Green
C103725,23.0,5.0,19628.11,3,"Champions (high-value, engaged)",40,F,Maryborough,Affluent,54,Centurion
C103726,96.0,1.0,214.33,0,Steady Redeemers,21,M,West Brian,Low,138,Green
C103727,129.0,2.0,537.34,0,Steady Redeemers,37,F,Gregoryberg,Low,77,Platinum
C103728,550.0,1.0,422.47,2,At-Risk / Lapsing,46,M,Robertborough,Low,16,Gold
C103729,269.0,1.0,338.96,2,At-Risk / Lapsing,49,F,Nicoleburgh,Mid,41,Gold
C103730,255.0,3.0,1123.53,2,At-Risk / Lapsing,32,F,Jordanmouth,Low,98,Platinum
C103731,132.0,1.0,2207.61,0,Steady Redeemers,34,F,Christopherstad,Affluent,128,Gold
C103732,55.0,8.0,10882.6,3,"Champions (high-value, engaged)",21,M,Michaelhaven,Mid,61,Platinum
C103733,511.0,1.0,460.82,2,At-Risk / Lapsing,29,M,Gallegosburgh,Mid,86,Platinum
C103734,236.0,2.0,2051.85,2,At-Risk / Lapsing,21,F,Port Brendaberg,Mid,118,Green
C103735,134.0,4.0,2659.49,3,"Champions (high-value, engaged)",42,F,Lake Ryan,Mid,100,Gold
C103736,234.0,2.0,2641.96,2,At-Risk / Lapsing,47,M,Jaredhaven,High,49,Platinum
C103737,112.0,3.0,4810.7699999999995,0,Steady Redeemers,33,M,Christopherborough,High,180,Gold
C103738,383.0,2.0,3936.42,2,At-Risk / Lapsing,26,F,Jefferyview,High,2,Platinum
C103739,128.0,2.0,6140.25,0,Steady Redeemers,41,F,North Zacharyburgh,Mid,120,Gold
C103740,197.0,3.0,4194.26,0,Steady Redeemers,28,F,Taylorshire,Affluent,178,Gold
C103741,16.0,6.0,22593.370000000003,3,"Champions (high-value, engaged)",45,F,Nathanfurt,High,123,Green
C103742,177.0,5.0,4956.82,3,"Champions (high-value, engaged)",59,M,West Jacquelinestad,High,86,Green
C103743,3.0,4.0,3296.9799999999996,3,"Champions (high-value, engaged)",28,F,East Robertmouth,Low,171,Gold
C103744,-20.0,3.0,1053.15,0,Steady Redeemers,29,F,Deborahville,Low,77,Gold
C103745,13.0,4.0,4713.35,3,"Champions (high-value, engaged)",21,M,West Kevin,Mid,136,Gold
C103746,269.0,1.0,864.32,2,At-Risk / Lapsing,39,M,Paynetown,High,59,Gold
C103747,33.0,8.0,10514.77,3,"Champions (high-value, engaged)",38,M,Lambmouth,Mid,12,Gold
C103748,198.0,2.0,2536.03,0,Steady Redeemers,35,F,Simonfort,Mid,4,Platinum
C103749,50.0,5.0,9511.02,3,"Champions (high-value, engaged)",38,F,West Jennifer,High,117,Green
C103750,28.0,1.0,586.42,0,Steady Redeemers,26,F,Timothyfurt,High,95,Gold
C103751,33.0,5.0,15372.65,3,"Champions (high-value, engaged)",21,F,Billybury,Affluent,125,Green
C103752,141.0,5.0,3297.72,3,"Champions (high-value, engaged)",29,M,South Ronaldview,Mid,41,Gold
C103753,103.0,4.0,8809.82,3,"Champions (high-value, engaged)",21,F,Watkinsburgh,High,123,Green
C103754,139.0,1.0,1271.05,0,Steady Redeemers,28,F,West Olivia,Mid,7,Green
C103755,61.0,2.0,1589.96,0,Steady Redeemers,41,M,New Karen,Low,69,Green
C103756,113.0,3.0,3378.12,0,Steady Redeemers,38,F,Lake Mason,Low,69,Green
C103757,115.0,3.0,5148.27,0,Steady Redeemers,21,M,North Kyleberg,Mid,81,Gold
C103758,128.0,3.0,1704.0900000000001,0,Steady Redeemers,49,M,Stephenburgh,Mid,30,Centurion
C103759,144.0,1.0,4638.88,0,Steady Redeemers,35,M,Smithberg,High,73,Green
C103760,431.0,1.0,600.09,2,At-Risk / Lapsing,23,F,East Kevin,Low,6,Gold
C103761,268.0,5.0,16556.11,3,"Champions (high-value, engaged)",33,F,East Joelborough,High,89,Gold
C103762,-10.0,3.0,3056.04,0,Steady Redeemers,31,F,Davisbury,Mid,147,Green
C103763,224.0,3.0,1405.2,0,Steady Redeemers,28,F,Lake Angela,Mid,66,Green
C103764,37.0,9.0,8162.85,3,"Champions (high-value, engaged)",46,M,Adamburgh,Mid,10,Green
C103765,126.0,3.0,6121.24,0,Steady Redeemers,25,M,Coryside,Mid,144,Platinum
C103766,560.0,0.0,0.0,1,Low-Engagement / New,40,M,Halefort,Mid,37,Green
C103767,27.0,6.0,5353.35,3,"Champions (high-value, engaged)",23,M,Guerrabury,Mid,77,Green
C103768,23.0,1.0,428.87,0,Steady Redeemers,37,F,South Davidberg,Low,77,Green
C103769,560.0,0.0,0.0,1,Low-Engagement / New,40,F,Mejiaport,Low,32,Gold
C103770,91.0,4.0,5227.9800000000005,3,"Champions (high-value, engaged)",40,M,Carlsonside,Mid,47,Gold
C103771,560.0,0.0,0.0,1,Low-Engagement / New,38,M,West Tracyshire,Affluent,110,Green
C103772,52.0,3.0,1365.2,0,Steady Redeemers,35,F,East Nicoleburgh,Mid,171,Gold
C103773,270.0,1.0,989.53,2,At-Risk / Lapsing,26,F,West Michael,High,120,Gold
C103774,149.0,5.0,8122.02,3,"Champions (high-value, engaged)",26,F,New Carolfurt,High,164,Green
C103775,115.0,2.0,6139.06,0,Steady Redeemers,41,M,Lake Jerryfort,Affluent,154,Green
C103776,26.0,1.0,2383.17,0,Steady Redeemers,24,M,North Jason,High,10,Gold
C103777,130.0,7.0,4374.12,3,"Champions (high-value, engaged)",21,M,Davisfurt,Mid,159,Gold
C103778,156.0,7.0,15210.19,3,"Champions (high-value, engaged)",53,F,South Edward,High,97,Gold
C103779,263.0,3.0,6983.66,0,Steady Redeemers,35,M,Paulfort,High,157,Gold
C103780,-14.0,6.0,5179.35,3,"Champions (high-value, engaged)",44,M,West Susanchester,Mid,5,Green
C103781,62.0,1.0,3469.2,0,Steady Redeemers,47,F,East Raymond,Mid,77,Green
C103782,171.0,3.0,3212.54,0,Steady Redeemers,38,M,South Lindastad,Low,1,Gold
C103783,235.0,2.0,11403.3,0,Steady Redeemers,33,F,Lake Michelletown,High,131,Gold
C103784,293.0,4.0,6421.79,3,"Champions (high-value, engaged)",34,M,West David,High,67,Green
C103785,50.0,6.0,6143.92,3,"Champions (high-value, engaged)",55,M,Parkstown,Low,163,Platinum
C103786,289.0,2.0,1632.96,2,At-Risk / Lapsing,31,F,Valdezfurt,Mid,15,Gold
C103787,71.0,2.0,2108.12,0,Steady Redeemers,39,M,Wiseport,Mid,93,Green
C103788,522.0,1.0,499.39,2,At-Risk / Lapsing,45,M,Greenville,Low,30,Gold
C103789,446.0,1.0,1994.24,2,At-Risk / Lapsing,40,M,Shawfort,Affluent,103,Green
C103790,405.0,1.0,394.48,2,At-Risk / Lapsing,49,F,Meganstad,Mid,82,Gold
C103791,65.0,2.0,1378.54,0,Steady Redeemers,33,F,Port Haroldchester,Low,75,Gold
C103792,50.0,2.0,4108.33,0,Steady Redeemers,45,F,Bergland,Mid,171,Green
C103793,560.0,0.0,0.0,1,Low-Engagement / New,21,F,North Matthew,High,60,Platinum
C103794,209.0,2.0,740.11,0,Steady Redeemers,52,F,Jamesmouth,Low,40,Platinum
C103795,43.0,2.0,1150.1999999999998,0,Steady Redeemers,50,M,Williamsport,High,157,Green
C103796,15.0,4.0,4635.11,3,"Champions (high-value, engaged)",34,F,North Mirandamouth,Mid,74,Green
C103797,-7.0,3.0,833.26,0,Steady Redeemers,42,M,Brendanstad,Low,121,Green
C103798,47.0,3.0,2627.3,0,Steady Redeemers,47,F,Ronaldport,Low,147,Platinum
C103799,560.0,0.0,0.0,1,Low-Engagement / New,26,F,New Josephport,Mid,3,Green
C103800,26.0,6.0,7420.99,3,"Champions (high-value, engaged)",36,F,Robertmouth,Mid,36,Gold
C103801,76.0,10.0,17260.1,3,"Champions (high-value, engaged)",23,M,Kennethton,Affluent,43,Green
C103802,137.0,3.0,8415.54,0,Steady Redeemers,50,F,West Jessicaside,High,143,Green
C103803,-11.0,3.0,9311.42,3,"Champions (high-value, engaged)",47,M,Wrightland,Affluent,169,Gold
C103804,104.0,2.0,1068.83,0,Steady Redeemers,34,M,East Jessicafort,Mid,115,Gold
C103805,59.0,5.0,15094.44,3,"Champions (high-value, engaged)",33,F,Orozcostad,Affluent,109,Gold
C103806,70.0,6.0,7896.53,3,"Champions (high-value, engaged)",36,M,Barkerbury,Mid,90,Gold
C103807,12.0,7.0,26884.809999999998,3,"Champions (high-value, engaged)",28,M,Williamsmouth,Mid,164,Gold
C103808,281.0,2.0,4181.67,2,At-Risk / Lapsing,36,F,Benjaminville,Low,84,Green
C103809,239.0,1.0,331.79,2,At-Risk / Lapsing,26,F,Huntland,Low,77,Green
C103810,239.0,2.0,1602.16,2,At-Risk / Lapsing,47,F,Saraport,High,161,Green
C103811,210.0,2.0,6643.75,0,Steady Redeemers,50,F,Moralesburgh,Mid,5,Gold
C103812,514.0,2.0,3343.6699999999996,2,At-Risk / Lapsing,48,M,Jenniferland,Mid,78,Platinum
C103813,66.0,6.0,6087.26,3,"Champions (high-value, engaged)",24,M,Sanfordborough,Mid,91,Green
C103814,57.0,5.0,2907.06,3,"Champions (high-value, engaged)",35,M,Wandahaven,Mid,87,Green
C103815,560.0,0.0,0.0,1,Low-Engagement / New,44,M,Lake Lauren,Mid,14,Green
C103816,235.0,4.0,3193.99,3,"Champions (high-value, engaged)",46,F,Ashleyborough,Mid,104,Platinum
C103817,15.0,3.0,4504.16,0,Steady Redeemers,21,M,Hillburgh,High,83,Platinum
C103818,66.0,8.0,16684.92,3,"Champions (high-value, engaged)",46,M,Walterton,High,175,Green
C103819,179.0,7.0,5454.27,3,"Champions (high-value, engaged)",24,F,Browningport,Mid,54,Gold
C103820,5.0,9.0,12053.589999999998,3,"Champions (high-value, engaged)",36,M,Adamborough,Mid,132,Gold
C103821,64.0,1.0,657.83,0,Steady Redeemers,51,M,Port Robertberg,Mid,95,Green
C103822,31.0,1.0,1006.38,0,Steady Redeemers,50,F,Josephmouth,High,9,Gold
C103823,46.0,2.0,821.5,0,Steady Redeemers,52,M,East Jeffreymouth,Mid,53,Gold
C103824,192.0,3.0,4751.29,0,Steady Redeemers,26,F,North Cheryl,Mid,77,Green
C103825,560.0,0.0,0.0,1,Low-Engagement / New,28,F,Matthewsmouth,Low,60,Gold
C103826,22.0,2.0,5822.73,0,Steady Redeemers,31,F,Alvarezside,Mid,46,Green
C103827,202.0,2.0,3420.3300000000004,0,Steady Redeemers,36,M,West Matthewstad,Mid,54,Gold
C103828,316.0,3.0,4357.860000000001,2,At-Risk / Lapsing,40,M,Hernandezfort,High,74,Platinum
C103829,53.0,1.0,513.39,0,Steady Redeemers,52,F,New Heidi,Mid,112,Gold
C103830,138.0,2.0,2717.7,0,Steady Redeemers,27,M,Scottton,Mid,95,Green
C103831,-8.0,6.0,7442.91,3,"Champions (high-value, engaged)",31,M,Lake Tommystad,High,165,Green
C103832,81.0,5.0,4134.37,3,"Champions (high-value, engaged)",53,M,East Juliehaven,High,23,Gold
C103833,85.0,1.0,907.77,0,Steady Redeemers,25,F,Kevinmouth,Mid,27,Green
C103834,124.0,5.0,4053.19,3,"Champions (high-value, engaged)",45,F,Craigtown,Mid,70,Gold
C103835,-14.0,2.0,2539.64,0,Steady Redeemers,37,F,New Brenda,Mid,109,Green
C103836,58.0,8.0,20471.0,3,"Champions (high-value, engaged)",42,F,Annettechester,Affluent,77,Platinum
C103837,64.0,5.0,2141.45,3,"Champions (high-value, engaged)",29,M,Port Teresaside,Low,179,Platinum
C103838,5.0,3.0,6152.0,0,Steady Redeemers,45,F,Fritzfurt,Affluent,50,Platinum
C103839,44.0,4.0,5191.280000000001,3,"Champions (high-value, engaged)",30,M,South Catherine,High,124,Green
C103840,156.0,6.0,3766.8999999999996,3,"Champions (high-value, engaged)",22,F,North Randyborough,Mid,19,Gold
C103841,2.0,1.0,2638.92,0,Steady Redeemers,43,F,New Keithburgh,Low,1,Green
C103842,314.0,2.0,1102.2800000000002,2,At-Risk / Lapsing,21,F,Piercestad,Mid,40,Platinum
C103843,435.0,1.0,1450.75,2,At-Risk / Lapsing,31,F,South Rachel,Mid,160,Green
C103844,172.0,1.0,2971.13,0,Steady Redeemers,41,F,Luisstad,Low,22,Platinum
C103845,32.0,6.0,13943.03,3,"Champions (high-value, engaged)",46,F,Lake Nicolemouth,High,112,Gold
C103846,365.0,1.0,2261.25,2,At-Risk / Lapsing,51,F,Perezfurt,Affluent,40,Platinum
C103847,208.0,3.0,2540.46,0,Steady Redeemers,57,F,Shermanport,Mid,38,Gold
C103848,7.0,4.0,4458.45,3,"Champions (high-value, engaged)",54,F,Mooreburgh,High,48,Green
C103849,-7.0,4.0,3605.95,3,"Champions (high-value, engaged)",40,F,Robertsside,Low,75,Platinum
C103850,-9.0,4.0,2425.1,3,"Champions (high-value, engaged)",50,F,Kathrynburgh,Mid,179,Green
C103851,5.0,4.0,2166.35,3,"Champions (high-value, engaged)",39,M,South Bettychester,Low,107,Centurion
C103852,112.0,2.0,889.4200000000001,0,Steady Redeemers,45,M,Jenkinstown,Mid,8,Platinum
C103853,376.0,1.0,2304.84,2,At-Risk / Lapsing,31,M,East Chelsea,Affluent,86,Centurion
C103854,-2.0,5.0,9425.84,3,"Champions (high-value, engaged)",43,M,New Ashleychester,High,68,Green
C103855,121.0,2.0,1037.88,0,Steady Redeemers,32,M,West Chelseaburgh,Low,75,Green
C103856,228.0,6.0,6252.370000000001,3,"Champions (high-value, engaged)",36,F,Cohenstad,Mid,137,Gold
C103857,148.0,2.0,1280.92,0,Steady Redeemers,43,M,Lake Carolynfurt,Mid,90,Platinum
C103858,210.0,5.0,3813.52,3,"Champions (high-value, engaged)",61,F,Port Robin,Mid,130,Green
C103859,201.0,2.0,2373.8,0,Steady Redeemers,42,M,Woodbury,High,80,Green
C103860,156.0,3.0,3851.87,0,Steady Redeemers,37,F,South Sharon,High,95,Green
C103861,497.0,1.0,2046.79,2,At-Risk / Lapsing,28,M,West David,Mid,70,Platinum
C103862,177.0,5.0,2318.16,3,"Champions (high-value, engaged)",47,F,North Jamiemouth,Mid,90,Platinum
C103863,103.0,6.0,9589.48,3,"Champions (high-value, engaged)",34,F,Sanchezmouth,Mid,59,Green
C103864,560.0,0.0,0.0,1,Low-Engagement / New,42,F,Port Gregory,Low,147,Green
C103865,560.0,0.0,0.0,1,Low-Engagement / New,45,M,Porterville,Mid,28,Gold
C103866,83.0,9.0,11479.22,3,"Champions (high-value, engaged)",51,M,Monicaburgh,Mid,72,Green
C103867,142.0,5.0,13112.9,3,"Champions (high-value, engaged)",47,M,South Jennifer,High,14,Gold
C103868,-11.0,3.0,2169.7799999999997,0,Steady Redeemers,24,M,North Kaitlynchester,High,24,Gold
C103869,247.0,4.0,2848.16,3,"Champions (high-value, engaged)",21,M,Atkinsland,Low,112,Gold
C103870,194.0,4.0,3529.3999999999996,3,"Champions (high-value, engaged)",45,F,Rosarioside,Mid,44,Platinum
C103871,336.0,2.0,1429.77,2,At-Risk / Lapsing,38,F,Lake Kimberlyside,Low,56,Gold
C103872,26.0,8.0,5981.29,3,"Champions (high-value, engaged)",42,F,South Timothyton,Low,120,Green
C103873,136.0,4.0,10366.210000000001,3,"Champions (high-value, engaged)",56,F,Lisaton,High,179,Platinum
C103874,328.0,2.0,735.1700000000001,2,At-Risk / Lapsing,31,M,Reginaldhaven,Low,32,Green
C103875,24.0,3.0,1187.72,0,Steady Redeemers,52,M,Pattersonville,Mid,178,Platinum
C103876,102.0,1.0,264.35,0,Steady Redeemers,31,F,East Melanieshire,Low,169,Green
C103877,97.0,7.0,18223.66,3,"Champions (high-value, engaged)",55,M,Lake Garychester,High,25,Platinum
C103878,22.0,6.0,5494.96,3,"Champions (high-value, engaged)",46,F,Donaldbury,Mid,116,Green
C103879,200.0,4.0,2313.46,3,"Champions (high-value, engaged)",21,F,Clarkville,Mid,66,Green
C103880,376.0,4.0,3342.2799999999997,2,At-Risk / Lapsing,33,F,Dawnland,Mid,42,Green
C103881,128.0,4.0,4455.360000000001,3,"Champions (high-value, engaged)",59,F,Nolanfort,High,164,Centurion
C103882,153.0,2.0,10809.36,0,Steady Redeemers,57,F,Port Jordan,Affluent,76,Centurion
C103883,195.0,5.0,4385.21,3,"Champions (high-value, engaged)",44,F,Hannahmouth,Mid,137,Green
C103884,136.0,3.0,4952.64,0,Steady Redeemers,41,F,Lyonsshire,High,164,Green
C103885,135.0,6.0,24167.870000000003,3,"Champions (high-value, engaged)",40,F,Brookeberg,Affluent,38,Green
C103886,363.0,2.0,1574.1399999999999,2,At-Risk / Lapsing,42,M,New Keith,Affluent,161,Green
C103887,9.0,2.0,3134.71,0,Steady Redeemers,36,F,West Anna,Mid,170,Platinum
C103888,-14.0,3.0,1395.3700000000001,0,Steady Redeemers,51,M,Kristopherburgh,Mid,61,Gold
C103889,18.0,4.0,7588.23,3,"Champions (high-value, engaged)",44,F,Thomasmouth,Mid,174,Platinum
C103890,237.0,3.0,2873.5299999999997,0,Steady Redeemers,27,M,Ericberg,High,89,Gold
C103891,59.0,2.0,1392.05,0,Steady Redeemers,45,M,New Kelly,Mid,18,Gold
C103892,64.0,4.0,17895.32,3,"Champions (high-value, engaged)",39,M,Scottbury,High,70,Platinum
C103893,188.0,4.0,3625.9,3,"Champions (high-value, engaged)",34,M,Port Jasonport,Mid,82,Green
C103894,83.0,3.0,2310.4700000000003,0,Steady Redeemers,58,M,New Alexander,High,116,Green
C103895,150.0,7.0,17530.71,3,"Champions (high-value, engaged)",39,M,Jenniferhaven,High,80,Platinum
C103896,471.0,2.0,3252.63,2,At-Risk / Lapsing,21,F,Woodsburgh,Low,15,Green
C103897,294.0,2.0,19127.62,2,At-Risk / Lapsing,35,F,Dawnshire,High,176,Green
C103898,560.0,0.0,0.0,1,Low-Engagement / New,48,F,Alexandrafurt,Mid,13,Platinum
C103899,48.0,2.0,2731.3,0,Steady Redeemers,27,F,Wonghaven,High,119,Gold
C103900,496.0,1.0,483.85,2,At-Risk / Lapsing,48,F,Thompsonfurt,Mid,43,Gold
C103901,53.0,3.0,3286.34,0,Steady Redeemers,27,F,Lake Staceymouth,Mid,57,Gold
C103902,46.0,3.0,8112.98,0,Steady Redeemers,52,F,West Jamie,Affluent,17,Green
C103903,185.0,3.0,2695.0699999999997,0,Steady Redeemers,31,F,West Charlotte,Mid,178,Centurion
C103904,47.0,1.0,3108.81,0,Steady Redeemers,34,F,Lake Jamesfort,High,32,Green
C103905,357.0,1.0,1739.63,2,At-Risk / Lapsing,33,M,Hudsontown,Mid,150,Gold
C103906,131.0,4.0,3062.89,3,"Champions (high-value, engaged)",44,M,Lake James,Mid,55,Platinum
C103907,560.0,0.0,0.0,1,Low-Engagement / New,58,F,South Conniemouth,Mid,13,Gold
C103908,327.0,1.0,1774.95,2,At-Risk / Lapsing,38,M,West Angelaside,Mid,47,Platinum
C103909,12.0,2.0,3338.98,0,Steady Redeemers,37,M,Port Brianshire,Mid,87,Platinum
C103910,318.0,2.0,2450.4399999999996,2,At-Risk / Lapsing,31,M,East Jonathan,Low,62,Gold
C103911,560.0,0.0,0.0,1,Low-Engagement / New,21,F,Lake Sharon,Mid,29,Green
C103912,158.0,2.0,720.1700000000001,0,Steady Redeemers,32,F,East Hannah,Low,22,Gold
C103913,560.0,0.0,0.0,1,Low-Engagement / New,24,M,Thompsonview,Affluent,65,Platinum
C103914,14.0,4.0,5864.52,3,"Champions (high-value, engaged)",21,M,Christopherborough,Affluent,29,Gold
C103915,560.0,0.0,0.0,1,Low-Engagement / New,37,M,East Alexandraton,Mid,48,Gold
C103916,248.0,3.0,3881.4700000000003,0,Steady Redeemers,32,F,East John,High,5,Gold
C103917,164.0,2.0,1161.3,0,Steady Redeemers,53,M,Marshallside,Mid,163,Green
C103918,516.0,1.0,1691.78,2,At-Risk / Lapsing,28,M,West Kristyland,High,101,Green
C103919,27.0,8.0,19801.43,3,"Champions (high-value, engaged)",45,M,South Darren,High,71,Centurion
C103920,265.0,2.0,7117.24,2,At-Risk / Lapsing,45,M,South Jamesside,Affluent,174,Gold
C103921,293.0,5.0,5966.25,3,"Champions (high-value, engaged)",52,M,New Tony,Mid,163,Green
C103922,560.0,0.0,0.0,1,Low-Engagement / New,35,F,New Russellville,High,173,Platinum
C103923,125.0,1.0,455.45,0,Steady Redeemers,52,M,Watersborough,Mid,141,Gold
C103924,50.0,5.0,20403.77,3,"Champions (high-value, engaged)",44,F,Gayview,Affluent,138,Platinum
C103925,369.0,2.0,1155.09,2,At-Risk / Lapsing,50,M,Guzmanfort,Low,66,Green
C103926,292.0,1.0,387.39,2,At-Risk / Lapsing,64,M,West William,Mid,72,Platinum
C103927,115.0,3.0,2735.72,0,Steady Redeemers,36,M,Stephanieport,High,25,Gold
C103928,138.0,5.0,5649.48,3,"Champions (high-value, engaged)",39,F,Michellebury,High,172,Gold
C103929,0.0,4.0,1807.17,3,"Champions (high-value, engaged)",34,F,Joshuaside,Low,60,Green
C103930,-17.0,5.0,9877.26,3,"Champions (high-value, engaged)",54,F,Connieville,Affluent,175,Green
C103931,5.0,5.0,2693.66,3,"Champions (high-value, engaged)",66,M,South Adam,Low,40,Green
C103932,560.0,0.0,0.0,1,Low-Engagement / New,46,M,Simpsonburgh,Mid,7,Platinum
C103933,86.0,7.0,11294.22,3,"Champions (high-value, engaged)",21,M,Port Ryanport,Mid,174,Green
C103934,202.0,3.0,1711.51,0,Steady Redeemers,28,M,Port Scottside,Mid,151,Gold
C103935,267.0,1.0,453.07,2,At-Risk / Lapsing,50,M,East Kimberly,Mid,46,Green
C103936,35.0,5.0,5874.6,3,"Champions (high-value, engaged)",25,M,East Kyle,Mid,86,Green
C103937,309.0,2.0,998.5999999999999,2,At-Risk / Lapsing,31,M,Lukehaven,Low,141,Green
C103938,62.0,5.0,2153.76,3,"Champions (high-value, engaged)",31,F,Garciaport,Low,21,Platinum
C103939,131.0,1.0,602.41,0,Steady Redeemers,37,F,New Emily,Mid,1,Platinum
C103940,78.0,1.0,2154.39,0,Steady Redeemers,40,M,Ericfurt,High,123,Centurion
C103941,70.0,4.0,9892.51,3,"Champions (high-value, engaged)",21,M,Port Eric,High,147,Platinum
C103942,128.0,5.0,5501.92,3,"Champions (high-value, engaged)",21,F,West Sue,Low,125,Green
C103943,37.0,3.0,3415.0299999999997,0,Steady Redeemers,21,M,Valdezchester,Mid,33,Platinum
C103944,65.0,7.0,2079.0,3,"Champions (high-value, engaged)",22,F,Jeremyview,Low,4,Gold
C103945,362.0,1.0,615.47,2,At-Risk / Lapsing,38,F,Michaelport,Low,3,Platinum
C103946,233.0,2.0,5566.29,0,Steady Redeemers,40,F,Dustinmouth,High,91,Green
C103947,29.0,3.0,4734.47,0,Steady Redeemers,49,M,Mariamouth,Mid,52,Platinum
C103948,524.0,2.0,694.01,2,At-Risk / Lapsing,44,F,Parkershire,Low,28,Green
C103949,171.0,5.0,6923.14,3,"Champions (high-value, engaged)",31,F,Farmertown,Mid,70,Green
C103950,512.0,1.0,1290.04,2,At-Risk / Lapsing,40,M,Brownchester,Low,57,Green
C103951,399.0,2.0,2115.32,2,At-Risk / Lapsing,49,F,Debbieberg,High,108,Green
C103952,102.0,1.0,841.78,0,Steady Redeemers,35,M,Wangtown,Affluent,144,Gold
C103953,183.0,3.0,1108.98,0,Steady Redeemers,34,F,East Ebony,Low,24,Platinum
C103954,76.0,3.0,1518.0500000000002,0,Steady Redeemers,27,M,Kennethstad,Mid,169,Platinum
C103955,206.0,1.0,964.99,2,At-Risk / Lapsing,29,M,West Ronaldfurt,High,77,Green
C103956,370.0,3.0,6755.32,2,At-Risk / Lapsing,45,F,Angelaborough,Affluent,175,Green
C103957,560.0,0.0,0.0,1,Low-Engagement / New,37,M,New Wesley,Mid,76,Green
C103958,56.0,6.0,3313.13,3,"Champions (high-value, engaged)",59,M,Danielbury,Low,69,Platinum
C103959,162.0,4.0,1806.51,3,"Champions (high-value, engaged)",30,M,West Jennifer,Low,101,Green
C103960,40.0,4.0,2964.49,3,"Champions (high-value, engaged)",46,M,Craneton,Mid,159,Gold
C103961,102.0,3.0,2930.12,0,Steady Redeemers,42,F,Wattsfort,Mid,92,Green
C103962,13.0,2.0,1062.21,0,Steady Redeemers,37,M,West Valerie,Low,92,Gold
C103963,363.0,1.0,365.15,2,At-Risk / Lapsing,33,M,Brownton,Mid,30,Green
C103964,560.0,0.0,0.0,1,Low-Engagement / New,44,M,Joshuastad,Low,18,Green
C103965,-10.0,9.0,10731.86,3,"Champions (high-value, engaged)",43,M,Mcleanville,High,44,Green
C103966,63.0,3.0,4684.5599999999995,0,Steady Redeemers,40,F,Taylorland,Mid,155,Green
C103967,188.0,2.0,1083.4299999999998,0,Steady Redeemers,42,M,Tiffanychester,Low,99,Green
C103968,140.0,3.0,1805.51,0,Steady Redeemers,38,F,Port Edward,Mid,154,Gold
C103969,166.0,3.0,1852.07,0,Steady Redeemers,21,M,Audreyside,Mid,121,Green
C103970,32.0,1.0,1343.46,0,Steady Redeemers,38,M,South Johnshire,Affluent,115,Green
C103971,-9.0,4.0,3829.91,3,"Champions (high-value, engaged)",35,F,Angelaport,Mid,60,Green
C103972,53.0,2.0,3074.66,0,Steady Redeemers,59,M,East Kelseyland,Mid,146,Platinum
C103973,-22.0,6.0,7033.110000000001,3,"Champions (high-value, engaged)",44,M,Susanstad,High,56,Gold
C103974,9.0,6.0,5266.7,3,"Champions (high-value, engaged)",40,M,Burgessborough,Mid,31,Gold
C103975,150.0,5.0,16122.83,3,"Champions (high-value, engaged)",43,M,West Taylor,Affluent,101,Green
C103976,4.0,1.0,861.85,0,Steady Redeemers,26,F,Coxborough,Mid,59,Green
C103977,272.0,2.0,2072.7599999999998,2,At-Risk / Lapsing,31,F,Jonathantown,Mid,124,Green
C103978,19.0,13.0,5218.97,3,"Champions (high-value, engaged)",34,M,North Dawn,Low,130,Gold
C103979,192.0,2.0,920.3,0,Steady Redeemers,42,F,Fosterfort,Mid,97,Gold
C103980,276.0,3.0,6559.8099999999995,2,At-Risk / Lapsing,33,F,Port Allisonhaven,High,167,Platinum
C103981,71.0,5.0,9264.189999999999,3,"Champions (high-value, engaged)",32,F,Allenchester,High,107,Platinum
C103982,143.0,2.0,1527.22,0,Steady Redeemers,26,M,New Morganmouth,Mid,18,Gold
C103983,11.0,3.0,2981.33,0,Steady Redeemers,38,M,Campbellmouth,Mid,145,Gold
C103984,455.0,1.0,2047.91,2,At-Risk / Lapsing,39,M,Lake Charlesland,High,167,Green
C103985,1.0,4.0,17392.91,3,"Champions (high-value, engaged)",42,M,New Erichaven,Affluent,71,Green
C103986,6.0,7.0,6620.4400000000005,3,"Champions (high-value, engaged)",30,M,New Sandraborough,Low,106,Platinum
C103987,65.0,2.0,2481.3999999999996,0,Steady Redeemers,42,M,Port Gabriellaview,Mid,54,Green
C103988,314.0,5.0,11474.74,3,"Champions (high-value, engaged)",26,M,Hayesberg,Mid,94,Centurion
C103989,-3.0,5.0,17368.04,3,"Champions (high-value, engaged)",35,F,Charlesshire,High,76,Gold
C103990,560.0,0.0,0.0,1,Low-Engagement / New,41,M,Shawnchester,Low,35,Gold
C103991,36.0,2.0,1696.04,0,Steady Redeemers,35,M,South Autumntown,Mid,11,Green
C103992,182.0,6.0,14186.400000000001,3,"Champions (high-value, engaged)",21,M,Smithbury,High,61,Gold
C103993,107.0,2.0,601.25,0,Steady Redeemers,22,M,Ronaldview,Low,44,Gold
C103994,20.0,2.0,845.73,0,Steady Redeemers,40,F,New Emily,Mid,121,Green
C103995,343.0,3.0,3385.2200000000003,2,At-Risk / Lapsing,44,F,Amandaborough,Mid,68,Green
C103996,113.0,3.0,3255.1899999999996,0,Steady Redeemers,41,F,Patriciashire,Mid,25,Green
C103997,127.0,3.0,4188.19,0,Steady Redeemers,44,F,East Kendra,Mid,176,Gold
C103998,-15.0,3.0,2480.06,0,Steady Redeemers,34,F,West Hunter,Mid,160,Green
C103999,46.0,5.0,4564.75,3,"Champions (high-value, engaged)",46,M,New Carolynton,Low,84,Gold
C104000,149.0,5.0,8053.969999999999,3,"Champions (high-value, engaged)",41,F,New Michael,Mid,114,Gold
C104001,9.0,7.0,9602.3,3,"Champions (high-value, engaged)",30,F,West Monicabury,High,132,Green
C104002,21.0,2.0,1896.1599999999999,0,Steady Redeemers,43,F,East Kevin,High,166,Gold
C104003,0.0,8.0,8588.2,3,"Champions (high-value, engaged)",41,M,Ritterbury,Low,175,Green
C104004,560.0,0.0,0.0,1,Low-Engagement / New,56,M,Port Michael,Low,1,Gold
C104005,-8.0,7.0,8773.17,3,"Champions (high-value, engaged)",53,M,South David,Mid,131,Green
C104006,206.0,3.0,1459.07,0,Steady Redeemers,36,F,Johnsonborough,Mid,86,Green
C104007,46.0,5.0,3297.17,3,"Champions (high-value, engaged)",33,F,Williamsmouth,Mid,62,Green
C104008,26.0,1.0,2207.05,0,Steady Redeemers,55,M,Gonzalezfurt,High,64,Platinum
C104009,14.0,4.0,2199.53,3,"Champions (high-value, engaged)",44,F,North Tanyahaven,Low,145,Green
C104010,10.0,2.0,547.45,0,Steady Redeemers,36,M,East Katherineville,Low,126,Green
C104011,5.0,3.0,2167.61,0,Steady Redeemers,21,F,Yangstad,Mid,105,Green
C104012,423.0,1.0,1618.77,2,At-Risk / Lapsing,29,F,Robertborough,High,62,Green
C104013,560.0,0.0,0.0,1,Low-Engagement / New,28,M,Port Williamfort,Low,35,Platinum
C104014,2.0,6.0,4571.34,3,"Champions (high-value, engaged)",36,M,Williammouth,Mid,13,Gold
C104015,126.0,2.0,8841.93,0,Steady Redeemers,44,M,North Normanchester,Mid,163,Platinum
C104016,13.0,2.0,3013.14,0,Steady Redeemers,46,F,Nixonville,High,43,Green
C104017,14.0,4.0,3717.18,3,"Champions (high-value, engaged)",54,M,Michaelport,High,130,Green
C104018,16.0,7.0,11348.12,3,"Champions (high-value, engaged)",48,F,South Sonyaport,Mid,111,Gold
C104019,-13.0,3.0,2219.84,0,Steady Redeemers,23,M,Lake Christopher,Mid,128,Gold
C104020,27.0,4.0,4665.37,3,"Champions (high-value, engaged)",49,F,Liutown,Mid,51,Green
C104021,62.0,5.0,6113.78,3,"Champions (high-value, engaged)",57,M,Jessicamouth,Mid,144,Gold
C104022,71.0,3.0,2195.31,0,Steady Redeemers,56,M,East Melanieburgh,High,146,Platinum
C104023,166.0,2.0,1499.54,0,Steady Redeemers,24,M,East Aprilberg,High,135,Green
C104024,102.0,4.0,10257.06,3,"Champions (high-value, engaged)",35,M,Farmerton,High,45,Gold
C104025,102.0,4.0,4241.17,3,"Champions (high-value, engaged)",48,M,Port Jodi,High,164,Green
C104026,560.0,0.0,0.0,1,Low-Engagement / New,25,F,Nathanchester,Mid,169,Platinum
C104027,7.0,8.0,4626.96,3,"Champions (high-value, engaged)",21,M,South Gerald,Low,42,Gold
C104028,560.0,0.0,0.0,1,Low-Engagement / New,41,F,Lake Lisa,High,135,Green
C104029,228.0,1.0,1053.28,2,At-Risk / Lapsing,30,M,West Natasha,Mid,15,Gold
C104030,283.0,2.0,1166.06,2,At-Risk / Lapsing,21,M,Port Franciscofort,High,60,Centurion
C104031,0.0,3.0,3082.16,0,Steady Redeemers,51,M,West Richard,Mid,40,Gold
C104032,19.0,2.0,771.79,0,Steady Redeemers,39,F,Reginaview,Low,165,Green
C104033,119.0,5.0,13251.189999999999,3,"Champions (high-value, engaged)",32,M,Anthonytown,Affluent,112,Gold
C104034,100.0,1.0,1520.69,0,Steady Redeemers,27,M,Anthonyfort,Low,77,Gold
C104035,-12.0,10.0,27757.63,3,"Champions (high-value, engaged)",39,F,Lake Monicachester,Affluent,105,Green
C104036,214.0,2.0,4881.55,0,Steady Redeemers,43,M,New Nicholashaven,Affluent,107,Green
C104037,560.0,0.0,0.0,1,Low-Engagement / New,41,F,East Craig,High,122,Gold
C104038,17.0,5.0,9242.98,3,"Champions (high-value, engaged)",21,M,Phyllisland,High,80,Gold
C104039,108.0,5.0,3652.49,3,"Champions (high-value, engaged)",43,M,Mcneilville,Mid,125,Green
C104040,115.0,7.0,13333.03,3,"Champions (high-value, engaged)",45,F,Marshallchester,High,172,Platinum
C104041,50.0,4.0,7584.15,3,"Champions (high-value, engaged)",34,M,Taylortown,Mid,134,Gold
C104042,323.0,2.0,960.0799999999999,2,At-Risk / Lapsing,49,M,Thomasview,Mid,32,Green
C104043,254.0,2.0,5277.49,2,At-Risk / Lapsing,28,F,West Diana,Mid,108,Green
C104044,190.0,11.0,11903.38,3,"Champions (high-value, engaged)",52,M,Summerville,Mid,114,Gold
C104045,35.0,7.0,7350.82,3,"Champions (high-value, engaged)",39,F,Vasquezshire,Mid,146,Gold
C104046,278.0,1.0,4260.57,2,At-Risk / Lapsing,32,F,East Jeffrey,Mid,68,Gold
C104047,276.0,2.0,1540.0300000000002,2,At-Risk / Lapsing,34,F,Port Sheri,Mid,127,Green
C104048,214.0,2.0,2017.0900000000001,0,Steady Redeemers,48,M,Lake Christopher,High,135,Gold
C104049,13.0,2.0,1609.51,0,Steady Redeemers,40,F,Lake Richardville,Mid,114,Platinum
C104050,47.0,1.0,4010.0,0,Steady Redeemers,45,M,East John,Affluent,8,Green
C104051,126.0,2.0,2190.67,0,Steady Redeemers,49,M,Markmouth,High,64,Green
C104052,12.0,6.0,7861.0599999999995,3,"Champions (high-value, engaged)",32,F,Kathleenberg,High,135,Platinum
C104053,246.0,1.0,451.42,2,At-Risk / Lapsing,39,M,Robertberg,Mid,41,Green
C104054,190.0,4.0,7055.78,3,"Champions (high-value, engaged)",35,M,Lake Rebeccafurt,High,40,Green
C104055,146.0,5.0,4275.9400000000005,3,"Champions (high-value, engaged)",49,M,Port Jamesburgh,Low,3,Green
C104056,175.0,4.0,7593.21,3,"Champions (high-value, engaged)",33,F,East Cynthiabury,High,145,Green
C104057,18.0,3.0,2363.9,0,Steady Redeemers,38,M,South Marcus,Low,110,Gold
C104058,-6.0,3.0,7917.8099999999995,3,"Champions (high-value, engaged)",63,M,Webbstad,High,114,Green
C104059,51.0,2.0,10821.65,0,Steady Redeemers,52,F,Lake Molly,Affluent,112,Platinum
C104060,9.0,4.0,4712.37,3,"Champions (high-value, engaged)",26,M,Hayesborough,Mid,180,Gold
C104061,104.0,3.0,2449.91,0,Steady Redeemers,47,M,Howellside,Mid,150,Gold
C104062,214.0,2.0,3156.0499999999997,0,Steady Redeemers,45,F,Wilsonview,High,4,Green
C104063,25.0,2.0,1559.56,0,Steady Redeemers,25,M,Matthewburgh,Mid,134,Gold
C104064,120.0,2.0,1502.8600000000001,0,Steady Redeemers,36,M,Matthewfort,High,166,Gold
C104065,47.0,4.0,2326.65,3,"Champions (high-value, engaged)",27,M,Alvaradomouth,Low,26,Platinum
C104066,560.0,0.0,0.0,1,Low-Engagement / New,21,F,Bryanstad,Low,139,Platinum
C104067,94.0,6.0,27182.05,3,"Champions (high-value, engaged)",36,M,Mayside,Affluent,17,Gold
C104068,12.0,3.0,2023.45,0,Steady Redeemers,32,F,North Jeremy,High,92,Gold
C104069,138.0,5.0,12333.8,3,"Champions (high-value, engaged)",25,F,Greerville,High,31,Platinum
C104070,-2.0,2.0,921.35,0,Steady Redeemers,37,M,Davidstad,Mid,163,Gold
C104071,117.0,3.0,5378.26,0,Steady Redeemers,21,F,Shaunside,High,144,Green
C104072,196.0,1.0,678.74,2,At-Risk / Lapsing,38,M,Port Teresaburgh,Mid,107,Green
C104073,-4.0,3.0,2934.54,0,Steady Redeemers,38,M,Wilkinshaven,Mid,146,Platinum
C104074,287.0,3.0,11533.269999999999,2,At-Risk / Lapsing,45,F,East Mary,High,111,Green
C104075,5.0,4.0,3925.22,3,"Champions (high-value, engaged)",21,F,Port Alvin,Mid,101,Platinum
C104076,257.0,4.0,2157.92,0,Steady Redeemers,61,F,Aliciaberg,Mid,112,Green
C104077,416.0,1.0,651.37,2,At-Risk / Lapsing,57,M,Port Amandaside,Mid,62,Gold
C104078,560.0,0.0,0.0,1,Low-Engagement / New,29,F,Lake Stacey,High,112,Gold
C104079,-16.0,3.0,2161.8199999999997,0,Steady Redeemers,54,F,West Erik,Mid,155,Green
C104080,190.0,5.0,12088.51,3,"Champions (high-value, engaged)",47,M,Lake Cynthia,High,163,Gold
C104081,123.0,3.0,1862.1,0,Steady Redeemers,33,F,Port Sarah,Mid,116,Gold
C104082,230.0,3.0,3611.4399999999996,0,Steady Redeemers,31,F,New Sheri,Mid,173,Gold
C104083,560.0,0.0,0.0,1,Low-Engagement / New,32,M,Garrisonview,High,35,Gold
C104084,4.0,2.0,2960.66,0,Steady Redeemers,69,F,South Kennethhaven,Mid,28,Green
C104085,341.0,2.0,820.3,2,At-Risk / Lapsing,52,F,Englishmouth,Low,103,Gold
C104086,234.0,2.0,813.09,2,At-Risk / Lapsing,35,F,Derekport,Low,125,Green
C104087,461.0,1.0,534.25,2,At-Risk / Lapsing,36,M,North Johnside,Mid,102,Green
C104088,117.0,4.0,13221.47,3,"Champions (high-value, engaged)",47,F,Jasonland,High,137,Platinum
C104089,19.0,3.0,3375.7,0,Steady Redeemers,46,F,Port Robertberg,Low,143,Gold
C104090,36.0,4.0,11587.75,3,"Champions (high-value, engaged)",27,M,Carsonbury,High,21,Gold
C104091,140.0,5.0,7538.06,3,"Champions (high-value, engaged)",41,F,Hartmanchester,Mid,52,Gold
C104092,560.0,0.0,0.0,1,Low-Engagement / New,31,F,Vargasbury,Mid,163,Green
C104093,44.0,5.0,25193.29,3,"Champions (high-value, engaged)",39,M,Chadview,Affluent,97,Gold
C104094,137.0,7.0,3908.2799999999997,3,"Champions (high-value, engaged)",37,M,South David,Mid,51,Platinum
C104095,20.0,3.0,1569.81,0,Steady Redeemers,49,F,East Scott,Mid,83,Green
C104096,104.0,2.0,1507.46,0,Steady Redeemers,35,M,Kathleentown,Low,55,Platinum
C104097,-15.0,10.0,9185.94,3,"Champions (high-value, engaged)",39,M,New Larryville,Low,77,Gold
C104098,104.0,2.0,3976.06,0,Steady Redeemers,21,M,Hallmouth,Mid,127,Green
C104099,87.0,3.0,3386.57,0,Steady Redeemers,41,M,Lynnside,Low,172,Gold
C104100,69.0,3.0,2729.2400000000002,0,Steady Redeemers,29,M,Hernandezmouth,Mid,93,Green
C104101,47.0,3.0,1614.93,0,Steady Redeemers,21,F,Stefanieton,Mid,88,Green
C104102,-17.0,9.0,10670.18,3,"Champions (high-value, engaged)",50,F,Masseyview,Mid,80,Platinum
C104103,323.0,3.0,2162.17,2,At-Risk / Lapsing,37,M,Lake Stevenshire,Low,153,Platinum
C104104,302.0,2.0,998.73,2,At-Risk / Lapsing,21,F,Lake Heather,Mid,92,Platinum
C104105,136.0,3.0,5850.45,0,Steady Redeemers,29,F,Blakebury,High,47,Platinum
C104106,331.0,2.0,2631.48,2,At-Risk / Lapsing,38,M,North Whitneystad,Affluent,38,Platinum
C104107,380.0,5.0,2054.41,2,At-Risk / Lapsing,38,F,Port Melissa,Low,139,Platinum
C104108,149.0,3.0,4769.14,0,Steady Redeemers,32,M,Copelandchester,High,15,Green
C104109,48.0,2.0,853.5,0,Steady Redeemers,21,M,Brownville,Mid,1,Gold
C104110,174.0,2.0,5446.95,0,Steady Redeemers,31,M,Meganview,Mid,135,Green
C104111,95.0,4.0,3848.37,3,"Champions (high-value, engaged)",49,M,Daniellemouth,Mid,1,Gold
C104112,2.0,2.0,523.04,0,Steady Redeemers,53,M,Estradaview,Low,49,Platinum
C104113,166.0,4.0,2054.55,3,"Champions (high-value, engaged)",31,M,Christopherville,Low,96,Green
C104114,6.0,3.0,3496.2799999999997,0,Steady Redeemers,58,M,Sanchezfort,Mid,157,Gold
C104115,343.0,2.0,1220.38,2,At-Risk / Lapsing,21,F,New Ryan,Mid,26,Gold
C104116,-6.0,3.0,10078.14,3,"Champions (high-value, engaged)",29,M,Daltonfort,Affluent,87,Green
C104117,-4.0,6.0,7008.99,3,"Champions (high-value, engaged)",47,F,Obrienfurt,Mid,173,Green
C104118,322.0,3.0,2957.3199999999997,2,At-Risk / Lapsing,46,F,New Danielville,Low,93,Gold
C104119,202.0,2.0,1506.42,0,Steady Redeemers,37,F,North Tammybury,High,102,Green
C104120,48.0,5.0,4072.7999999999997,3,"Champions (high-value, engaged)",25,F,Bettychester,Mid,71,Gold
C104121,362.0,3.0,3072.52,2,At-Risk / Lapsing,25,F,Higginston,Mid,140,Gold
C104122,57.0,6.0,9892.75,3,"Champions (high-value, engaged)",30,F,Deborahmouth,High,95,Gold
C104123,7.0,5.0,9365.720000000001,3,"Champions (high-value, engaged)",26,F,Berryhaven,Affluent,160,Green
C104124,298.0,2.0,1827.3600000000001,2,At-Risk / Lapsing,39,M,South Lisachester,High,118,Gold
C104125,99.0,6.0,16208.52,3,"Champions (high-value, engaged)",36,M,East Ashleytown,High,148,Green
C104126,538.0,1.0,764.32,2,At-Risk / Lapsing,25,F,Coreychester,High,119,Platinum
C104127,177.0,3.0,7401.5,0,Steady Redeemers,34,F,Lake Stephenview,Affluent,51,Green
C104128,122.0,2.0,1406.6,0,Steady Redeemers,21,M,Lorettastad,Mid,81,Platinum
C104129,-3.0,1.0,1079.88,0,Steady Redeemers,41,M,Teresabury,Low,36,Gold
C104130,29.0,9.0,13372.99,3,"Champions (high-value, engaged)",45,M,Seanton,Mid,67,Platinum
C104131,281.0,3.0,3662.4400000000005,2,At-Risk / Lapsing,27,M,Stephenview,Mid,129,Green
C104132,188.0,2.0,6641.57,0,Steady Redeemers,29,F,East Angela,High,114,Green
C104133,40.0,4.0,5449.65,3,"Champions (high-value, engaged)",40,M,Joystad,Mid,155,Gold
C104134,170.0,3.0,3118.0,0,Steady Redeemers,39,M,Port Vincent,Mid,111,Green
C104135,90.0,2.0,2314.5,0,Steady Redeemers,46,M,West Michaelside,Low,168,Platinum
C104136,404.0,3.0,11750.69,2,At-Risk / Lapsing,29,M,West Maria,High,142,Green
C104137,280.0,1.0,481.05,2,At-Risk / Lapsing,30,M,Lake Christopherfurt,Mid,100,Centurion
C104138,21.0,7.0,14932.33,3,"Champions (high-value, engaged)",35,F,Christyburgh,High,109,Platinum
C104139,560.0,0.0,0.0,1,Low-Engagement / New,26,F,Harrisfort,Mid,120,Green
C104140,152.0,2.0,2085.77,0,Steady Redeemers,35,F,Matthewmouth,Mid,79,Gold
C104141,315.0,1.0,262.76,2,At-Risk / Lapsing,26,F,Kariburgh,Low,134,Green
C104142,9.0,4.0,2796.3199999999997,3,"Champions (high-value, engaged)",42,F,Allenborough,Low,161,Green
C104143,87.0,2.0,4074.9700000000003,0,Steady Redeemers,27,F,Reginaside,High,19,Green
C104144,103.0,1.0,1583.58,0,Steady Redeemers,40,F,Katherineside,Affluent,127,Platinum
C104145,277.0,1.0,399.48,2,At-Risk / Lapsing,54,F,South Christine,Mid,29,Gold
C104146,155.0,3.0,3186.35,0,Steady Redeemers,42,F,East Clarencefurt,Low,24,Gold
C104147,135.0,3.0,2108.74,0,Steady Redeemers,39,F,Dustinmouth,Mid,151,Green
C104148,250.0,4.0,4067.16,3,"Champions (high-value, engaged)",22,M,Randyfurt,High,10,Gold
C104149,478.0,1.0,4265.92,2,At-Risk / Lapsing,53,M,Port Stephanieport,High,105,Green
C104150,376.0,1.0,236.12,2,At-Risk / Lapsing,50,F,West Yvonnemouth,Low,169,Green
C104151,86.0,3.0,3196.27,0,Steady Redeemers,36,F,East Amyview,Low,177,Green
C104152,166.0,3.0,9376.01,0,Steady Redeemers,33,F,South Jeffreybury,High,145,Gold
C104153,44.0,4.0,8369.59,3,"Champions (high-value, engaged)",29,F,East Scott,Mid,173,Gold
C104154,343.0,1.0,527.72,2,At-Risk / Lapsing,57,F,East Alexander,Mid,158,Green
C104155,258.0,2.0,1814.75,2,At-Risk / Lapsing,46,M,North Meredith,Low,172,Centurion
C104156,40.0,2.0,4153.36,0,Steady Redeemers,29,M,Masseychester,Mid,55,Green
C104157,269.0,3.0,11129.43,2,At-Risk / Lapsing,50,M,South Jacob,High,147,Gold
C104158,20.0,7.0,26058.470000000005,3,"Champions (high-value, engaged)",52,M,Burtonfurt,Affluent,157,Green
C104159,413.0,1.0,3915.38,2,At-Risk / Lapsing,37,F,Jasminestad,Mid,2,Green
C104160,-20.0,8.0,5483.82,3,"Champions (high-value, engaged)",34,M,Ryanstad,Mid,164,Platinum
C104161,79.0,2.0,743.5799999999999,0,Steady Redeemers,27,M,West Amber,Low,147,Platinum
C104162,198.0,3.0,3560.16,0,Steady Redeemers,45,M,Lake Dennisbury,Mid,135,Gold
C104163,14.0,2.0,2347.86,0,Steady Redeemers,33,F,North Tina,Mid,154,Platinum
C104164,38.0,4.0,3458.3,3,"Champions (high-value, engaged)",32,M,Nicholsville,Mid,111,Platinum
C104165,-6.0,2.0,1508.8,0,Steady Redeemers,37,F,Lake Michael,Mid,38,Gold
C104166,173.0,2.0,1340.98,0,Steady Redeemers,29,M,South Joseph,Mid,131,Platinum
C104167,112.0,5.0,4898.27,3,"Champions (high-value, engaged)",54,M,South Christinefort,Low,102,Green
C104168,13.0,4.0,3110.12,3,"Champions (high-value, engaged)",48,F,Brownburgh,Mid,95,Gold
C104169,28.0,6.0,3904.64,3,"Champions (high-value, engaged)",38,F,New Shaneton,Low,92,Platinum
C104170,403.0,1.0,2726.4,2,At-Risk / Lapsing,28,F,Thomasberg,Low,71,Green
C104171,205.0,3.0,4068.67,0,Steady Redeemers,29,F,Lake Michaelview,Affluent,171,Platinum
C104172,116.0,3.0,1733.26,0,Steady Redeemers,28,F,Staceytown,Mid,24,Green
C104173,181.0,2.0,941.75,0,Steady Redeemers,24,F,Jordanberg,Mid,167,Platinum
C104174,17.0,6.0,11001.66,3,"Champions (high-value, engaged)",41,M,Lewismouth,High,68,Green
C104175,133.0,1.0,1522.42,0,Steady Redeemers,30,F,Amandaport,Affluent,128,Green
C104176,126.0,5.0,2962.48,3,"Champions (high-value, engaged)",30,F,Jessehaven,Mid,93,Green
C104177,-3.0,3.0,8900.380000000001,3,"Champions (high-value, engaged)",29,F,Thomasside,High,44,Platinum
C104178,28.0,3.0,4805.63,0,Steady Redeemers,49,F,Michelleton,Mid,133,Green
C104179,-23.0,5.0,8244.16,3,"Champions (high-value, engaged)",29,M,Brianaland,Mid,55,Gold
C104180,560.0,0.0,0.0,1,Low-Engagement / New,51,M,New Robertburgh,Mid,158,Gold
C104181,0.0,8.0,15972.85,3,"Champions (high-value, engaged)",34,F,East Tina,High,29,Green
C104182,36.0,4.0,2957.42,3,"Champions (high-value, engaged)",24,M,Port Howard,High,154,Centurion
C104183,212.0,5.0,4814.71,3,"Champions (high-value, engaged)",43,F,Chandlermouth,Mid,154,Green
C104184,491.0,2.0,1634.76,2,At-Risk / Lapsing,47,F,North Sophiashire,Low,37,Gold
C104185,457.0,1.0,1086.67,2,At-Risk / Lapsing,28,F,Ballardfurt,Mid,115,Gold
C104186,63.0,5.0,5122.19,3,"Champions (high-value, engaged)",38,F,Taylormouth,Low,158,Green
C104187,33.0,5.0,13583.07,3,"Champions (high-value, engaged)",41,M,North Larry,Mid,3,Green
C104188,111.0,3.0,9083.89,0,Steady Redeemers,39,F,Lake Russell,High,122,Gold
C104189,560.0,0.0,0.0,1,Low-Engagement / New,32,M,Victorburgh,High,43,Platinum
C104190,148.0,3.0,2872.16,0,Steady Redeemers,47,M,Richardbury,High,7,Green
C104191,1.0,6.0,4835.5,3,"Champions (high-value, engaged)",35,F,Valerieland,High,125,Green
C104192,80.0,5.0,2894.91,3,"Champions (high-value, engaged)",31,M,Shannonville,Mid,49,Centurion
C104193,11.0,4.0,6796.25,3,"Champions (high-value, engaged)",21,F,Andrewton,High,121,Green
C104194,560.0,0.0,0.0,1,Low-Engagement / New,21,M,Lake Nathanielburgh,Mid,73,Gold
C104195,5.0,1.0,440.97,0,Steady Redeemers,40,F,New Alexandermouth,Low,41,Gold
C104196,167.0,4.0,2769.18,3,"Champions (high-value, engaged)",37,M,Torresshire,Low,106,Green
C104197,192.0,4.0,6107.46,3,"Champions (high-value, engaged)",47,F,Micheleburgh,Mid,77,Gold
C104198,560.0,0.0,0.0,1,Low-Engagement / New,50,F,Lake Christine,Mid,127,Platinum
C104199,46.0,3.0,4225.84,0,Steady Redeemers,35,F,New Jeffery,Mid,91,Gold
C104200,87.0,6.0,13004.65,3,"Champions (high-value, engaged)",48,M,Collinberg,High,155,Gold
C104201,3.0,3.0,1164.6599999999999,0,Steady Redeemers,31,F,Audreymouth,Low,8,Gold
C104202,160.0,4.0,2145.21,3,"Champions (high-value, engaged)",36,M,New Eduardo,Low,32,Gold
C104203,252.0,3.0,10852.759999999998,0,Steady Redeemers,36,F,Johnsonton,Affluent,64,Green
C104204,168.0,2.0,472.36,0,Steady Redeemers,55,F,Port Sarahport,Low,138,Gold
C104205,70.0,1.0,2026.52,0,Steady Redeemers,23,M,West Feliciashire,Mid,13,Green
C104206,2.0,4.0,5102.26,3,"Champions (high-value, engaged)",38,M,North Tyler,Mid,93,Green
C104207,225.0,1.0,738.91,2,At-Risk / Lapsing,30,M,New Samantha,Mid,163,Platinum
C104208,121.0,4.0,3981.67,3,"Champions (high-value, engaged)",34,F,Mcfarlandside,Low,61,Platinum
C104209,97.0,3.0,2764.57,0,Steady Redeemers,34,F,Bowersville,Low,8,Centurion
C104210,92.0,4.0,1706.52,3,"Champions (high-value, engaged)",38,F,West Johnberg,Low,29,Green
C104211,366.0,1.0,4235.57,2,At-Risk / Lapsing,52,F,Port Travis,Mid,95,Platinum
C104212,126.0,2.0,1965.5,0,Steady Redeemers,58,F,Williamston,Mid,41,Gold
C104213,107.0,8.0,12071.41,3,"Champions (high-value, engaged)",45,M,Cochranshire,Mid,158,Centurion
C104214,408.0,2.0,2765.9900000000002,2,At-Risk / Lapsing,27,M,Port Aprilmouth,Mid,149,Platinum
C104215,-13.0,3.0,3226.42,0,Steady Redeemers,36,F,Shermanborough,High,11,Centurion
C104216,50.0,2.0,1115.14,0,Steady Redeemers,40,F,Lukemouth,Low,2,Centurion
C104217,224.0,3.0,4510.83,0,Steady Redeemers,33,F,West Sheryl,Mid,178,Green
C104218,66.0,5.0,15153.8,3,"Champions (high-value, engaged)",34,M,Powellfurt,High,169,Gold
C104219,99.0,2.0,971.76,0,Steady Redeemers,37,M,South Andrewville,Mid,131,Green
C104220,130.0,2.0,958.02,0,Steady Redeemers,46,M,Annafurt,Mid,80,Gold
C104221,19.0,6.0,6548.42,3,"Champions (high-value, engaged)",43,F,Tylerport,Mid,179,Centurion
C104222,487.0,1.0,906.34,2,At-Risk / Lapsing,31,F,New Marieborough,High,87,Green
C104223,414.0,2.0,2458.92,2,At-Risk / Lapsing,44,M,West Patriciashire,High,153,Gold
C104224,136.0,3.0,1919.4299999999998,0,Steady Redeemers,56,F,Lake Lee,Mid,158,Gold
C104225,69.0,3.0,4161.62,0,Steady Redeemers,21,M,New Anthonyport,High,106,Green
C104226,270.0,1.0,2059.24,2,At-Risk / Lapsing,33,F,Lopezside,Mid,139,Green
C104227,255.0,1.0,3370.78,2,At-Risk / Lapsing,32,F,Port Marciachester,Mid,17,Green
C104228,46.0,1.0,645.1,0,Steady Redeemers,38,M,New Nathan,Mid,154,Green
C104229,560.0,0.0,0.0,1,Low-Engagement / New,21,M,East Coreyburgh,Low,23,Gold
C104230,-3.0,2.0,2991.71,0,Steady Redeemers,52,M,Lake Luke,High,180,Gold
C104231,20.0,4.0,3433.24,3,"Champions (high-value, engaged)",38,F,South Jamie,Mid,48,Green
C104232,560.0,0.0,0.0,1,Low-Engagement / New,41,F,North Sandraborough,Mid,20,Centurion
C104233,14.0,5.0,10106.26,3,"Champions (high-value, engaged)",40,M,West Adambury,Affluent,2,Gold
C104234,17.0,3.0,2181.8,0,Steady Redeemers,32,M,Traceyfurt,Low,88,Gold
C104235,300.0,2.0,3968.59,2,At-Risk / Lapsing,45,F,West Samantha,Mid,31,Green
C104236,102.0,6.0,6001.74,3,"Champions (high-value, engaged)",38,F,Williamsberg,Low,155,Gold
C104237,241.0,2.0,1780.0700000000002,2,At-Risk / Lapsing,21,M,New Elizabeth,High,130,Green
C104238,73.0,8.0,20321.64,3,"Champions (high-value, engaged)",36,M,Beckerport,High,78,Gold
C104239,128.0,3.0,3333.17,0,Steady Redeemers,34,F,Lake Jill,Mid,4,Gold
C104240,45.0,5.0,14305.230000000001,3,"Champions (high-value, engaged)",45,M,Roberttown,High,141,Green
C104241,530.0,1.0,349.31,2,At-Risk / Lapsing,67,M,Colonfurt,Mid,163,Platinum
C104242,411.0,2.0,4078.6499999999996,2,At-Risk / Lapsing,42,F,Meganborough,High,128,Gold
C104243,328.0,1.0,650.45,2,At-Risk / Lapsing,61,F,Kingtown,Mid,134,Green
C104244,181.0,5.0,4442.46,3,"Champions (high-value, engaged)",30,F,Williamsmouth,Mid,31,Centurion
C104245,222.0,1.0,1343.87,2,At-Risk / Lapsing,31,M,Lake Hannah,Affluent,138,Gold
C104246,70.0,3.0,3982.88,0,Steady Redeemers,35,M,Lake Dannyburgh,Mid,21,Gold
C104247,110.0,2.0,2053.1400000000003,0,Steady Redeemers,42,M,Jonesside,Low,23,Gold
C104248,263.0,2.0,3830.0599999999995,2,At-Risk / Lapsing,30,F,Garyview,Mid,131,Green
C104249,128.0,2.0,6349.379999999999,0,Steady Redeemers,21,F,Mitchellport,Affluent,160,Centurion
C104250,161.0,4.0,5817.74,3,"Champions (high-value, engaged)",38,F,Melissaview,Mid,148,Gold
C104251,127.0,3.0,1419.19,0,Steady Redeemers,25,F,Port Davidborough,Low,29,Green
C104252,560.0,0.0,0.0,1,Low-Engagement / New,50,F,New Meghanborough,Mid,105,Platinum
C104253,126.0,2.0,1478.23,0,Steady Redeemers,45,M,New Wendy,Mid,52,Gold
C104254,57.0,4.0,1589.97,3,"Champions (high-value, engaged)",29,M,Mendozaville,Low,115,Gold
C104255,183.0,3.0,4113.08,0,Steady Redeemers,43,M,North Marissa,High,174,Platinum
C104256,0.0,7.0,18959.07,3,"Champions (high-value, engaged)",31,M,North Kathryn,Affluent,162,Green
C104257,145.0,4.0,5264.799999999999,3,"Champions (high-value, engaged)",37,M,East Ryanstad,Mid,101,Green
C104258,96.0,2.0,2899.55,0,Steady Redeemers,37,F,Rodgersmouth,Mid,84,Green
C104259,154.0,7.0,7990.25,3,"Champions (high-value, engaged)",34,M,Lake Sarahborough,Mid,61,Platinum
C104260,203.0,2.0,1660.8899999999999,0,Steady Redeemers,47,F,Lake Louis,Low,125,Green
C104261,19.0,7.0,20403.12,3,"Champions (high-value, engaged)",25,F,East Matthewview,High,71,Green
C104262,121.0,2.0,1658.06,0,Steady Redeemers,43,M,West Steven,Mid,70,Green
C104263,395.0,2.0,2736.24,2,At-Risk / Lapsing,41,M,South Normanport,Mid,139,Green
C104264,19.0,2.0,3712.19,0,Steady Redeemers,22,M,East Jackborough,High,108,Gold
C104265,77.0,1.0,556.56,0,Steady Redeemers,29,M,Dianemouth,Mid,21,Centurion
C104266,38.0,3.0,1606.41,0,Steady Redeemers,25,F,Port Scottbury,Mid,131,Green
C104267,143.0,1.0,1783.06,0,Steady Redeemers,33,F,Angelaberg,Low,82,Gold
C104268,35.0,4.0,4631.12,3,"Champions (high-value, engaged)",38,F,Brianland,High,88,Platinum
C104269,114.0,6.0,11058.439999999999,3,"Champions (high-value, engaged)",27,M,Holmestown,Affluent,111,Gold
C104270,147.0,4.0,4015.1000000000004,3,"Champions (high-value, engaged)",48,M,Lake Sarah,Mid,10,Platinum
C104271,282.0,2.0,6503.54,2,At-Risk / Lapsing,49,F,Benjaminville,Affluent,155,Gold
C104272,560.0,0.0,0.0,1,Low-Engagement / New,51,M,North Patrick,Low,12,Green
C104273,225.0,2.0,7134.34,0,Steady Redeemers,21,M,Port Paulshire,Mid,7,Centurion
C104274,146.0,2.0,1572.92,0,Steady Redeemers,59,F,Port Jeffreyton,Mid,145,Gold
C104275,372.0,3.0,3229.47,2,At-Risk / Lapsing,39,M,North Deborahfort,Mid,114,Green
C104276,6.0,5.0,5542.719999999999,3,"Champions (high-value, engaged)",38,F,Campbellfurt,Mid,26,Green
C104277,311.0,1.0,1550.39,2,At-Risk / Lapsing,36,M,Kentbury,Mid,15,Centurion
C104278,62.0,4.0,2244.26,3,"Champions (high-value, engaged)",23,M,Salazarstad,Low,33,Platinum
C104279,85.0,7.0,11597.61,3,"Champions (high-value, engaged)",41,M,Mendozaberg,Mid,62,Gold
C104280,7.0,2.0,1039.34,0,Steady Redeemers,55,F,Herrerastad,Low,47,Platinum
C104281,209.0,2.0,3814.2599999999998,0,Steady Redeemers,39,F,East Justin,High,95,Gold
C104282,-15.0,5.0,3198.29,3,"Champions (high-value, engaged)",25,M,South Yvette,Mid,35,Green
C104283,225.0,3.0,3354.16,0,Steady Redeemers,21,F,West Jody,Low,76,Gold
C104284,62.0,1.0,683.1,0,Steady Redeemers,34,M,Trujilloberg,Mid,123,Gold
C104285,63.0,4.0,7851.98,3,"Champions (high-value, engaged)",29,M,South Robertside,Mid,83,Gold
C104286,331.0,1.0,1000.37,2,At-Risk / Lapsing,45,M,South David,High,25,Green
C104287,83.0,2.0,2339.1,0,Steady Redeemers,53,M,Jaredfurt,Mid,57,Green
C104288,560.0,0.0,0.0,1,Low-Engagement / New,43,F,Stephensonmouth,Mid,32,Platinum
C104289,560.0,0.0,0.0,1,Low-Engagement / New,37,M,Wallacefurt,High,63,Platinum
C104290,245.0,4.0,3610.4300000000003,3,"Champions (high-value, engaged)",36,F,Coxmouth,Mid,12,Gold
C104291,560.0,0.0,0.0,1,Low-Engagement / New,38,F,Andersonhaven,Low,63,Platinum
C104292,160.0,4.0,4123.26,3,"Champions (high-value, engaged)",25,F,East Jay,Mid,77,Gold
C104293,156.0,1.0,1068.54,0,Steady Redeemers,44,F,New James,Affluent,92,Platinum
C104294,202.0,5.0,3478.5699999999997,3,"Champions (high-value, engaged)",26,F,Rachelside,Mid,1,Green
C104295,95.0,5.0,6891.639999999999,3,"Champions (high-value, engaged)",50,M,Brooksport,Mid,179,Green
C104296,58.0,3.0,2237.3500000000004,0,Steady Redeemers,34,F,South Donald,Low,70,Gold
C104297,306.0,3.0,2281.91,2,At-Risk / Lapsing,47,F,New Deniseport,Low,136,Green
C104298,107.0,2.0,3379.5,0,Steady Redeemers,21,F,Williamsborough,Mid,133,Gold
C104299,48.0,2.0,2515.5,0,Steady Redeemers,47,M,Andreaburgh,Mid,86,Platinum
C104300,560.0,0.0,0.0,1,Low-Engagement / New,52,M,Gileschester,Low,39,Gold
C104301,108.0,4.0,18147.760000000002,3,"Champions (high-value, engaged)",23,F,South Andrew,Affluent,23,Platinum
C104302,77.0,4.0,12322.970000000001,3,"Champions (high-value, engaged)",36,M,South Ashley,High,68,Gold
C104303,430.0,1.0,1662.34,2,At-Risk / Lapsing,41,F,West Tonya,Mid,180,Gold
C104304,158.0,2.0,1355.63,0,Steady Redeemers,42,M,Lake Richard,High,4,Gold
C104305,60.0,3.0,904.62,0,Steady Redeemers,34,M,East Robert,Low,126,Green
C104306,274.0,1.0,405.62,2,At-Risk / Lapsing,32,F,Sanchezberg,Mid,175,Green
C104307,88.0,3.0,3853.81,0,Steady Redeemers,40,M,Stewarthaven,Mid,21,Gold
C104308,560.0,0.0,0.0,1,Low-Engagement / New,41,M,Lake Coltonland,High,105,Platinum
C104309,180.0,6.0,18738.63,3,"Champions (high-value, engaged)",31,M,North Alanton,High,66,Gold
C104310,152.0,2.0,1339.5100000000002,0,Steady Redeemers,28,F,Melissamouth,Mid,7,Green
C104311,55.0,3.0,2741.9,0,Steady Redeemers,51,M,Jamesberg,Affluent,49,Green
C104312,325.0,1.0,264.93,2,At-Risk / Lapsing,39,M,West Mary,Low,16,Centurion
C104313,95.0,5.0,8200.57,3,"Champions (high-value, engaged)",21,F,Cindymouth,High,145,Gold
C104314,52.0,7.0,23058.07,3,"Champions (high-value, engaged)",51,M,Alvarezburgh,Affluent,84,Platinum
C104315,37.0,8.0,4139.02,3,"Champions (high-value, engaged)",31,M,Kevinside,Low,87,Gold
C104316,120.0,7.0,8564.359999999999,3,"Champions (high-value, engaged)",38,F,East Frank,High,98,Gold
C104317,123.0,4.0,5209.05,3,"Champions (high-value, engaged)",42,M,New Reneechester,Low,75,Gold
C104318,314.0,1.0,371.77,2,At-Risk / Lapsing,21,M,New Andrea,Mid,34,Green
C104319,157.0,6.0,6980.1,3,"Champions (high-value, engaged)",34,F,Gravesview,Mid,161,Gold
C104320,142.0,3.0,4385.12,0,Steady Redeemers,52,F,North Elizabeth,Mid,26,Gold
C104321,13.0,2.0,4762.68,0,Steady Redeemers,49,M,South Colton,Affluent,66,Gold
C104322,242.0,2.0,2065.77,2,At-Risk / Lapsing,34,F,East Nicolefort,High,125,Platinum
C104323,208.0,4.0,2672.89,3,"Champions (high-value, engaged)",45,M,Woodstown,Mid,63,Green
C104324,529.0,1.0,710.74,2,At-Risk / Lapsing,47,M,Sarahshire,High,87,Gold
C104325,2.0,5.0,17432.760000000002,3,"Champions (high-value, engaged)",46,F,South Patricia,Affluent,41,Green
C104326,354.0,3.0,2951.27,2,At-Risk / Lapsing,25,M,Pottsshire,Low,98,Green
C104327,0.0,4.0,22949.449999999997,3,"Champions (high-value, engaged)",56,F,Nicoleland,Affluent,124,Gold
C104328,92.0,4.0,12709.96,3,"Champions (high-value, engaged)",32,M,Caseyberg,Low,79,Green
C104329,22.0,2.0,6388.17,0,Steady Redeemers,39,M,Ericaberg,High,10,Gold
C104330,313.0,5.0,2648.6400000000003,3,"Champions (high-value, engaged)",34,M,Port Susanborough,Mid,15,Green
C104331,408.0,1.0,424.74,2,At-Risk / Lapsing,40,M,Kellyland,Low,42,Green
C104332,560.0,0.0,0.0,1,Low-Engagement / New,28,F,Carriefort,Mid,93,Green
C104333,269.0,2.0,4849.58,2,At-Risk / Lapsing,35,F,New Patriciachester,Mid,17,Green
C104334,281.0,3.0,3821.7599999999998,2,At-Risk / Lapsing,40,F,West Melissa,Mid,9,Platinum
C104335,65.0,3.0,5921.599999999999,0,Steady Redeemers,51,F,New Juan,Low,114,Gold
C104336,134.0,4.0,2025.3700000000001,3,"Champions (high-value, engaged)",50,F,South Lucasburgh,Mid,36,Platinum
C104337,351.0,4.0,6165.84,2,At-Risk / Lapsing,50,F,Lake Johnport,Affluent,36,Green
C104338,107.0,5.0,2832.35,3,"Champions (high-value, engaged)",47,M,Shanechester,Mid,48,Platinum
C104339,153.0,4.0,13298.56,3,"Champions (high-value, engaged)",58,F,Billymouth,Mid,51,Gold
C104340,141.0,1.0,610.89,0,Steady Redeemers,34,M,West Andreaberg,Mid,97,Green
C104341,63.0,1.0,685.07,0,Steady Redeemers,36,F,Lake Ashleyport,Low,119,Gold
C104342,127.0,1.0,826.99,0,Steady Redeemers,35,F,Gonzalezfort,High,95,Gold
C104343,14.0,2.0,3902.09,0,Steady Redeemers,37,M,Priceview,High,70,Gold
C104344,130.0,3.0,2938.43,0,Steady Redeemers,22,F,Rogershaven,Mid,74,Gold
C104345,251.0,3.0,3487.83,0,Steady Redeemers,40,F,Russellmouth,Mid,80,Gold
C104346,30.0,4.0,3979.9700000000003,3,"Champions (high-value, engaged)",43,M,West Jennifer,High,68,Green
C104347,46.0,4.0,2943.73,3,"Champions (high-value, engaged)",35,F,South Juan,Mid,150,Gold
C104348,42.0,3.0,18265.5,3,"Champions (high-value, engaged)",21,M,South Samanthaland,High,77,Platinum
C104349,173.0,1.0,972.08,0,Steady Redeemers,38,F,Michelleville,Mid,116,Green
C104350,0.0,5.0,12530.27,3,"Champions (high-value, engaged)",23,F,Port Davidville,High,6,Gold
C104351,24.0,9.0,10729.01,3,"Champions (high-value, engaged)",42,M,North Gregory,Mid,154,Gold
C104352,164.0,3.0,2718.06,0,Steady Redeemers,39,M,East Ashleybury,Mid,75,Platinum
C104353,290.0,3.0,4403.43,2,At-Risk / Lapsing,40,M,Port Charlestown,Affluent,88,Gold
C104354,487.0,1.0,1018.61,2,At-Risk / Lapsing,26,M,Mollyland,Mid,3,Green
C104355,482.0,1.0,926.78,2,At-Risk / Lapsing,51,M,New Connie,Mid,52,Gold
C104356,345.0,2.0,1203.74,2,At-Risk / Lapsing,39,F,Welchmouth,Mid,74,Gold
C104357,560.0,0.0,0.0,1,Low-Engagement / New,27,F,New Davidberg,Mid,125,Gold
C104358,191.0,3.0,5048.24,0,Steady Redeemers,44,F,Lake Sara,Mid,65,Gold
C104359,186.0,2.0,957.25,0,Steady Redeemers,39,F,North Jennifer,Low,52,Gold
C104360,234.0,3.0,3480.89,0,Steady Redeemers,58,F,North Ryanbury,Low,76,Platinum
C104361,139.0,5.0,8878.69,3,"Champions (high-value, engaged)",31,F,North Jennifer,Mid,142,Gold
C104362,61.0,9.0,15489.5,3,"Champions (high-value, engaged)",24,F,Floreshaven,High,89,Gold
C104363,121.0,2.0,4564.76,0,Steady Redeemers,41,M,South Lisa,Mid,72,Green
C104364,24.0,4.0,6001.75,3,"Champions (high-value, engaged)",49,M,Jacobsburgh,Mid,68,Green
C104365,59.0,3.0,2226.57,0,Steady Redeemers,63,M,Robertsshire,High,156,Centurion
C104366,73.0,2.0,2029.7,0,Steady Redeemers,75,F,South Jacksontown,Low,138,Gold
C104367,399.0,2.0,974.97,2,At-Risk / Lapsing,21,M,East Terriview,Mid,115,Gold
C104368,153.0,2.0,1315.74,0,Steady Redeemers,36,M,New Barbara,Low,57,Platinum
C104369,211.0,2.0,1372.1799999999998,0,Steady Redeemers,24,M,Lake David,Low,66,Green
C104370,172.0,7.0,5302.14,3,"Champions (high-value, engaged)",35,F,East Jacobmouth,Mid,90,Platinum
C104371,11.0,4.0,2512.23,3,"Champions (high-value, engaged)",65,F,East Ralph,Mid,50,Platinum
C104372,168.0,1.0,459.62,0,Steady Redeemers,28,M,Carolynhaven,Low,14,Platinum
C104373,218.0,3.0,6629.860000000001,0,Steady Redeemers,37,F,Jefferyview,Mid,16,Green
C104374,211.0,2.0,880.1800000000001,0,Steady Redeemers,31,F,Jillhaven,Mid,171,Gold
C104375,-6.0,1.0,3933.97,0,Steady Redeemers,26,F,Lake Pamelaview,Mid,42,Green
C104376,135.0,3.0,3189.86,0,Steady Redeemers,57,M,Karenland,Mid,110,Gold
C104377,120.0,3.0,2685.76,0,Steady Redeemers,21,F,North Troyton,High,22,Gold
C104378,78.0,4.0,2963.4,3,"Champions (high-value, engaged)",37,M,Millermouth,Low,68,Green
C104379,294.0,2.0,2895.0,2,At-Risk / Lapsing,38,F,Lake Emilymouth,Mid,19,Gold
C104380,148.0,3.0,1917.54,0,Steady Redeemers,37,F,Helenland,Low,66,Gold
C104381,30.0,3.0,2992.0699999999997,0,Steady Redeemers,34,F,Jessicamouth,Low,167,Platinum
C104382,122.0,2.0,1604.15,0,Steady Redeemers,55,F,Howardfort,Mid,73,Gold
C104383,-11.0,4.0,5251.95,3,"Champions (high-value, engaged)",21,F,Victorfort,Mid,147,Green
C104384,14.0,4.0,3438.9,3,"Champions (high-value, engaged)",42,M,Amyborough,High,144,Green
C104385,270.0,1.0,464.07,2,At-Risk / Lapsing,43,M,New George,Mid,54,Platinum
C104386,71.0,4.0,7548.28,3,"Champions (high-value, engaged)",41,M,Robertmouth,Affluent,153,Gold
C104387,139.0,2.0,1039.91,0,Steady Redeemers,28,F,Sandrafurt,Low,112,Gold
C104388,255.0,4.0,1985.3899999999999,0,Steady Redeemers,51,F,Meltonmouth,Low,18,Green
C104389,12.0,6.0,3911.15,3,"Champions (high-value, engaged)",50,F,Hernandezfurt,Low,151,Green
C104390,144.0,3.0,8389.94,0,Steady Redeemers,28,F,Herringberg,Low,117,Platinum
C104391,407.0,4.0,2124.13,2,At-Risk / Lapsing,24,M,Patrickberg,Mid,85,Platinum
C104392,431.0,3.0,4889.389999999999,2,At-Risk / Lapsing,22,M,Diazchester,Mid,139,Green
C104393,75.0,2.0,1238.3899999999999,0,Steady Redeemers,40,M,East Brittany,Low,39,Gold
C104394,62.0,1.0,1328.35,0,Steady Redeemers,38,F,East Cody,Affluent,105,Green
C104395,168.0,2.0,1810.1100000000001,0,Steady Redeemers,34,F,Kennedyview,High,68,Centurion
C104396,91.0,5.0,4876.85,3,"Champions (high-value, engaged)",60,F,Jamesfort,Mid,25,Gold
C104397,16.0,3.0,8891.33,3,"Champions (high-value, engaged)",32,M,Mooreside,Low,158,Platinum
C104398,-9.0,6.0,4137.7,3,"Champions (high-value, engaged)",40,M,Jeremyfort,Low,173,Gold
C104399,560.0,0.0,0.0,1,Low-Engagement / New,35,F,Reynoldsburgh,Low,123,Platinum
C104400,277.0,5.0,4269.18,3,"Champions (high-value, engaged)",59,M,Costaton,Low,121,Platinum
C104401,560.0,0.0,0.0,1,Low-Engagement / New,21,M,Suzanneland,Mid,61,Green
C104402,32.0,2.0,977.1300000000001,0,Steady Redeemers,34,M,Janiceport,Mid,100,Centurion
C104403,109.0,4.0,3073.12,3,"Champions (high-value, engaged)",44,F,East April,Mid,51,Platinum
C104404,101.0,2.0,2856.71,0,Steady Redeemers,35,M,Larachester,Affluent,98,Green
C104405,68.0,3.0,3162.0299999999997,0,Steady Redeemers,23,M,Smithport,High,137,Platinum
C104406,454.0,2.0,10363.37,2,At-Risk / Lapsing,39,F,West Crystal,Affluent,2,Gold
C104407,300.0,3.0,1138.83,2,At-Risk / Lapsing,21,M,Carrberg,Low,5,Platinum
C104408,52.0,5.0,3373.2,3,"Champions (high-value, engaged)",45,M,Matthewstad,Mid,180,Green
C104409,3.0,3.0,2954.5,0,Steady Redeemers,33,F,West Annette,Mid,86,Gold
C104410,56.0,9.0,8307.84,3,"Champions (high-value, engaged)",31,F,Brownmouth,Low,133,Green
C104411,39.0,4.0,1878.21,3,"Champions (high-value, engaged)",49,M,Robertborough,Low,68,Platinum
C104412,195.0,2.0,5153.41,0,Steady Redeemers,26,M,Haleymouth,High,9,Centurion
C104413,-15.0,2.0,1304.66,0,Steady Redeemers,21,M,Buchananside,Mid,93,Gold
C104414,190.0,7.0,12018.49,3,"Champions (high-value, engaged)",27,F,Barbaramouth,Mid,150,Gold
C104415,182.0,4.0,5769.33,3,"Champions (high-value, engaged)",60,F,East Tammy,Mid,155,Gold
C104416,560.0,0.0,0.0,1,Low-Engagement / New,26,M,Lake Brittany,Mid,138,Green
C104417,32.0,2.0,1232.99,0,Steady Redeemers,42,M,Port Lori,Low,125,Gold
C104418,341.0,1.0,1062.08,2,At-Risk / Lapsing,47,M,Elliotttown,Mid,61,Gold
C104419,37.0,2.0,5242.450000000001,0,Steady Redeemers,27,M,Williamville,Low,51,Green
C104420,-3.0,6.0,2461.94,3,"Champions (high-value, engaged)",27,M,Christensenmouth,Low,10,Green
C104421,453.0,2.0,4780.99,2,At-Risk / Lapsing,39,F,New Travisview,Affluent,134,Gold
C104422,-13.0,4.0,1518.96,3,"Champions (high-value, engaged)",40,F,South Perryborough,Mid,62,Gold
C104423,150.0,3.0,6573.7300000000005,0,Steady Redeemers,52,M,Jenniferstad,High,113,Platinum
C104424,77.0,7.0,6553.9,3,"Champions (high-value, engaged)",29,F,South Johntown,Mid,133,Green
C104425,489.0,2.0,3088.53,2,At-Risk / Lapsing,33,M,Michaelfort,Mid,122,Green
C104426,184.0,3.0,4155.82,0,Steady Redeemers,69,M,Port Joseph,Mid,123,Gold
C104427,560.0,0.0,0.0,1,Low-Engagement / New,21,F,Toddmouth,Low,63,Gold
C104428,179.0,3.0,4008.29,0,Steady Redeemers,21,M,Port Lisa,Low,111,Gold
C104429,172.0,4.0,4133.88,3,"Champions (high-value, engaged)",22,F,New Cassie,High,89,Gold
C104430,142.0,2.0,7461.48,0,Steady Redeemers,50,F,Jessicaborough,High,51,Gold
C104431,249.0,5.0,5341.48,3,"Champions (high-value, engaged)",33,F,Johnfurt,Mid,178,Gold
C104432,378.0,1.0,656.91,2,At-Risk / Lapsing,33,F,Haynestown,Mid,132,Green
C104433,40.0,6.0,13290.710000000001,3,"Champions (high-value, engaged)",27,M,Joseberg,Affluent,104,Green
C104434,-13.0,4.0,1648.33,3,"Champions (high-value, engaged)",48,F,Anthonychester,Low,123,Green
C104435,55.0,3.0,3493.38,0,Steady Redeemers,22,M,West Stevenberg,Mid,48,Green
C104436,47.0,5.0,6317.04,3,"Champions (high-value, engaged)",31,F,Garrettside,Mid,32,Green
C104437,132.0,2.0,3028.1000000000004,0,Steady Redeemers,27,M,New Sean,High,120,Green
C104438,2.0,7.0,30521.96,3,"Champions (high-value, engaged)",21,F,Danielview,Affluent,179,Centurion
C104439,92.0,8.0,6555.13,3,"Champions (high-value, engaged)",32,F,Hillmouth,Mid,180,Green
C104440,369.0,5.0,9795.07,2,At-Risk / Lapsing,37,F,Frankberg,High,99,Green
C104441,560.0,0.0,0.0,1,Low-Engagement / New,29,F,Stephanieville,High,74,Platinum
C104442,23.0,3.0,5295.03,0,Steady Redeemers,35,F,Port Markfort,Mid,34,Gold
C104443,153.0,3.0,1814.15,0,Steady Redeemers,35,M,Donaldfurt,Mid,164,Gold
C104444,148.0,3.0,2116.95,0,Steady Redeemers,36,F,Lake Ryanmouth,Mid,70,Gold
C104445,229.0,2.0,3713.82,0,Steady Redeemers,26,F,Thompsonton,Affluent,171,Gold
C104446,271.0,4.0,3228.21,3,"Champions (high-value, engaged)",25,F,Marioshire,Low,110,Green
C104447,560.0,0.0,0.0,1,Low-Engagement / New,38,F,New Brianberg,High,16,Green
C104448,15.0,3.0,1385.74,0,Steady Redeemers,21,M,Brownland,Mid,59,Platinum
C104449,125.0,4.0,19752.64,3,"Champions (high-value, engaged)",35,M,East Curtis,High,19,Green
C104450,270.0,7.0,10148.13,3,"Champions (high-value, engaged)",55,F,Lake Jimmy,Mid,95,Green
C104451,447.0,2.0,1205.59,2,At-Risk / Lapsing,37,M,Teresamouth,Mid,113,Gold
C104452,356.0,2.0,1718.24,2,At-Risk / Lapsing,21,F,South Matthewland,High,41,Green
C104453,70.0,4.0,9661.829999999998,3,"Champions (high-value, engaged)",39,F,Moraleston,High,81,Gold
C104454,242.0,4.0,10050.400000000001,3,"Champions (high-value, engaged)",47,M,Mayfurt,High,175,Platinum
C104455,32.0,5.0,5826.77,3,"Champions (high-value, engaged)",29,F,New Mackenzie,Low,103,Platinum
C104456,86.0,1.0,1730.26,0,Steady Redeemers,34,F,South Erik,High,54,Platinum
C104457,67.0,4.0,2891.03,3,"Champions (high-value, engaged)",28,M,Jeremyton,Low,95,Green
C104458,90.0,2.0,3598.0,0,Steady Redeemers,32,F,North Dawnbury,Mid,147,Centurion
C104459,9.0,2.0,2194.12,0,Steady Redeemers,30,M,Williamsbury,Mid,62,Green
C104460,-4.0,6.0,7804.08,3,"Champions (high-value, engaged)",42,F,East Stephanie,Mid,99,Green
C104461,253.0,2.0,709.8900000000001,2,At-Risk / Lapsing,56,M,New Luis,Mid,93,Gold
C104462,560.0,0.0,0.0,1,Low-Engagement / New,38,F,Avilafurt,Affluent,65,Gold
C104463,240.0,2.0,904.1400000000001,2,At-Risk / Lapsing,21,M,New Kathyfort,Low,68,Green
C104464,309.0,1.0,827.73,2,At-Risk / Lapsing,65,F,Lake Jenniferchester,High,28,Gold
C104465,11.0,4.0,3098.07,3,"Champions (high-value, engaged)",44,F,North Jameston,Mid,18,Platinum
C104466,186.0,6.0,2861.93,3,"Champions (high-value, engaged)",46,M,East Brandi,Low,26,Green
C104467,204.0,3.0,1975.1699999999998,0,Steady Redeemers,37,F,West Jacquelineshire,Low,104,Gold
C104468,224.0,2.0,3063.37,0,Steady Redeemers,40,F,Williamburgh,Affluent,147,Green
C104469,201.0,3.0,3299.75,0,Steady Redeemers,34,F,Lewisside,High,55,Gold
C104470,47.0,7.0,13391.1,3,"Champions (high-value, engaged)",47,F,Lake Julieport,Affluent,119,Green
C104471,15.0,5.0,12754.06,3,"Champions (high-value, engaged)",32,F,Angelahaven,Affluent,124,Gold
C104472,110.0,3.0,1822.47,0,Steady Redeemers,43,F,Mooreborough,Mid,134,Green
C104473,295.0,1.0,656.72,2,At-Risk / Lapsing,48,M,Matthewmouth,Mid,129,Platinum
C104474,48.0,2.0,2534.72,0,Steady Redeemers,51,F,Philipport,High,8,Centurion
C104475,560.0,0.0,0.0,1,Low-Engagement / New,49,F,Johnsonhaven,Mid,51,Platinum
C104476,-5.0,3.0,1731.43,0,Steady Redeemers,26,F,Harrisville,Mid,85,Green
C104477,10.0,7.0,6715.4400000000005,3,"Champions (high-value, engaged)",55,M,South Lindaborough,Mid,25,Green
C104478,560.0,0.0,0.0,1,Low-Engagement / New,45,M,Port Ashley,Mid,175,Gold
C104479,560.0,0.0,0.0,1,Low-Engagement / New,41,F,Marissaborough,Mid,83,Gold
C104480,296.0,1.0,300.99,2,At-Risk / Lapsing,42,M,Michaelton,Low,93,Centurion
C104481,103.0,2.0,4292.4,0,Steady Redeemers,36,M,New Pamela,Mid,117,Platinum
C104482,99.0,5.0,4574.77,3,"Champions (high-value, engaged)",32,M,Jaytown,Mid,138,Gold
C104483,134.0,2.0,4778.49,0,Steady Redeemers,33,F,Alexanderburgh,Mid,56,Green
C104484,392.0,1.0,874.41,2,At-Risk / Lapsing,52,F,Jamiefurt,Mid,12,Platinum
C104485,359.0,2.0,1361.77,2,At-Risk / Lapsing,38,F,Stephenfurt,High,161,Green
C104486,33.0,2.0,2208.85,0,Steady Redeemers,41,M,South Timothy,Low,120,Green
C104487,560.0,0.0,0.0,1,Low-Engagement / New,38,M,Laurabury,Mid,71,Platinum
C104488,26.0,6.0,10214.82,3,"Champions (high-value, engaged)",30,F,New Danieltown,High,17,Gold
C104489,322.0,2.0,1642.69,2,At-Risk / Lapsing,21,F,New Brendantown,Mid,122,Green
C104490,86.0,4.0,3355.96,3,"Champions (high-value, engaged)",46,M,Sarahport,Mid,124,Green
C104491,341.0,1.0,978.1,2,At-Risk / Lapsing,45,F,Jamesshire,High,10,Green
C104492,560.0,0.0,0.0,1,Low-Engagement / New,37,M,North Brian,Mid,31,Gold
C104493,285.0,5.0,5429.1900000000005,3,"Champions (high-value, engaged)",26,F,Lake James,High,60,Green
C104494,-14.0,7.0,16959.53,3,"Champions (high-value, engaged)",58,M,Harmonstad,High,70,Platinum
C104495,236.0,2.0,2949.85,2,At-Risk / Lapsing,34,F,West Roberttown,Mid,17,Green
C104496,289.0,1.0,2147.78,2,At-Risk / Lapsing,40,F,Kayleeville,Mid,50,Gold
C104497,-2.0,5.0,6305.29,3,"Champions (high-value, engaged)",30,M,Donaldmouth,Low,37,Green
C104498,383.0,1.0,350.22,2,At-Risk / Lapsing,23,F,North Samantha,Mid,118,Green
C104499,66.0,4.0,7737.86,3,"Champions (high-value, engaged)",44,M,South Gregville,Mid,157,Gold
C104500,477.0,1.0,739.71,2,At-Risk / Lapsing,21,M,Lake Jimmyshire,Mid,160,Gold
C104501,32.0,8.0,22868.64,3,"Champions (high-value, engaged)",40,M,Josephshire,Mid,80,Green
C104502,21.0,8.0,6194.34,3,"Champions (high-value, engaged)",40,F,Brownberg,Mid,11,Gold
C104503,392.0,1.0,1282.32,2,At-Risk / Lapsing,25,M,North Raymond,Low,134,Platinum
C104504,14.0,4.0,2484.44,3,"Champions (high-value, engaged)",23,M,Johnsonfort,Mid,123,Green
C104505,560.0,0.0,0.0,1,Low-Engagement / New,29,M,Rivaschester,Mid,35,Green
C104506,27.0,5.0,7372.71,3,"Champions (high-value, engaged)",31,F,North Barbara,High,33,Gold
C104507,560.0,0.0,0.0,1,Low-Engagement / New,21,M,Lake Bryanview,Low,18,Gold
C104508,33.0,2.0,1506.74,0,Steady Redeemers,25,M,Jenniferborough,Mid,165,Green
C104509,-20.0,6.0,32218.34,3,"Champions (high-value, engaged)",38,M,Andrewview,Affluent,13,Green
C104510,560.0,0.0,0.0,1,Low-Engagement / New,59,M,East Hannah,Low,90,Gold
C104511,311.0,1.0,626.33,2,At-Risk / Lapsing,49,F,Lake Bradleyshire,Mid,110,Centurion
C104512,51.0,5.0,1896.1399999999999,3,"Champions (high-value, engaged)",39,F,Hansenfort,Low,1,Gold
C104513,182.0,2.0,8686.44,0,Steady Redeemers,50,M,Lake Melinda,Mid,63,Green
C104514,78.0,3.0,9427.99,0,Steady Redeemers,50,F,West Michaelstad,Mid,34,Gold
C104515,101.0,2.0,1678.6799999999998,0,Steady Redeemers,34,M,Hooverside,Mid,103,Green
C104516,383.0,2.0,2136.83,2,At-Risk / Lapsing,40,M,West Donna,Mid,10,Green
C104517,248.0,4.0,6636.15,3,"Champions (high-value, engaged)",48,M,Jessicaside,High,128,Gold
C104518,42.0,3.0,1488.97,0,Steady Redeemers,50,F,West Jill,Low,7,Platinum
C104519,-16.0,3.0,3279.16,0,Steady Redeemers,50,F,Richardshire,Low,56,Platinum
C104520,55.0,4.0,5093.1,3,"Champions (high-value, engaged)",26,F,Watsonstad,High,80,Green
C104521,207.0,1.0,985.25,2,At-Risk / Lapsing,50,M,Dylanfort,Mid,165,Platinum
C104522,3.0,3.0,5970.1,0,Steady Redeemers,58,F,Wardchester,High,157,Green
C104523,49.0,4.0,1824.9,3,"Champions (high-value, engaged)",54,F,New Jonberg,Mid,12,Green
C104524,4.0,3.0,3434.6400000000003,0,Steady Redeemers,26,F,Sandymouth,High,145,Platinum
C104525,92.0,3.0,5169.73,0,Steady Redeemers,23,F,Molinaburgh,Mid,48,Platinum
C104526,58.0,5.0,8009.51,3,"Champions (high-value, engaged)",43,M,West Williamberg,High,26,Green
C104527,0.0,5.0,22742.71,3,"Champions (high-value, engaged)",54,F,Amberburgh,Affluent,112,Green
C104528,160.0,2.0,3857.75,0,Steady Redeemers,40,M,Port Laura,Mid,122,Green
C104529,141.0,3.0,3594.1800000000003,0,Steady Redeemers,35,F,Millerchester,Low,12,Gold
C104530,55.0,5.0,5068.77,3,"Champions (high-value, engaged)",37,F,New Amyhaven,Mid,149,Platinum
C104531,437.0,2.0,1662.9099999999999,2,At-Risk / Lapsing,49,M,New Adamside,Low,42,Green
C104532,560.0,0.0,0.0,1,Low-Engagement / New,34,F,Lake Jeremy,Mid,61,Gold
C104533,44.0,8.0,4131.6,3,"Champions (high-value, engaged)",43,M,Tracymouth,Mid,58,Green
C104534,70.0,2.0,2829.06,0,Steady Redeemers,36,M,Amyfurt,Mid,34,Green
C104535,560.0,0.0,0.0,1,Low-Engagement / New,28,F,Robinsonstad,Mid,7,Platinum
C104536,19.0,4.0,2854.43,3,"Champions (high-value, engaged)",27,M,Wattsville,Mid,109,Platinum
C104537,560.0,0.0,0.0,1,Low-Engagement / New,43,M,Lake Dawn,Mid,35,Green
C104538,537.0,1.0,1808.4,2,At-Risk / Lapsing,21,F,Port Heather,Low,15,Green
C104539,219.0,2.0,1758.48,0,Steady Redeemers,43,F,Lake Aaron,Low,25,Green
C104540,390.0,1.0,1647.7,2,At-Risk / Lapsing,36,F,South Drewland,Low,59,Gold
C104541,87.0,5.0,7222.02,3,"Champions (high-value, engaged)",48,F,Johnfurt,Mid,79,Green
C104542,264.0,2.0,3907.7299999999996,2,At-Risk / Lapsing,44,F,Marciaside,Mid,86,Gold
C104543,560.0,0.0,0.0,1,Low-Engagement / New,38,F,Port Jamestown,Mid,134,Green
C104544,373.0,3.0,3601.63,2,At-Risk / Lapsing,26,F,West Davidburgh,Mid,180,Green
C104545,-4.0,6.0,15878.949999999999,3,"Champions (high-value, engaged)",26,M,North Jonville,High,88,Platinum
C104546,239.0,1.0,1300.37,2,At-Risk / Lapsing,30,F,Duffyfurt,Low,149,Green
C104547,303.0,1.0,1269.02,2,At-Risk / Lapsing,47,M,Lake Carlamouth,Mid,71,Platinum
C104548,147.0,7.0,13439.53,3,"Champions (high-value, engaged)",57,M,Brooksport,High,121,Gold
C104549,16.0,1.0,11568.01,0,Steady Redeemers,41,F,Harveyfort,High,93,Platinum
C104550,143.0,7.0,11874.3,3,"Champions (high-value, engaged)",31,F,Lake Traviston,Affluent,96,Green
C104551,560.0,0.0,0.0,1,Low-Engagement / New,32,M,Florestown,Low,32,Gold
C104552,117.0,4.0,4951.37,3,"Champions (high-value, engaged)",33,M,Jackiefurt,Low,53,Green
C104553,150.0,5.0,14447.67,3,"Champions (high-value, engaged)",49,M,South Haleystad,High,59,Centurion
C104554,109.0,3.0,6772.84,0,Steady Redeemers,32,M,Vangfurt,Mid,69,Gold
C104555,112.0,1.0,967.47,0,Steady Redeemers,37,M,South Katherineland,Mid,132,Green
C104556,98.0,1.0,1036.97,0,Steady Redeemers,52,F,Kingland,High,86,Green
C104557,560.0,0.0,0.0,1,Low-Engagement / New,31,M,East Jenniferville,High,18,Platinum
C104558,75.0,4.0,26837.24,3,"Champions (high-value, engaged)",44,M,Jamesmouth,Affluent,81,Platinum
C104559,137.0,1.0,8377.82,0,Steady Redeemers,47,F,New Tracey,Affluent,114,Platinum
C104560,397.0,2.0,2122.29,2,At-Risk / Lapsing,38,F,West Kylemouth,High,24,Platinum
C104561,145.0,1.0,613.78,0,Steady Redeemers,59,M,New Robert,Mid,66,Platinum
C104562,28.0,3.0,4380.97,0,Steady Redeemers,56,M,Lake Davidtown,High,141,Gold
C104563,103.0,6.0,5576.41,3,"Champions (high-value, engaged)",40,M,Jonesburgh,Low,62,Green
C104564,304.0,2.0,2688.21,2,At-Risk / Lapsing,29,F,Hillshire,Mid,54,Green
C104565,207.0,2.0,1409.3600000000001,0,Steady Redeemers,29,M,Solisside,High,143,Gold
C104566,-23.0,7.0,9560.55,3,"Champions (high-value, engaged)",40,F,West Brendahaven,Mid,131,Gold
C104567,156.0,4.0,1939.5700000000002,3,"Champions (high-value, engaged)",26,F,Thompsonmouth,Mid,37,Gold
C104568,125.0,1.0,771.7,0,Steady Redeemers,40,F,Melissaton,Low,37,Green
C104569,106.0,3.0,4894.78,0,Steady Redeemers,56,M,Carolynchester,High,131,Gold
C104570,75.0,5.0,4365.53,3,"Champions (high-value, engaged)",38,F,Lake Ericland,Mid,35,Green
C104571,24.0,3.0,8057.58,3,"Champions (high-value, engaged)",37,M,South Todd,High,180,Gold
C104572,13.0,3.0,8417.369999999999,3,"Champions (high-value, engaged)",47,M,South Kimberlyburgh,Mid,124,Gold
C104573,-22.0,8.0,33527.38,3,"Champions (high-value, engaged)",43,M,Williamsburgh,High,156,Green
C104574,104.0,7.0,14290.27,3,"Champions (high-value, engaged)",25,F,West Michelle,High,18,Platinum
C104575,152.0,2.0,1349.75,0,Steady Redeemers,32,M,Perezmouth,Mid,122,Gold
C104576,-16.0,3.0,5202.57,0,Steady Redeemers,58,F,North Frankberg,Mid,164,Platinum
C104577,141.0,2.0,1039.42,0,Steady Redeemers,41,M,South Tylerchester,Mid,161,Green
C104578,10.0,7.0,15173.34,3,"Champions (high-value, engaged)",26,F,Lake Aliciastad,Affluent,154,Green
C104579,560.0,0.0,0.0,1,Low-Engagement / New,35,M,South Thomasview,Mid,48,Green
C104580,107.0,4.0,5339.780000000001,3,"Champions (high-value, engaged)",21,M,Grantchester,Affluent,168,Green
C104581,560.0,0.0,0.0,1,Low-Engagement / New,21,M,North Christopherstad,Mid,17,Green
C104582,-11.0,3.0,5531.44,0,Steady Redeemers,48,F,Moralesbury,High,168,Green
C104583,1.0,3.0,4275.54,0,Steady Redeemers,37,M,North Andrew,High,135,Platinum
C104584,176.0,2.0,1539.6,0,Steady Redeemers,43,F,New Jacobborough,High,57,Platinum
C104585,324.0,3.0,5647.84,2,At-Risk / Lapsing,50,M,Kellerside,Affluent,8,Platinum
C104586,70.0,4.0,4260.88,3,"Champions (high-value, engaged)",41,F,Angelafort,Mid,128,Centurion
C104587,40.0,3.0,1369.65,0,Steady Redeemers,46,M,Port Dianashire,Low,117,Gold
C104588,172.0,3.0,5904.33,0,Steady Redeemers,40,M,Wilsonton,High,56,Gold
C104589,33.0,6.0,7920.700000000001,3,"Champions (high-value, engaged)",52,F,East Dylan,High,126,Green
C104590,41.0,6.0,7108.07,3,"Champions (high-value, engaged)",57,M,Lake Jacqueline,Mid,159,Green
C104591,12.0,3.0,1728.38,0,Steady Redeemers,40,M,West Briantown,Mid,59,Platinum
C104592,245.0,3.0,3054.03,0,Steady Redeemers,39,M,New Elizabethshire,Mid,58,Platinum
C104593,-27.0,3.0,3278.87,0,Steady Redeemers,41,F,West Nicoleberg,Mid,140,Platinum
C104594,455.0,1.0,2141.68,2,At-Risk / Lapsing,36,M,Samanthafort,Mid,176,Platinum
C104595,288.0,3.0,2797.39,2,At-Risk / Lapsing,33,M,East Elizabeth,Mid,159,Green
C104596,38.0,3.0,3193.33,0,Steady Redeemers,49,F,Mendozaville,High,108,Gold
C104597,560.0,0.0,0.0,1,Low-Engagement / New,33,M,South Angela,Mid,74,Gold
C104598,61.0,4.0,2742.62,3,"Champions (high-value, engaged)",32,F,East Elizabethhaven,Mid,167,Centurion
C104599,80.0,3.0,3594.08,0,Steady Redeemers,47,F,Port Kathleen,Mid,148,Platinum
C104600,27.0,2.0,3115.09,0,Steady Redeemers,48,F,Palmerland,Low,101,Gold
C104601,76.0,10.0,28149.52,3,"Champions (high-value, engaged)",63,M,East Courtney,High,48,Green
C104602,323.0,2.0,15494.39,2,At-Risk / Lapsing,51,F,Francostad,Affluent,71,Green
C104603,36.0,2.0,2717.36,0,Steady Redeemers,47,M,Port Jose,Mid,116,Green
C104604,167.0,3.0,7638.5,0,Steady Redeemers,48,M,Port Ryanmouth,High,122,Platinum
C104605,164.0,1.0,690.88,0,Steady Redeemers,36,M,Johnsonstad,High,78,Green
C104606,516.0,1.0,1827.57,2,At-Risk / Lapsing,44,M,Colebury,High,29,Green
C104607,134.0,3.0,5680.23,0,Steady Redeemers,44,M,South Christina,Low,93,Green
C104608,24.0,3.0,4523.77,0,Steady Redeemers,32,F,Lucasburgh,Affluent,73,Platinum
C104609,23.0,7.0,10573.5,3,"Champions (high-value, engaged)",37,M,New Adriana,Mid,100,Gold
C104610,18.0,5.0,4133.54,3,"Champions (high-value, engaged)",48,M,Mejiachester,Mid,176,Gold
C104611,48.0,3.0,2654.04,0,Steady Redeemers,37,M,South Carlland,Low,74,Green
C104612,29.0,4.0,2616.2200000000003,3,"Champions (high-value, engaged)",44,M,Port Darlene,Mid,95,Green
C104613,156.0,2.0,2762.49,0,Steady Redeemers,47,M,Joshuaview,Low,17,Green
C104614,83.0,4.0,2326.45,3,"Champions (high-value, engaged)",47,M,Santosmouth,Mid,137,Platinum
C104615,20.0,4.0,5624.860000000001,3,"Champions (high-value, engaged)",57,M,Marymouth,Mid,97,Platinum
C104616,251.0,1.0,979.0,2,At-Risk / Lapsing,31,F,Melissafort,High,162,Gold
C104617,9.0,9.0,21583.35,3,"Champions (high-value, engaged)",56,M,Hughesshire,High,173,Green
C104618,137.0,4.0,8503.04,3,"Champions (high-value, engaged)",43,F,South Matthew,Mid,9,Platinum
C104619,105.0,6.0,7661.37,3,"Champions (high-value, engaged)",47,F,Hesterside,High,135,Gold
C104620,83.0,1.0,3004.07,0,Steady Redeemers,45,M,West Crystalview,High,144,Green
C104621,81.0,2.0,1435.4099999999999,0,Steady Redeemers,45,M,Brookebury,High,19,Green
C104622,145.0,2.0,657.21,0,Steady Redeemers,30,F,Saramouth,Low,134,Gold
C104623,560.0,0.0,0.0,1,Low-Engagement / New,46,M,New James,High,114,Gold
C104624,174.0,3.0,3822.77,0,Steady Redeemers,22,F,Jamesmouth,Affluent,139,Centurion
C104625,47.0,4.0,4057.12,3,"Champions (high-value, engaged)",61,M,Ramirezchester,High,125,Platinum
C104626,560.0,0.0,0.0,1,Low-Engagement / New,42,M,Port Chloe,Mid,61,Green
C104627,96.0,3.0,2605.48,0,Steady Redeemers,50,M,Port Kayla,Mid,42,Gold
C104628,236.0,4.0,6051.62,3,"Champions (high-value, engaged)",45,M,Jamesstad,Mid,13,Green
C104629,131.0,2.0,4586.42,0,Steady Redeemers,38,M,Jamesmouth,Mid,140,Gold
C104630,116.0,5.0,6297.42,3,"Champions (high-value, engaged)",32,M,North Jenny,Low,85,Gold
C104631,159.0,4.0,5189.2,3,"Champions (high-value, engaged)",29,M,Danielleborough,Mid,20,Gold
C104632,32.0,8.0,13406.34,3,"Champions (high-value, engaged)",46,F,Isaacfort,High,50,Platinum
C104633,166.0,3.0,3821.75,0,Steady Redeemers,45,M,Johnfort,High,164,Gold
C104634,560.0,0.0,0.0,1,Low-Engagement / New,44,F,Sarahmouth,Low,92,Platinum
C104635,247.0,2.0,3481.41,2,At-Risk / Lapsing,36,M,Dustinland,Affluent,88,Green
C104636,119.0,6.0,9202.4,3,"Champions (high-value, engaged)",42,M,Davidfurt,Mid,69,Green
C104637,47.0,2.0,1531.89,0,Steady Redeemers,33,M,Smithborough,High,37,Gold
C104638,0.0,2.0,3068.66,0,Steady Redeemers,30,F,Sarahmouth,High,140,Centurion
C104639,159.0,4.0,11235.84,3,"Champions (high-value, engaged)",34,M,Williamchester,High,99,Green
C104640,-22.0,5.0,7383.74,3,"Champions (high-value, engaged)",35,M,West Brent,Affluent,125,Green
C104641,167.0,6.0,8162.45,3,"Champions (high-value, engaged)",54,M,Fullerfort,Mid,168,Gold
C104642,93.0,3.0,4058.55,0,Steady Redeemers,22,F,South Samuelmouth,High,54,Gold
C104643,188.0,3.0,2864.46,0,Steady Redeemers,37,F,East Herbertstad,Low,130,Platinum
C104644,13.0,9.0,23207.64,3,"Champions (high-value, engaged)",44,M,North Melanieview,High,178,Gold
C104645,-6.0,3.0,4265.04,0,Steady Redeemers,59,F,New Amandaberg,High,41,Centurion
C104646,201.0,1.0,1327.7,2,At-Risk / Lapsing,31,M,Lake Gloriaborough,High,45,Platinum
C104647,51.0,3.0,4111.1,0,Steady Redeemers,25,M,Lake Ashleytown,Mid,103,Green
C104648,112.0,2.0,7850.93,0,Steady Redeemers,45,F,West Tiffanyview,High,106,Gold
C104649,-16.0,3.0,1574.92,0,Steady Redeemers,39,F,Russellbury,Low,137,Gold
C104650,301.0,3.0,2238.82,2,At-Risk / Lapsing,35,M,New Cassandra,Low,128,Centurion
C104651,-8.0,7.0,5526.74,3,"Champions (high-value, engaged)",42,F,Sarahstad,High,86,Green
C104652,61.0,5.0,3497.96,3,"Champions (high-value, engaged)",47,F,East Andrew,Mid,47,Green
C104653,69.0,3.0,2928.6800000000003,0,Steady Redeemers,46,M,Kathrynburgh,High,5,Green
C104654,13.0,2.0,2111.21,0,Steady Redeemers,41,M,Harristown,Mid,1,Gold
C104655,560.0,0.0,0.0,1,Low-Engagement / New,52,M,North Ashley,Low,44,Green
C104656,156.0,4.0,6263.74,3,"Champions (high-value, engaged)",40,M,Lisaville,High,150,Gold
C104657,156.0,3.0,1110.68,0,Steady Redeemers,38,F,East Meganbury,Mid,38,Platinum
C104658,61.0,3.0,1987.9,0,Steady Redeemers,45,M,South Chelsea,Low,19,Gold
C104659,560.0,0.0,0.0,1,Low-Engagement / New,24,M,East Joshua,High,159,Gold
C104660,143.0,3.0,2473.4900000000002,0,Steady Redeemers,44,F,East Emilychester,Mid,115,Platinum
C104661,94.0,6.0,6156.21,3,"Champions (high-value, engaged)",34,F,Griffinbury,Mid,87,Gold
C104662,236.0,5.0,9477.68,3,"Champions (high-value, engaged)",23,F,Port Christophermouth,Mid,170,Green
C104663,201.0,3.0,2938.1099999999997,0,Steady Redeemers,42,F,Hernandezfurt,High,123,Green
C104664,48.0,2.0,2713.24,0,Steady Redeemers,32,F,Johnsonview,High,82,Gold
C104665,180.0,2.0,11174.7,0,Steady Redeemers,21,F,Lake Travis,High,154,Green
C104666,83.0,5.0,4679.099999999999,3,"Champions (high-value, engaged)",28,M,Marcfort,Low,141,Gold
C104667,560.0,0.0,0.0,1,Low-Engagement / New,56,M,Masseyborough,High,58,Centurion
C104668,-14.0,6.0,5743.99,3,"Champions (high-value, engaged)",31,F,Drewland,High,146,Gold
C104669,35.0,4.0,13209.51,3,"Champions (high-value, engaged)",41,M,Jacksonfurt,High,67,Green
C104670,18.0,5.0,4452.33,3,"Champions (high-value, engaged)",26,M,East Leon,Mid,122,Green
C104671,393.0,3.0,4542.03,2,At-Risk / Lapsing,61,F,Hillport,High,87,Platinum
C104672,-4.0,10.0,13485.71,3,"Champions (high-value, engaged)",38,M,South Caroline,High,131,Platinum
C104673,375.0,2.0,1519.8200000000002,2,At-Risk / Lapsing,30,M,Yushire,Low,55,Gold
C104674,299.0,1.0,554.37,2,At-Risk / Lapsing,47,M,Lake Heidi,Mid,89,Green
C104675,560.0,0.0,0.0,1,Low-Engagement / New,60,M,Marqueztown,High,58,Gold
C104676,355.0,1.0,380.95,2,At-Risk / Lapsing,33,F,Armstrongstad,Low,63,Green
C104677,265.0,3.0,20239.04,0,Steady Redeemers,30,F,Smithchester,Affluent,91,Green
C104678,29.0,3.0,2616.13,0,Steady Redeemers,63,F,Blankenshipland,High,52,Green
C104679,23.0,5.0,3264.12,3,"Champions (high-value, engaged)",36,M,Scottbury,Mid,126,Gold
C104680,140.0,3.0,5204.31,0,Steady Redeemers,35,M,Michaelview,Mid,24,Green
C104681,112.0,5.0,12926.17,3,"Champions (high-value, engaged)",21,F,Moorebury,Mid,72,Green
C104682,166.0,3.0,8177.28,0,Steady Redeemers,37,M,Port Barry,Affluent,9,Green
C104683,166.0,3.0,4061.0899999999997,0,Steady Redeemers,23,M,Diazbury,Mid,110,Gold
C104684,426.0,2.0,12121.8,2,At-Risk / Lapsing,31,F,Lake Ruthland,High,165,Gold
C104685,47.0,4.0,2562.21,3,"Champions (high-value, engaged)",21,F,West Christianview,Mid,94,Green
C104686,58.0,5.0,1572.79,3,"Champions (high-value, engaged)",51,F,Hernandezberg,Low,117,Platinum
C104687,13.0,4.0,2772.8599999999997,3,"Champions (high-value, engaged)",21,M,Ramirezburgh,Low,83,Gold
C104688,265.0,2.0,686.87,2,At-Risk / Lapsing,21,M,South Larry,Mid,80,Green
C104689,-3.0,5.0,10661.6,3,"Champions (high-value, engaged)",28,F,East Monicaton,Affluent,152,Green
C104690,103.0,4.0,3587.5499999999997,3,"Champions (high-value, engaged)",51,M,West Amy,Mid,149,Gold
C104691,560.0,0.0,0.0,1,Low-Engagement / New,33,M,Jacobsonbury,Mid,100,Green
C104692,22.0,2.0,717.8299999999999,0,Steady Redeemers,34,M,Port Susanland,Mid,40,Green
C104693,1.0,3.0,1560.83,0,Steady Redeemers,43,M,Port Craigburgh,Mid,103,Gold
C104694,179.0,3.0,5848.67,0,Steady Redeemers,36,M,Port Stevenstad,Mid,62,Gold
C104695,507.0,1.0,1013.59,2,At-Risk / Lapsing,51,M,East Amanda,High,69,Platinum
C104696,7.0,6.0,5097.94,3,"Champions (high-value, engaged)",35,F,East Kristin,Mid,142,Platinum
C104697,165.0,4.0,3580.12,3,"Champions (high-value, engaged)",35,M,Melissaview,Mid,109,Centurion
C104698,6.0,2.0,824.54,0,Steady Redeemers,62,M,New Williamton,Low,170,Green
C104699,219.0,2.0,2281.85,0,Steady Redeemers,38,F,Taylorton,Affluent,178,Green
C104700,116.0,2.0,870.06,0,Steady Redeemers,40,M,Mooreberg,Mid,4,Centurion
C104701,185.0,2.0,644.2,0,Steady Redeemers,35,F,Port Chelsea,Low,72,Gold
C104702,20.0,7.0,13899.060000000001,3,"Champions (high-value, engaged)",21,M,Audreyview,High,17,Gold
C104703,560.0,0.0,0.0,1,Low-Engagement / New,47,F,Sanchezburgh,Mid,114,Green
C104704,244.0,3.0,3932.69,0,Steady Redeemers,56,M,Lake Johnton,Mid,85,Green
C104705,154.0,2.0,1130.33,0,Steady Redeemers,51,F,South Derekport,Mid,57,Green
C104706,98.0,4.0,7903.290000000001,3,"Champions (high-value, engaged)",31,F,Ricefort,High,107,Gold
C104707,34.0,10.0,9679.08,3,"Champions (high-value, engaged)",36,F,Piercefurt,Low,48,Green
C104708,25.0,4.0,12486.5,3,"Champions (high-value, engaged)",41,F,Haydenhaven,High,172,Gold
C104709,20.0,4.0,4778.41,3,"Champions (high-value, engaged)",41,F,Kristinshire,Mid,173,Gold
C104710,144.0,2.0,797.3900000000001,0,Steady Redeemers,45,F,Waltonhaven,Mid,117,Green
C104711,421.0,2.0,4591.53,2,At-Risk / Lapsing,40,F,Jacksonfort,Mid,161,Green
C104712,214.0,3.0,4498.99,0,Steady Redeemers,34,F,Port Benjamin,Mid,31,Green
C104713,155.0,6.0,13427.07,3,"Champions (high-value, engaged)",39,M,New Virginiaport,High,112,Green
C104714,197.0,2.0,2336.27,0,Steady Redeemers,48,M,New Rebeccafurt,Mid,47,Green
C104715,112.0,6.0,8051.23,3,"Champions (high-value, engaged)",70,M,Evanstown,Mid,134,Green
C104716,56.0,3.0,1953.52,0,Steady Redeemers,32,M,Tonytown,Mid,108,Gold
C104717,220.0,8.0,21678.22,3,"Champions (high-value, engaged)",40,F,South Kimberly,Affluent,72,Gold
C104718,160.0,2.0,3315.98,0,Steady Redeemers,34,M,South Michelle,Mid,71,Green
C104719,37.0,8.0,16994.72,3,"Champions (high-value, engaged)",41,F,Lake Laura,Affluent,162,Gold
C104720,332.0,1.0,653.04,2,At-Risk / Lapsing,48,F,Sancheztown,Mid,108,Platinum
C104721,560.0,0.0,0.0,1,Low-Engagement / New,35,F,South Johnny,Low,53,Gold
C104722,11.0,2.0,2097.57,0,Steady Redeemers,21,F,Owensmouth,Mid,142,Green
C104723,115.0,7.0,5313.19,3,"Champions (high-value, engaged)",49,M,Nicolemouth,Mid,16,Gold
C104724,9.0,3.0,1394.38,0,Steady Redeemers,39,F,South Susan,Mid,171,Gold
C104725,560.0,0.0,0.0,1,Low-Engagement / New,34,M,East Penny,Low,116,Centurion
C104726,81.0,3.0,3903.11,0,Steady Redeemers,31,F,West Nathanielstad,Affluent,73,Centurion
C104727,338.0,1.0,1663.38,2,At-Risk / Lapsing,41,M,Blankenshipchester,High,74,Green
C104728,274.0,3.0,5903.13,2,At-Risk / Lapsing,30,M,New Kellyhaven,High,81,Gold
C104729,321.0,3.0,2856.8599999999997,2,At-Risk / Lapsing,31,F,Williamsfort,Low,12,Platinum
C104730,560.0,0.0,0.0,1,Low-Engagement / New,24,F,West Markport,Low,128,Platinum
C104731,271.0,1.0,553.75,2,At-Risk / Lapsing,30,M,North Victoria,Low,70,Gold
C104732,-4.0,5.0,10232.29,3,"Champions (high-value, engaged)",44,F,Lake Jennifer,High,147,Green
C104733,504.0,2.0,6085.38,2,At-Risk / Lapsing,22,M,Brianhaven,Affluent,41,Green
C104734,27.0,3.0,1652.08,0,Steady Redeemers,50,M,Lake Adriana,Mid,157,Gold
C104735,43.0,1.0,2056.84,0,Steady Redeemers,25,F,South Richardmouth,Low,59,Gold
C104736,149.0,3.0,1726.96,0,Steady Redeemers,39,F,Christyport,Mid,89,Centurion
C104737,125.0,2.0,1433.09,0,Steady Redeemers,43,F,Brenthaven,Mid,24,Platinum
C104738,19.0,4.0,6983.58,3,"Champions (high-value, engaged)",47,F,South Katherinechester,Mid,144,Green
C104739,292.0,2.0,1131.94,2,At-Risk / Lapsing,47,F,Lake Kimberlyshire,Mid,180,Gold
C104740,-8.0,3.0,7471.26,3,"Champions (high-value, engaged)",37,M,East Sarahfurt,High,80,Green
C104741,87.0,2.0,1583.25,0,Steady Redeemers,36,M,Donnamouth,Low,134,Gold
C104742,38.0,4.0,1636.75,3,"Champions (high-value, engaged)",44,M,Douglasborough,Low,165,Gold
C104743,400.0,2.0,3369.78,2,At-Risk / Lapsing,41,F,New Patrickfurt,Affluent,132,Green
C104744,210.0,1.0,1000.28,2,At-Risk / Lapsing,34,M,North Bradley,Mid,92,Green
C104745,60.0,2.0,844.64,0,Steady Redeemers,42,M,East Jamesshire,Low,166,Green
C104746,105.0,1.0,2766.17,0,Steady Redeemers,36,F,South Lauren,Low,169,Green
C104747,504.0,2.0,2180.7799999999997,2,At-Risk / Lapsing,31,M,South Amy,Low,92,Platinum
C104748,7.0,5.0,8928.439999999999,3,"Champions (high-value, engaged)",33,F,Veronicaborough,Mid,81,Green
C104749,36.0,6.0,7944.99,3,"Champions (high-value, engaged)",43,M,North Frankton,High,142,Green
C104750,110.0,1.0,703.17,0,Steady Redeemers,27,F,Jessicaland,Mid,71,Green
C104751,-13.0,9.0,15453.48,3,"Champions (high-value, engaged)",50,M,South Rose,Mid,179,Platinum
C104752,89.0,2.0,3131.84,0,Steady Redeemers,31,M,Lake Trevor,High,65,Green
C104753,17.0,6.0,6622.37,3,"Champions (high-value, engaged)",21,F,Lake Stevemouth,Mid,52,Green
C104754,232.0,5.0,7788.47,3,"Champions (high-value, engaged)",44,F,Melissaview,High,30,Gold
C104755,57.0,2.0,3429.27,0,Steady Redeemers,21,M,Crystalmouth,High,99,Green
C104756,124.0,4.0,4759.91,3,"Champions (high-value, engaged)",26,M,Lake Evelyn,Low,158,Green
C104757,42.0,4.0,4425.8099999999995,3,"Champions (high-value, engaged)",64,M,Lindabury,High,98,Gold
C104758,289.0,1.0,826.96,2,At-Risk / Lapsing,49,M,Port Andrew,Mid,42,Green
C104759,125.0,4.0,4530.71,3,"Champions (high-value, engaged)",48,M,Nelsonhaven,Affluent,139,Platinum
C104760,285.0,6.0,3732.32,3,"Champions (high-value, engaged)",25,F,Victorfurt,Mid,27,Gold
C104761,367.0,3.0,10742.27,2,At-Risk / Lapsing,35,M,New Kevinview,Affluent,152,Gold
C104762,25.0,7.0,8155.54,3,"Champions (high-value, engaged)",51,M,Port Earlbury,High,167,Green
C104763,122.0,4.0,2195.17,3,"Champions (high-value, engaged)",45,M,East Steven,Mid,72,Platinum
C104764,-19.0,4.0,6021.76,3,"Champions (high-value, engaged)",50,M,North Heidi,Mid,18,Gold
C104765,24.0,6.0,23328.12,3,"Champions (high-value, engaged)",57,F,Robertfurt,Affluent,77,Green
C104766,12.0,6.0,10398.1,3,"Champions (high-value, engaged)",45,F,Knightport,High,45,Green
C104767,113.0,3.0,1245.5900000000001,0,Steady Redeemers,24,M,East Franciscofort,Low,115,Gold
C104768,-23.0,6.0,8360.630000000001,3,"Champions (high-value, engaged)",44,M,Port Leeton,High,87,Platinum
C104769,54.0,3.0,3093.42,0,Steady Redeemers,35,M,Sullivanchester,Mid,140,Platinum
C104770,186.0,2.0,1639.4899999999998,0,Steady Redeemers,23,F,South Thomas,Low,177,Gold
C104771,268.0,2.0,1268.13,2,At-Risk / Lapsing,47,F,West Sharonville,Mid,159,Gold
C104772,187.0,4.0,3135.26,3,"Champions (high-value, engaged)",51,F,Joefort,Mid,92,Green
C104773,-12.0,3.0,3650.72,0,Steady Redeemers,36,F,Chapmanfurt,High,22,Gold
C104774,216.0,2.0,2110.2799999999997,0,Steady Redeemers,41,F,Atkinsonport,Mid,172,Centurion
C104775,448.0,1.0,833.65,2,At-Risk / Lapsing,21,F,New Linda,High,92,Gold
C104776,340.0,1.0,360.44,2,At-Risk / Lapsing,50,M,Erikmouth,Low,77,Green
C104777,285.0,4.0,3317.75,2,At-Risk / Lapsing,46,M,Castanedaville,Mid,25,Green
C104778,71.0,6.0,5119.59,3,"Champions (high-value, engaged)",40,M,North Lauratown,Mid,108,Green
C104779,161.0,4.0,7295.339999999999,3,"Champions (high-value, engaged)",24,F,New Roy,Mid,179,Gold
C104780,211.0,1.0,989.5,2,At-Risk / Lapsing,21,M,Port Lindseyberg,Low,135,Platinum
C104781,59.0,3.0,1910.4,0,Steady Redeemers,60,F,North Thomaston,Low,109,Green
C104782,115.0,6.0,4263.13,3,"Champions (high-value, engaged)",27,F,West Tonya,Mid,134,Green
C104783,72.0,4.0,2485.4700000000003,3,"Champions (high-value, engaged)",39,M,Erikastad,Mid,24,Gold
C104784,108.0,1.0,322.05,0,Steady Redeemers,27,F,North Frederickport,Mid,19,Platinum
C104785,43.0,7.0,8819.19,3,"Champions (high-value, engaged)",21,M,Craigshire,Mid,83,Gold
C104786,271.0,3.0,6517.32,2,At-Risk / Lapsing,42,M,North Christinaborough,High,115,Green
C104787,560.0,0.0,0.0,1,Low-Engagement / New,44,F,South Madison,Affluent,9,Green
C104788,288.0,3.0,3196.21,2,At-Risk / Lapsing,21,F,Rodriguezshire,Mid,112,Gold
C104789,171.0,1.0,640.2,0,Steady Redeemers,50,M,Christinahaven,Mid,164,Platinum
C104790,202.0,1.0,1600.52,2,At-Risk / Lapsing,32,M,Port Cheyenneberg,Low,102,Green
C104791,-2.0,4.0,6341.23,3,"Champions (high-value, engaged)",26,M,South Catherineview,Affluent,168,Gold
C104792,123.0,3.0,1875.9299999999998,0,Steady Redeemers,25,M,Lake Kimberly,Low,152,Gold
C104793,37.0,1.0,516.48,0,Steady Redeemers,47,F,South Catherineport,Mid,48,Gold
C104794,44.0,3.0,3245.84,0,Steady Redeemers,21,M,South Melissaburgh,Mid,69,Green
C104795,152.0,2.0,2300.93,0,Steady Redeemers,24,F,Patrickstad,Mid,170,Platinum
C104796,95.0,3.0,1139.71,0,Steady Redeemers,42,F,Kellyfurt,Low,119,Gold
C104797,80.0,5.0,8828.67,3,"Champions (high-value, engaged)",41,M,Romanbury,High,45,Gold
C104798,138.0,1.0,613.25,0,Steady Redeemers,26,M,Elizabethborough,Low,125,Gold
C104799,56.0,7.0,7020.87,3,"Champions (high-value, engaged)",52,F,South Eduardo,Mid,14,Centurion
C104800,220.0,1.0,213.72,2,At-Risk / Lapsing,25,M,North Christopher,Low,157,Gold
C104801,18.0,1.0,339.89,0,Steady Redeemers,35,F,East Danielmouth,Low,134,Gold
C104802,441.0,3.0,6821.8099999999995,2,At-Risk / Lapsing,34,M,East Jennifer,Affluent,135,Green
C104803,147.0,2.0,1166.78,0,Steady Redeemers,34,M,Kayleemouth,Low,37,Green
C104804,12.0,8.0,17042.66,3,"Champions (high-value, engaged)",35,M,Lake Timothy,High,53,Green
C104805,560.0,0.0,0.0,1,Low-Engagement / New,35,M,Martinezside,Mid,18,Centurion
C104806,256.0,2.0,891.52,2,At-Risk / Lapsing,35,F,Sharonborough,Low,38,Platinum
C104807,88.0,4.0,13705.650000000001,3,"Champions (high-value, engaged)",35,F,Douglasstad,Affluent,129,Green
C104808,83.0,3.0,1786.25,0,Steady Redeemers,49,M,South James,Mid,44,Green
C104809,42.0,5.0,3702.1899999999996,3,"Champions (high-value, engaged)",35,M,North Anthonyview,High,47,Green
C104810,238.0,2.0,2121.08,2,At-Risk / Lapsing,45,M,Lopezfort,Low,35,Platinum
C104811,42.0,5.0,11110.33,3,"Champions (high-value, engaged)",39,M,Barrettfurt,High,60,Green
C104812,93.0,3.0,1357.78,0,Steady Redeemers,42,F,Shannonmouth,Low,90,Gold
C104813,391.0,1.0,536.64,2,At-Risk / Lapsing,46,F,Barrettshire,Mid,52,Platinum
C104814,28.0,4.0,8334.33,3,"Champions (high-value, engaged)",25,M,North Misty,High,8,Gold
C104815,98.0,2.0,2135.68,0,Steady Redeemers,44,F,West Robert,Affluent,107,Platinum
C104816,120.0,4.0,11336.07,3,"Champions (high-value, engaged)",35,F,Hutchinsonmouth,Affluent,169,Gold
C104817,68.0,4.0,5444.26,3,"Champions (high-value, engaged)",27,M,North Nicole,High,131,Gold
C104818,89.0,4.0,20833.64,3,"Champions (high-value, engaged)",46,F,New Cassandra,High,142,Gold
C104819,8.0,1.0,593.93,0,Steady Redeemers,33,M,Rebeccaburgh,Low,96,Green
C104820,397.0,2.0,7929.66,2,At-Risk / Lapsing,42,F,Johnsontown,Mid,26,Centurion
C104821,560.0,0.0,0.0,1,Low-Engagement / New,21,M,Jenniferstad,Mid,111,Gold
C104822,-27.0,8.0,7092.43,3,"Champions (high-value, engaged)",45,M,Aaronfort,Mid,123,Green
C104823,307.0,2.0,865.0,2,At-Risk / Lapsing,66,F,East Dylan,Mid,168,Green
C104824,560.0,0.0,0.0,1,Low-Engagement / New,37,F,Alyssahaven,Mid,51,Green
C104825,103.0,5.0,3015.66,3,"Champions (high-value, engaged)",35,F,South Kayla,Low,123,Gold
C104826,253.0,2.0,1661.9099999999999,2,At-Risk / Lapsing,32,M,South Tamarashire,High,5,Green
C104827,55.0,2.0,1289.22,0,Steady Redeemers,44,F,Ambermouth,Low,77,Platinum
C104828,48.0,3.0,5010.52,0,Steady Redeemers,34,M,West Marvinchester,Mid,160,Green
C104829,560.0,0.0,0.0,1,Low-Engagement / New,45,F,South Mariachester,Mid,1,Green
C104830,268.0,1.0,688.61,2,At-Risk / Lapsing,56,F,Sloanshire,High,11,Platinum
C104831,34.0,3.0,7370.92,0,Steady Redeemers,47,M,West Mary,High,8,Gold
C104832,286.0,3.0,3682.38,2,At-Risk / Lapsing,36,M,South Joseph,Mid,153,Platinum
C104833,68.0,5.0,3304.81,3,"Champions (high-value, engaged)",25,F,Port Jeromeshire,Low,168,Gold
C104834,41.0,3.0,2164.17,0,Steady Redeemers,33,F,Ralphtown,Mid,32,Green
C104835,54.0,4.0,2062.37,3,"Champions (high-value, engaged)",36,F,North Jeffrey,Low,28,Gold
C104836,83.0,6.0,5138.15,3,"Champions (high-value, engaged)",23,M,Allentown,Mid,131,Green
C104837,84.0,3.0,2077.98,0,Steady Redeemers,49,F,Williamsland,Mid,128,Green
C104838,238.0,2.0,921.3,2,At-Risk / Lapsing,44,F,Amandaside,Low,62,Green
C104839,82.0,9.0,6856.94,3,"Champions (high-value, engaged)",26,F,Smithport,Mid,27,Gold
C104840,142.0,3.0,14328.34,3,"Champions (high-value, engaged)",21,F,South Vanessaborough,Affluent,45,Green
C104841,-12.0,5.0,6888.49,3,"Champions (high-value, engaged)",45,M,Kimberlybury,Affluent,105,Green
C104842,-1.0,7.0,6792.63,3,"Champions (high-value, engaged)",21,F,Castromouth,Mid,92,Green
C104843,260.0,1.0,346.33,2,At-Risk / Lapsing,38,M,New Diana,Low,25,Green
C104844,18.0,6.0,3542.51,3,"Champions (high-value, engaged)",33,M,Lake Rubenmouth,Low,44,Green
C104845,26.0,8.0,10735.789999999999,3,"Champions (high-value, engaged)",46,M,South Andrew,Mid,174,Green
C104846,180.0,2.0,3068.86,0,Steady Redeemers,46,M,Lake Jessica,Affluent,142,Green
C104847,-5.0,5.0,3892.74,3,"Champions (high-value, engaged)",28,M,Lake Kelly,Low,136,Green
C104848,233.0,1.0,970.69,2,At-Risk / Lapsing,47,M,Robertchester,High,176,Green
C104849,32.0,6.0,4164.42,3,"Champions (high-value, engaged)",34,F,Lake Frank,Low,142,Platinum
C104850,13.0,6.0,24300.97,3,"Champions (high-value, engaged)",38,M,Port Sarahport,Affluent,80,Gold
C104851,235.0,1.0,809.96,2,At-Risk / Lapsing,38,M,North Tonyaville,Mid,82,Gold
C104852,146.0,3.0,8561.42,0,Steady Redeemers,62,F,East Cameronview,High,135,Platinum
C104853,2.0,3.0,5858.76,0,Steady Redeemers,36,M,North Kathy,Mid,88,Green
C104854,-19.0,1.0,686.93,0,Steady Redeemers,21,F,Davidside,Mid,177,Green
C104855,41.0,7.0,4010.02,3,"Champions (high-value, engaged)",30,M,Dixonfort,Low,127,Platinum
C104856,131.0,2.0,8256.9,0,Steady Redeemers,46,F,Kristenstad,Low,55,Gold
C104857,325.0,2.0,3613.18,2,At-Risk / Lapsing,34,M,West Gregoryborough,Affluent,141,Centurion
C104858,295.0,4.0,10999.89,3,"Champions (high-value, engaged)",38,M,Jessicaland,Affluent,56,Platinum
C104859,206.0,3.0,3939.99,0,Steady Redeemers,33,F,East Dustinburgh,High,15,Green
C104860,156.0,2.0,2022.49,0,Steady Redeemers,21,M,South Vickie,Mid,58,Centurion
C104861,368.0,3.0,5158.0,2,At-Risk / Lapsing,29,F,Anthonyfurt,High,163,Platinum
C104862,149.0,7.0,4497.49,3,"Champions (high-value, engaged)",37,F,Garciahaven,Low,88,Green
C104863,42.0,3.0,4615.5,0,Steady Redeemers,21,F,Lewisborough,Mid,97,Centurion
C104864,560.0,0.0,0.0,1,Low-Engagement / New,25,M,Ayalaland,Mid,144,Green
C104865,96.0,3.0,3657.03,0,Steady Redeemers,34,F,Port Diane,Mid,8,Gold
C104866,91.0,3.0,3250.8199999999997,0,Steady Redeemers,34,M,Grantmouth,Mid,173,Green
C104867,72.0,2.0,7497.56,0,Steady Redeemers,42,M,Morrisstad,Low,40,Green
C104868,47.0,2.0,4435.55,0,Steady Redeemers,34,M,North Benjamin,Mid,14,Gold
C104869,262.0,4.0,11498.49,3,"Champions (high-value, engaged)",41,F,North Ashley,High,53,Green
C104870,560.0,0.0,0.0,1,Low-Engagement / New,30,F,Lake Sarahmouth,Mid,127,Gold
C104871,47.0,4.0,1385.38,3,"Champions (high-value, engaged)",40,M,Bradytown,Low,155,Gold
C104872,22.0,6.0,5890.570000000001,3,"Champions (high-value, engaged)",54,F,Michelleland,Low,175,Green
C104873,-11.0,3.0,3730.8500000000004,0,Steady Redeemers,41,F,Port Cody,Mid,80,Green
C104874,120.0,3.0,3779.25,0,Steady Redeemers,35,M,New Derekfort,Mid,115,Gold
C104875,486.0,1.0,833.6,2,At-Risk / Lapsing,27,F,Davidton,Mid,134,Platinum
C104876,191.0,4.0,5045.83,3,"Champions (high-value, engaged)",38,M,Johnside,Mid,55,Gold
C104877,132.0,3.0,7625.82,0,Steady Redeemers,35,F,Carterville,High,44,Gold
C104878,82.0,3.0,4898.44,0,Steady Redeemers,44,F,West Elizabethberg,Mid,18,Gold
C104879,96.0,5.0,10640.73,3,"Champions (high-value, engaged)",21,M,Lisaberg,High,16,Green
C104880,32.0,2.0,2379.6000000000004,0,Steady Redeemers,35,F,Matthewchester,Mid,12,Gold
C104881,72.0,3.0,3385.7,0,Steady Redeemers,42,M,New Michaelfort,Mid,148,Centurion
C104882,114.0,3.0,3852.2,0,Steady Redeemers,39,F,Joannachester,High,45,Gold
C104883,252.0,2.0,835.02,2,At-Risk / Lapsing,34,M,North Tinamouth,Low,93,Gold
C104884,29.0,3.0,2645.29,0,Steady Redeemers,34,F,Lake Christopher,Low,22,Gold
C104885,-6.0,5.0,4997.42,3,"Champions (high-value, engaged)",25,F,New Carrie,High,97,Gold
C104886,64.0,4.0,6969.9400000000005,3,"Champions (high-value, engaged)",42,F,West Danielview,Mid,47,Gold
C104887,-1.0,5.0,9493.76,3,"Champions (high-value, engaged)",42,M,Lucasville,High,29,Gold
C104888,167.0,2.0,836.02,0,Steady Redeemers,22,F,New Jason,Low,45,Gold
C104889,176.0,2.0,3073.52,0,Steady Redeemers,46,M,East Brandonport,High,77,Green
C104890,372.0,3.0,7746.2699999999995,2,At-Risk / Lapsing,30,M,Port Jennifershire,Mid,9,Gold
C104891,118.0,2.0,2061.6800000000003,0,Steady Redeemers,33,M,Rebeccaport,Low,24,Platinum
C104892,-8.0,5.0,7453.91,3,"Champions (high-value, engaged)",58,F,South Karenton,Mid,15,Green
C104893,-14.0,5.0,4557.86,3,"Champions (high-value, engaged)",55,M,Samanthachester,Mid,164,Centurion
C104894,271.0,1.0,533.74,2,At-Risk / Lapsing,22,F,Lake Mathewton,Mid,13,Green
C104895,6.0,2.0,3063.09,0,Steady Redeemers,23,F,North Clinton,Low,91,Green
C104896,-27.0,4.0,3445.46,3,"Champions (high-value, engaged)",26,F,North Patriciaton,Low,172,Gold
C104897,496.0,1.0,1010.97,2,At-Risk / Lapsing,55,M,Pachecofurt,Mid,101,Platinum
C104898,222.0,2.0,1184.1599999999999,0,Steady Redeemers,31,F,West Erikside,Low,71,Gold
C104899,87.0,4.0,14787.2,3,"Champions (high-value, engaged)",21,M,North Matthew,Affluent,122,Green
C104900,77.0,4.0,3182.73,3,"Champions (high-value, engaged)",51,F,Lake Samantha,Low,76,Green
C104901,176.0,2.0,966.1300000000001,0,Steady Redeemers,44,F,Lake Lisafort,Mid,164,Gold
C104902,388.0,1.0,392.66,2,At-Risk / Lapsing,62,F,Lake Jean,Low,116,Green
C104903,-9.0,2.0,1430.46,0,Steady Redeemers,44,F,Lake Susan,Mid,61,Gold
C104904,166.0,2.0,2851.29,0,Steady Redeemers,37,M,South Adam,Affluent,168,Gold
C104905,44.0,1.0,378.49,0,Steady Redeemers,40,M,Barbaraborough,Low,126,Gold
C104906,302.0,3.0,6942.43,2,At-Risk / Lapsing,33,M,Kelleyton,Affluent,155,Green
C104907,560.0,0.0,0.0,1,Low-Engagement / New,52,M,Clarkfurt,Mid,1,Green
C104908,67.0,3.0,2075.26,0,Steady Redeemers,52,F,Port Allison,High,162,Green
C104909,206.0,3.0,2930.28,0,Steady Redeemers,21,M,Derekshire,Mid,68,Green
C104910,279.0,1.0,480.3,2,At-Risk / Lapsing,48,F,Bartlettport,High,88,Gold
C104911,52.0,5.0,2785.99,3,"Champions (high-value, engaged)",26,F,Johnville,Mid,21,Platinum
C104912,144.0,2.0,860.37,0,Steady Redeemers,64,F,Scottfort,Mid,161,Green
C104913,-5.0,3.0,3527.1099999999997,0,Steady Redeemers,54,F,North Richardborough,Low,135,Green
C104914,77.0,3.0,2782.85,0,Steady Redeemers,25,M,Hayleyshire,Low,3,Green
C104915,141.0,4.0,8561.550000000001,3,"Champions (high-value, engaged)",40,M,Port Danielle,Affluent,51,Platinum
C104916,244.0,2.0,4312.31,2,At-Risk / Lapsing,48,F,Lake Johnton,Mid,79,Green
C104917,298.0,1.0,657.61,2,At-Risk / Lapsing,31,M,East Julie,Mid,95,Centurion
C104918,42.0,2.0,2275.03,0,Steady Redeemers,22,M,Lake Ralphborough,High,123,Green
C104919,99.0,5.0,6148.8,3,"Champions (high-value, engaged)",39,F,Susanshire,Mid,6,Green
C104920,103.0,5.0,16925.79,3,"Champions (high-value, engaged)",36,F,Lake Jasonville,Affluent,157,Green
C104921,11.0,5.0,7668.09,3,"Champions (high-value, engaged)",27,F,South Danielborough,High,17,Gold
C104922,-1.0,3.0,1867.52,0,Steady Redeemers,51,M,Thomasville,Mid,117,Gold
C104923,139.0,3.0,20001.739999999998,3,"Champions (high-value, engaged)",23,F,Markchester,High,60,Gold
C104924,155.0,5.0,5128.639999999999,3,"Champions (high-value, engaged)",36,F,Kellerview,Low,150,Green
C104925,384.0,1.0,3607.82,2,At-Risk / Lapsing,40,F,Alvaradoberg,Mid,152,Green
C104926,209.0,2.0,3637.83,0,Steady Redeemers,41,M,South Michael,Mid,125,Green
C104927,276.0,2.0,976.94,2,At-Risk / Lapsing,50,F,South Tracy,Mid,81,Gold
C104928,11.0,4.0,9344.56,3,"Champions (high-value, engaged)",35,F,Samuelview,High,85,Green
C104929,37.0,2.0,4799.53,0,Steady Redeemers,21,F,South Steventon,Affluent,51,Gold
C104930,182.0,2.0,1330.91,0,Steady Redeemers,33,M,Lake Stephenport,Mid,178,Green
C104931,-4.0,6.0,11664.38,3,"Champions (high-value, engaged)",45,F,South Daniel,Mid,139,Green
C104932,86.0,4.0,6535.45,3,"Champions (high-value, engaged)",36,F,Donaldview,Affluent,71,Gold
C104933,153.0,1.0,413.77,0,Steady Redeemers,36,F,South Kayla,Mid,170,Green
C104934,6.0,10.0,20590.7,3,"Champions (high-value, engaged)",43,M,Floydhaven,Mid,39,Gold
C104935,90.0,6.0,7199.07,3,"Champions (high-value, engaged)",45,M,New Shawnport,Mid,69,Green
C104936,-7.0,3.0,7870.360000000001,3,"Champions (high-value, engaged)",21,M,South James,Affluent,48,Green
C104937,4.0,5.0,5174.6,3,"Champions (high-value, engaged)",37,F,Maryfurt,Mid,125,Platinum
C104938,180.0,1.0,1106.57,0,Steady Redeemers,35,F,Ethanbury,High,57,Green
C104939,45.0,4.0,3746.7200000000003,3,"Champions (high-value, engaged)",38,M,Conwaytown,High,21,Gold
C104940,179.0,1.0,872.54,0,Steady Redeemers,21,F,Lake Todd,Mid,82,Platinum
C104941,39.0,3.0,1706.54,0,Steady Redeemers,52,F,New William,Mid,99,Green
C104942,452.0,2.0,8312.22,2,At-Risk / Lapsing,38,M,North Joseph,High,148,Platinum
C104943,452.0,4.0,8608.12,2,At-Risk / Lapsing,42,M,Alexaville,Mid,15,Green
C104944,38.0,6.0,10307.76,3,"Champions (high-value, engaged)",57,M,Michellehaven,High,69,Gold
C104945,-28.0,4.0,6976.08,3,"Champions (high-value, engaged)",42,F,Julietown,Affluent,179,Gold
C104946,197.0,3.0,10558.4,0,Steady Redeemers,21,M,New Susanville,Mid,76,Platinum
C104947,125.0,2.0,2656.74,0,Steady Redeemers,37,F,West Johnny,High,62,Gold
C104948,70.0,2.0,7545.900000000001,0,Steady Redeemers,45,F,Port Susan,High,119,Gold
C104949,15.0,7.0,27501.62,3,"Champions (high-value, engaged)",38,M,Lake Tyler,High,37,Gold
C104950,560.0,0.0,0.0,1,Low-Engagement / New,56,M,East Susanmouth,Mid,134,Green
C104951,219.0,3.0,2349.9799999999996,0,Steady Redeemers,28,F,Bradleytown,Low,26,Gold
C104952,256.0,2.0,2508.85,2,At-Risk / Lapsing,51,M,Leeville,Mid,8,Green
C104953,532.0,1.0,1752.23,2,At-Risk / Lapsing,47,F,Jenniferchester,High,4,Gold
C104954,60.0,2.0,1677.3000000000002,0,Steady Redeemers,38,M,Heatherview,Mid,21,Gold
C104955,118.0,4.0,7132.98,3,"Champions (high-value, engaged)",41,M,Lake Richard,High,159,Platinum
C104956,60.0,1.0,547.51,0,Steady Redeemers,27,F,Codyfort,Mid,149,Gold
C104957,96.0,3.0,3812.55,0,Steady Redeemers,34,F,East Mark,Mid,25,Platinum
C104958,155.0,5.0,2666.2200000000003,3,"Champions (high-value, engaged)",44,M,Michaelbury,Low,143,Green
C104959,33.0,7.0,14867.63,3,"Champions (high-value, engaged)",36,M,Trevorchester,High,163,Green
C104960,560.0,0.0,0.0,1,Low-Engagement / New,38,F,Lake Charlesshire,Mid,177,Gold
C104961,333.0,1.0,464.5,2,At-Risk / Lapsing,48,M,East Robert,Mid,43,Gold
C104962,95.0,3.0,3572.62,0,Steady Redeemers,21,M,East Stuartside,Mid,169,Gold
C104963,-15.0,6.0,12776.23,3,"Champions (high-value, engaged)",42,F,North Erinside,High,37,Gold
C104964,145.0,2.0,1974.87,0,Steady Redeemers,57,F,Higginsbury,Mid,42,Green
C104965,368.0,2.0,1489.28,2,At-Risk / Lapsing,33,F,East Nathan,Mid,175,Gold
C104966,25.0,5.0,18991.78,3,"Champions (high-value, engaged)",24,M,West Alexandershire,Affluent,92,Green
C104967,23.0,2.0,2782.1499999999996,0,Steady Redeemers,33,M,Martinezview,High,61,Green
C104968,27.0,2.0,6366.93,0,Steady Redeemers,21,F,Orozcoland,Affluent,142,Green
C104969,325.0,1.0,1061.73,2,At-Risk / Lapsing,40,F,Sandraville,Mid,68,Gold
C104970,-16.0,2.0,1977.23,0,Steady Redeemers,37,F,Port Johnside,Mid,53,Gold
C104971,71.0,5.0,16605.33,3,"Champions (high-value, engaged)",41,M,North Thomas,High,84,Green
C104972,-3.0,5.0,5914.9,3,"Champions (high-value, engaged)",36,M,Ambertown,Mid,34,Gold
C104973,192.0,6.0,13245.52,3,"Champions (high-value, engaged)",40,F,Montoyaborough,High,76,Green
C104974,369.0,1.0,2091.19,2,At-Risk / Lapsing,42,F,Clayville,Mid,97,Platinum
C104975,30.0,2.0,1590.19,0,Steady Redeemers,24,M,New Brandishire,Mid,152,Gold
C104976,128.0,7.0,6555.26,3,"Champions (high-value, engaged)",41,M,Aaronstad,Low,148,Green
C104977,175.0,5.0,4900.96,3,"Champions (high-value, engaged)",53,F,Karenside,Mid,30,Centurion
C104978,12.0,4.0,2273.0299999999997,3,"Champions (high-value, engaged)",27,F,North Joanne,Low,88,Green
C104979,117.0,2.0,698.05,0,Steady Redeemers,41,M,Lake Joshuaburgh,Low,7,Gold
C104980,164.0,2.0,5822.51,0,Steady Redeemers,52,M,East Joan,Affluent,36,Gold
C104981,82.0,1.0,2069.72,0,Steady Redeemers,25,M,East Margaret,Mid,38,Green
C104982,230.0,5.0,13951.42,3,"Champions (high-value, engaged)",46,M,East Kenneth,High,52,Gold
C104983,94.0,3.0,2954.4700000000003,0,Steady Redeemers,35,M,Lake Shannonberg,High,143,Green
C104984,69.0,6.0,6340.33,3,"Champions (high-value, engaged)",49,M,North Jessicaborough,Mid,174,Platinum
C104985,132.0,5.0,2159.94,3,"Champions (high-value, engaged)",28,F,Courtneyport,Low,151,Green
C104986,267.0,1.0,6119.95,2,At-Risk / Lapsing,37,F,Mooreland,High,140,Green
C104987,406.0,1.0,641.52,2,At-Risk / Lapsing,21,F,South Nicholas,Mid,172,Gold
C104988,138.0,2.0,6743.63,0,Steady Redeemers,42,F,West Austin,High,143,Green
C104989,17.0,7.0,10677.09,3,"Champions (high-value, engaged)",42,M,Lake Megan,High,93,Gold
C104990,206.0,2.0,3793.91,0,Steady Redeemers,43,M,Rodriguezburgh,Affluent,107,Platinum
C104991,92.0,3.0,2021.92,0,Steady Redeemers,43,F,North Eric,Mid,126,Gold
C104992,187.0,3.0,3334.98,0,Steady Redeemers,36,F,South Jermaineburgh,Mid,49,Green
C104993,36.0,5.0,6421.21,3,"Champions (high-value, engaged)",21,M,Jenniferside,Mid,21,Gold
C104994,109.0,2.0,1126.58,0,Steady Redeemers,48,M,Oliviaburgh,Low,15,Platinum
C104995,63.0,3.0,8626.46,0,Steady Redeemers,37,F,South Roger,High,14,Green
C104996,294.0,2.0,572.26,2,At-Risk / Lapsing,42,M,Ramirezview,Low,42,Gold
C104997,82.0,2.0,1676.46,0,Steady Redeemers,35,M,Lake Lauren,Mid,15,Green
C104998,469.0,2.0,9585.78,2,At-Risk / Lapsing,59,F,East Richardfurt,High,63,Platinum
C104999,121.0,2.0,1736.1100000000001,0,Steady Redeemers,31,F,Hoshire,Mid,27,Gold
