customer_id,age,gender,city,income_bracket,tenure_months,card_type
C100000,46,M,North Judithbury,Mid,51,Green
C100001,24,M,East Jill,Affluent,71,Gold
C100002,43,M,New Roberttown,High,48,Gold
C100003,37,M,East Jessetown,Mid,19,Gold
C100004,49,M,Lake Debra,Low,6,Platinum
C100005,45,F,Robinsonshire,Low,84,Gold
C100006,33,F,Lisatown,Low,155,Gold
C100007,35,M,Lake Roberto,High,53,Platinum
C100008,21,F,Ericmouth,Mid,107,Gold
C100009,36,F,North Noahstad,High,101,Gold
C100010,24,M,Cassandraton,Low,48,Green
C100011,35,M,Herrerafurt,Affluent,135,Green
C100012,30,F,New Kellystad,High,69,Gold
C100013,28,M,Lake Chad,Mid,11,Platinum
C100014,51,F,Port Keith,Low,143,Green
C100015,23,M,Port Jesseville,Low,131,Green
C100016,27,F,Ramirezstad,Mid,122,Gold
C100017,30,F,West Michael,Mid,69,Green
C100018,32,F,Jacquelineland,Mid,23,Gold
C100019,28,F,New Jessica,Mid,37,Gold
C100020,34,F,South Noah,Mid,9,Green
C100021,41,M,Lake Mark,Low,15,Platinum
C100022,45,F,East Lydiamouth,Mid,131,Gold
C100023,44,F,Adamsborough,Mid,93,Gold
C100024,21,F,Jasonfort,Mid,17,Green
C100025,42,M,Wilkersonmouth,High,154,Gold
C100026,42,M,West Donald,Low,149,Platinum
C100027,30,F,Juliechester,Mid,72,Green
C100028,56,F,Coxberg,Mid,149,Green
C100029,49,M,Daviston,Low,121,Green
C100030,35,M,East Courtneychester,Mid,11,Green
C100031,31,F,South Patrickmouth,Low,166,Green
C100032,56,M,Tashatown,Low,72,Green
C100033,37,M,Lake Nicoleview,Affluent,106,Platinum
C100034,38,F,Danielchester,Affluent,125,Gold
C100035,38,F,South Aaron,High,35,Green
C100036,63,M,Teresaburgh,Mid,119,Platinum
C100037,35,F,Port Colleenhaven,Low,14,Green
C100038,37,F,East Nathaniel,High,14,Gold
C100039,28,F,New Stephanie,Mid,10,Green
C100040,33,M,New Mariotown,Low,140,Green
C100041,26,M,West Natashaport,Mid,38,Platinum
C100042,29,M,North John,Low,108,Green
C100043,21,M,North Jessicaland,Affluent,119,Platinum
C100044,47,M,East Donna,Mid,34,Gold
C100045,39,M,West Allison,High,169,Green
C100046,40,M,Brandtside,Mid,10,Gold
C100047,37,M,Lake Larry,Mid,122,Gold
C100048,38,M,Samuelhaven,Mid,145,Green
C100049,55,M,Martinezbury,Low,145,Green
C100050,29,F,West Andrewside,Affluent,115,Green
C100051,41,M,New Jeffrey,High,1,Platinum
C100052,41,M,Lake Crystalbury,Affluent,12,Gold
C100053,50,M,North Micheleland,High,103,Green
C100054,42,F,West Elizabeth,Mid,4,Platinum
C100055,43,M,New David,Affluent,170,Green
C100056,24,F,Sanchezfort,Low,141,Green
C100057,29,F,Leeville,Low,98,Green
C100058,25,M,Gomezchester,Low,106,Gold
C100059,21,M,Shieldston,Mid,85,Green
C100060,42,F,North Richardmouth,Mid,121,Gold
C100061,35,M,East Jamesside,Mid,132,Platinum
C100062,42,M,Taylorburgh,High,82,Green
C100063,38,M,Stevenland,Mid,19,Green
C100064,40,F,Mortonside,Mid,130,Green
C100065,52,M,North Deniseside,Mid,12,Gold
C100066,38,M,North Sarabury,Low,81,Platinum
C100067,45,M,South Todd,High,74,Green
C100068,34,F,Port Richard,Low,98,Green
C100069,47,F,East Nicholasfurt,Affluent,6,Green
C100070,24,M,Saramouth,High,136,Green
C100071,21,F,Rodneyside,Low,125,Gold
C100072,61,M,Mooreport,Low,51,Green
C100073,58,F,North Beth,High,11,Green
C100074,21,M,Lake Leeton,High,127,Gold
C100075,37,F,Shawhaven,High,140,Green
C100076,39,F,North Susan,High,73,Gold
C100077,45,F,Port Jacobland,Low,2,Green
C100078,57,M,South David,Mid,8,Platinum
C100079,26,F,New Brooke,Low,139,Green
C100080,26,F,South Dianeshire,High,124,Platinum
C100081,37,F,Sarahborough,Mid,53,Green
C100082,27,M,Johnfurt,Mid,10,Platinum
C100083,21,F,Lake Debbie,Low,112,Green
C100084,35,M,Stewartland,Mid,8,Gold
C100085,47,M,South Christineshire,Mid,36,Green
C100086,37,M,North Amandahaven,High,106,Gold
C100087,44,M,Davidstad,Mid,14,Gold
C100088,43,M,East Mikeburgh,High,86,Gold
C100089,26,M,Bassport,Mid,149,Gold
C100090,38,M,Lake Lisaport,Low,50,Green
C100091,21,F,East Josephville,High,167,Green
C100092,32,M,West Juan,High,20,Gold
C100093,38,F,Lake Matthew,Mid,87,Green
C100094,37,F,Williamview,High,135,Green
C100095,23,F,North Cynthiaview,Mid,137,Green
C100096,26,M,North Matthewberg,Mid,129,Green
C100097,41,M,Evanmouth,Mid,154,Gold
C100098,47,F,Hoffmanville,Low,166,Gold
C100099,35,F,Lake Rebeccaside,Low,38,Platinum
C100100,35,F,Port Mikeside,Low,44,Green
C100101,48,F,South David,Mid,86,Platinum
C100102,29,F,Michaelton,Mid,44,Gold
C100103,56,M,Jasonbury,Mid,74,Platinum
C100104,23,F,West Kimberlychester,Affluent,119,Platinum
C100105,49,F,East Michelle,Mid,122,Gold
C100106,43,M,South Angel,Mid,134,Green
C100107,64,F,Kimberlychester,High,145,Green
C100108,25,F,West Erik,Mid,51,Green
C100109,21,F,South Monicafort,Low,38,Centurion
C100110,51,F,East Lisa,Mid,152,Centurion
C100111,21,M,Baileybury,Low,51,Gold
C100112,44,F,North Donna,Affluent,10,Platinum
C100113,51,F,Murphyland,High,120,Platinum
C100114,42,F,Michaelhaven,Mid,149,Gold
C100115,40,M,Frazierside,High,70,Gold
C100116,42,M,Sheilaville,High,85,Gold
C100117,47,F,Gregoryview,Low,57,Gold
C100118,44,M,North Candacestad,High,126,Green
C100119,24,F,Samuelhaven,Mid,39,Gold
C100120,58,M,South Rachelborough,High,33,Gold
C100121,38,F,Bradleychester,High,18,Gold
C100122,43,M,New Saraside,Mid,57,Platinum
C100123,45,F,West Ryan,Low,96,Green
C100124,50,F,Cindyville,Mid,48,Green
C100125,49,M,Williamchester,Mid,42,Platinum
C100126,39,F,Richardport,High,27,Gold
C100127,38,M,East Robert,High,74,Green
C100128,42,F,Byrdburgh,Low,110,Gold
C100129,50,M,Richardtown,Mid,180,Gold
C100130,25,M,Justinchester,Mid,170,Platinum
C100131,45,M,Stevenmouth,Mid,32,Gold
C100132,28,F,New Thomas,Low,26,Green
C100133,58,M,Lake Christopher,Mid,25,Gold
C100134,42,M,Clarencebury,Affluent,75,Platinum
C100135,33,F,Jeffreyborough,Mid,23,Gold
C100136,42,M,North Brandon,Mid,57,Platinum
C100137,38,F,Carrland,High,180,Green
C100138,36,F,Perryshire,Mid,126,Platinum
C100139,21,M,Lake Heather,Affluent,87,Platinum
C100140,26,M,Rossberg,Affluent,31,Gold
C100141,36,F,Port Michelleville,Mid,64,Green
C100142,21,M,Robinsonhaven,Mid,33,Platinum
C100143,31,M,Williamsbury,Mid,2,Gold
C100144,32,F,South Dennismouth,Mid,18,Platinum
C100145,29,F,Stephaniemouth,Low,175,Green
C100146,46,M,Rivasside,Mid,161,Green
C100147,28,F,Merrittfort,Mid,84,Green
C100148,38,F,Greenbury,Low,35,Gold
C100149,34,F,Katiehaven,Mid,179,Gold
C100150,36,F,Simsview,Affluent,114,Gold
C100151,55,F,Jonesport,Mid,146,Gold
C100152,39,M,West Matthew,Low,110,Platinum
C100153,42,M,East Edwardfurt,Mid,88,Green
C100154,29,M,Lake Jason,Affluent,72,Green
C100155,44,M,Russellside,Mid,125,Platinum
C100156,44,M,Perryborough,High,30,Gold
C100157,43,M,Priceshire,High,172,Gold
C100158,24,F,Port Nicoleshire,Mid,53,Gold
C100159,31,M,Woodsstad,High,138,Gold
C100160,53,F,Karenchester,Mid,87,Green
C100161,30,M,South Jeffrey,Mid,180,Gold
C100162,55,F,Tuckerfurt,Mid,177,Centurion
C100163,31,F,Elizabethfurt,Mid,139,Gold
C100164,39,F,Port Tanner,Low,164,Green
C100165,35,F,New Amanda,High,161,Platinum
C100166,28,F,Vargastown,Mid,175,Green
C100167,28,M,Lake Roymouth,Low,13,Green
C100168,30,M,North Jorge,Low,40,Platinum
C100169,39,F,Jasonmouth,Mid,89,Green
C100170,47,M,Kathleenfurt,High,68,Platinum
C100171,38,M,Karenchester,Low,42,Gold
C100172,37,M,Maryfort,Mid,147,Gold
C100173,51,M,Lake Amberstad,Mid,94,Gold
C100174,38,M,Lake Casey,Mid,19,Green
C100175,32,M,Port Anthonybury,Low,23,Gold
C100176,27,M,Port Andrew,High,54,Centurion
C100177,51,M,East David,Mid,65,Platinum
C100178,34,M,New Staciemouth,Affluent,140,Gold
C100179,31,F,Katieburgh,Low,24,Centurion
C100180,30,M,Port Loriport,Mid,34,Green
C100181,51,F,New Anthonyport,Low,53,Green
C100182,31,M,Sandersborough,Affluent,136,Green
C100183,48,F,New Hannahbury,High,18,Gold
C100184,35,M,Lake Kendraville,Mid,57,Platinum
C100185,24,F,West Amandastad,High,112,Gold
C100186,34,M,New Deborahtown,High,5,Platinum
C100187,37,F,Shortville,Mid,154,Gold
C100188,36,M,Yumouth,Mid,158,Green
C100189,36,F,South Gregory,Mid,13,Green
C100190,34,M,Christinaside,Low,83,Platinum
C100191,29,F,Marshallshire,High,29,Green
C100192,38,F,Marcusbury,Affluent,3,Gold
C100193,43,F,West Nicolebury,Mid,90,Green
C100194,21,F,Hudsonfurt,Mid,104,Green
C100195,52,M,Anthonymouth,Mid,123,Gold
C100196,21,M,South Jason,High,76,Green
C100197,38,F,Matthewview,High,130,Platinum
C100198,43,M,New Stacyland,High,108,Gold
C100199,31,F,Lake Richard,High,156,Gold
C100200,21,M,Lake Thomas,Mid,82,Gold
C100201,36,F,Westtown,Low,77,Gold
C100202,39,F,West Jeffreybury,Low,2,Platinum
C100203,25,M,Elizabethstad,High,127,Green
C100204,28,F,Transtad,Mid,135,Green
C100205,48,M,Barajasside,Low,26,Green
C100206,39,M,Michaelmouth,Low,88,Platinum
C100207,21,F,Kristopherbury,High,16,Centurion
C100208,42,M,Lake Jamesville,Low,151,Green
C100209,27,F,East Javier,Low,168,Gold
C100210,29,M,Hillshire,Mid,73,Green
C100211,40,F,Tinaborough,High,32,Green
C100212,39,M,Jeremyburgh,High,15,Gold
C100213,33,M,Alexisside,Mid,141,Green
C100214,32,M,West Brandon,High,5,Gold
C100215,35,M,New Kellyberg,Mid,74,Gold
C100216,29,F,Garciatown,Mid,52,Platinum
C100217,49,M,Taylormouth,High,77,Gold
C100218,21,F,Jackton,Mid,169,Gold
C100219,35,M,Shelleyfort,High,110,Gold
C100220,21,M,Port Cameronfort,High,178,Green
C100221,48,M,New Crystalton,Mid,143,Gold
C100222,35,M,East Lisa,Low,106,Green
C100223,26,M,Christopherbury,Mid,127,Green
C100224,45,M,New Kathybury,Mid,7,Gold
C100225,21,F,Hayesmouth,Mid,40,Platinum
C100226,41,M,Michellechester,Affluent,156,Green
C100227,50,M,Ashleyton,Mid,160,Green
C100228,39,M,Port Jaredborough,High,99,Green
C100229,32,F,Donnaburgh,Mid,143,Green
C100230,24,M,East Andrea,High,85,Gold
C100231,49,F,North Ricky,Mid,65,Green
C100232,48,M,Carterbury,Mid,132,Platinum
C100233,30,M,Jasminemouth,Mid,11,Platinum
C100234,31,M,Lake Jesusview,Low,108,Gold
C100235,51,M,South Danny,High,26,Gold
C100236,43,F,Lake Edward,Mid,165,Green
C100237,21,M,Margaretland,Low,151,Green
C100238,35,M,East Laurashire,Mid,85,Gold
C100239,35,M,Scottmouth,Low,168,Green
C100240,40,M,Hollyview,Affluent,151,Gold
C100241,38,F,Kimton,Affluent,123,Green
C100242,32,F,Navarroview,Affluent,144,Green
C100243,39,M,North Jeremyshire,Mid,68,Green
C100244,33,M,Port Emilyview,Low,104,Green
C100245,75,F,Port Katelynfort,Affluent,80,Platinum
C100246,39,F,Moonburgh,Mid,159,Green
C100247,37,F,Waltersfort,Affluent,53,Platinum
C100248,58,M,South Michaelmouth,Affluent,106,Gold
C100249,22,M,Elizabethburgh,High,153,Platinum
C100250,36,F,Robertfort,Mid,44,Gold
C100251,27,F,Elainefurt,Mid,140,Platinum
C100252,44,F,South Christopherview,High,90,Green
C100253,32,M,Darrellfurt,Mid,101,Gold
C100254,44,F,Lake Mollymouth,Low,97,Green
C100255,43,M,Brownhaven,Mid,9,Gold
C100256,46,M,Cindyfort,Affluent,12,Gold
C100257,43,F,Wolfborough,High,69,Gold
C100258,35,F,Andreaport,Mid,28,Green
C100259,22,F,Gilmorefort,Low,56,Green
C100260,49,F,North Teresabury,Mid,99,Gold
C100261,53,F,West Andrea,Affluent,110,Gold
C100262,27,F,Davisville,Low,77,Green
C100263,46,F,Valentineberg,Mid,103,Platinum
C100264,25,M,Cantuport,High,106,Centurion
C100265,40,F,Robertfort,High,109,Platinum
C100266,42,M,Sanchezside,High,112,Platinum
C100267,33,F,South James,High,58,Green
C100268,39,M,Port Chad,Mid,78,Centurion
C100269,47,M,Morganhaven,Mid,75,Gold
C100270,36,M,Loriport,High,42,Green
C100271,30,F,Maryshire,High,166,Platinum
C100272,24,M,Grimesmouth,High,68,Green
C100273,33,M,Reedside,Affluent,33,Gold
C100274,25,F,Gibsonmouth,Mid,71,Green
C100275,33,M,Lake John,Mid,56,Gold
C100276,32,M,Hallchester,High,105,Gold
C100277,46,M,West Juliefurt,Mid,101,Gold
C100278,38,F,Mcneilberg,High,51,Green
C100279,66,F,Hannaberg,High,74,Gold
C100280,21,F,Mollymouth,High,171,Gold
C100281,41,M,New Reneetown,Mid,121,Green
C100282,33,M,South Monica,Mid,143,Platinum
C100283,27,M,North Terrance,Low,166,Gold
C100284,37,F,Matthewfurt,Mid,143,Platinum
C100285,36,M,Port Markside,Low,5,Green
C100286,49,M,Finleyfort,Mid,83,Green
C100287,39,F,New Caseyport,Mid,51,Green
C100288,30,M,Lake Christopher,Mid,10,Gold
C100289,41,M,Port Cynthiaville,Mid,140,Green
C100290,35,F,Jacksonport,Low,4,Gold
C100291,25,F,North Markton,Low,95,Green
C100292,35,F,Michaelchester,High,146,Green
C100293,40,F,East Amanda,Mid,80,Gold
C100294,38,F,East Gregory,Low,36,Centurion
C100295,41,F,Harveybury,Mid,25,Green
C100296,32,F,Durhamberg,High,98,Gold
C100297,41,M,South Dana,Mid,164,Gold
C100298,39,F,Scotttown,Mid,101,Gold
C100299,39,F,Santanaside,Low,9,Platinum
C100300,38,F,North Scott,Low,61,Centurion
C100301,61,M,Vanessaport,Mid,53,Green
C100302,50,M,Vaughnmouth,Mid,146,Gold
C100303,41,M,Jamesfurt,Mid,171,Gold
C100304,29,F,Rodriguezfurt,High,163,Gold
C100305,34,M,Baileyport,Affluent,63,Green
C100306,55,M,Port Dominiqueview,Mid,121,Platinum
C100307,31,F,New Michelleton,Mid,105,Platinum
C100308,36,F,Wallport,High,4,Green
C100309,35,F,New Laurie,Mid,93,Green
C100310,42,F,Lake James,Mid,169,Platinum
C100311,33,F,Ericaberg,Low,173,Green
C100312,39,F,Lake Debbieport,Low,178,Gold
C100313,33,M,Johnsonstad,Affluent,28,Green
C100314,52,M,North Renee,High,170,Green
C100315,30,F,Julieburgh,High,80,Green
C100316,48,M,East Kristin,Mid,76,Green
C100317,31,F,Alyssaview,Low,116,Green
C100318,28,M,West Robin,Low,69,Gold
C100319,30,M,Coffeyport,Mid,98,Gold
C100320,21,M,Lindamouth,Mid,1,Green
C100321,42,F,East Karenbury,High,167,Gold
C100322,25,M,Coffeyside,High,96,Gold
C100323,34,M,Christopherfurt,Mid,17,Gold
C100324,46,F,West Amandamouth,Affluent,112,Gold
C100325,46,F,Emilyview,High,91,Gold
C100326,22,M,Carsonstad,Mid,88,Centurion
C100327,41,F,Lake Jesustown,Mid,163,Gold
C100328,50,F,Rosebury,Mid,174,Green
C100329,30,M,Lake Madisonport,Mid,170,Gold
C100330,43,F,Wilsonton,Mid,167,Green
C100331,25,M,West Wendyville,High,90,Green
C100332,42,M,East Paigeberg,Low,49,Gold
C100333,39,F,Chavezside,Low,38,Platinum
C100334,45,F,Matthewsberg,Low,151,Green
C100335,44,M,Penafort,Low,150,Platinum
C100336,23,F,Crosbyview,High,132,Green
C100337,39,F,Lake Mitchellmouth,High,177,Green
C100338,53,F,Sampsonstad,Mid,59,Centurion
C100339,21,F,Lake Michaelstad,Low,68,Gold
C100340,48,F,South Joshuaville,Mid,130,Platinum
C100341,55,M,Davisborough,Mid,49,Platinum
C100342,21,M,North Kristinbury,Low,126,Platinum
C100343,30,F,Port Anne,Mid,159,Green
C100344,43,F,Port Kathyborough,Mid,111,Green
C100345,28,M,Port Molly,Mid,168,Platinum
C100346,53,M,Kimtown,Mid,48,Gold
C100347,49,F,Micheleberg,Low,51,Gold
C100348,22,M,New John,Mid,43,Green
C100349,29,M,North Donna,Mid,98,Green
C100350,46,M,East Alexisbury,Mid,177,Gold
C100351,46,M,Alfredview,High,124,Green
C100352,62,M,East Judyhaven,High,80,Green
C100353,28,M,Lake Brycemouth,Low,111,Green
C100354,54,F,Williamville,Low,143,Green
C100355,27,M,Gordonton,Mid,27,Platinum
C100356,43,F,Stephentown,Low,158,Gold
C100357,47,F,South Melaniechester,Mid,164,Green
C100358,21,M,South Jennifermouth,Affluent,113,Green
C100359,48,M,North Marcberg,Mid,86,Gold
C100360,53,F,East Joshuashire,Mid,114,Green
C100361,50,M,Oscarhaven,Mid,124,Platinum
C100362,60,M,Shawnchester,Mid,49,Platinum
C100363,48,M,Port Jacquelineside,Mid,76,Platinum
C100364,32,M,South Shannon,Affluent,55,Gold
C100365,51,F,South Matthew,Mid,56,Green
C100366,31,F,Rossville,Affluent,95,Gold
C100367,38,M,Ronaldview,Affluent,44,Green
C100368,47,F,Stephaniefort,Low,159,Green
C100369,42,M,North Marieland,Low,87,Green
C100370,52,F,Davisstad,Low,84,Gold
C100371,65,F,New Brian,Low,151,Green
C100372,25,F,Elizabethchester,Low,156,Green
C100373,34,M,Morganchester,High,16,Gold
C100374,41,F,West Carolinestad,Low,165,Centurion
C100375,32,M,New Williamberg,Mid,149,Green
C100376,37,M,Walkerville,High,145,Gold
C100377,46,M,Meganstad,Low,37,Green
C100378,45,F,Port Joshuabury,High,77,Platinum
C100379,40,M,Bruceside,Mid,147,Green
C100380,39,M,New Sarahview,Low,158,Platinum
C100381,35,M,East Joshuaport,High,45,Green
C100382,53,M,Michaelburgh,Mid,146,Platinum
C100383,56,M,New Diane,High,62,Green
C100384,49,F,East Joycetown,High,164,Green
C100385,25,M,Lake Alyssafurt,High,100,Green
C100386,35,M,Chavezburgh,Mid,52,Green
C100387,40,F,Larrymouth,Low,19,Platinum
C100388,27,F,North Ericton,High,109,Gold
C100389,38,F,West Scottchester,High,44,Gold
C100390,38,F,Lawsonchester,Affluent,7,Centurion
C100391,49,M,Jasonhaven,Mid,172,Gold
C100392,32,F,West Russellport,Mid,117,Centurion
C100393,50,M,Roseport,High,68,Green
C100394,27,F,East Randallton,Mid,34,Platinum
C100395,29,F,East Kevinborough,Affluent,69,Green
C100396,33,F,Port Jonathan,High,55,Gold
C100397,38,F,Davidfort,Mid,10,Gold
C100398,21,M,Thompsonfurt,High,42,Gold
C100399,43,M,New Angelica,High,41,Gold
C100400,56,F,Charleston,Low,122,Green
C100401,45,F,Smithland,Affluent,138,Centurion
C100402,35,M,Barbarashire,Mid,10,Centurion
C100403,26,F,Mckinneychester,High,102,Centurion
C100404,21,M,Dariustown,Mid,128,Centurion
C100405,21,F,Georgemouth,High,179,Platinum
C100406,36,F,Christopherville,Mid,149,Centurion
C100407,61,M,South Brianna,Low,136,Platinum
C100408,21,M,South Monicamouth,Affluent,92,Gold
C100409,45,M,West Kimberly,Low,113,Platinum
C100410,30,F,New Cynthiahaven,Mid,78,Platinum
C100411,34,F,Port Michael,Affluent,85,Gold
C100412,27,F,East Curtis,Affluent,30,Gold
C100413,22,F,Jamesberg,Mid,49,Green
C100414,39,M,East Stephaniefort,Mid,9,Platinum
C100415,40,M,Webstershire,Mid,145,Centurion
C100416,45,F,Maldonadoshire,Mid,69,Green
C100417,21,F,Michellemouth,Mid,58,Green
C100418,47,M,South Carlos,High,62,Green
C100419,47,M,Welchview,High,52,Gold
C100420,42,M,West Williamport,High,40,Green
C100421,33,F,Hayeston,High,166,Gold
C100422,41,M,Marieland,Low,171,Centurion
C100423,36,F,New Brookefurt,Mid,63,Gold
C100424,48,M,Carpenterton,Low,147,Green
C100425,33,M,Stoutshire,Mid,50,Platinum
C100426,39,M,West Cassidy,Mid,161,Gold
C100427,21,F,North Shannon,High,141,Green
C100428,41,M,Toniland,Mid,78,Gold
C100429,29,M,North John,Low,97,Gold
C100430,43,M,Ritterhaven,Low,43,Platinum
C100431,46,F,West Nathan,High,177,Platinum
C100432,31,M,Paulmouth,Mid,36,Green
C100433,38,F,Port Crystalmouth,Low,122,Green
C100434,39,M,West Codyfurt,Low,108,Green
C100435,42,F,Johnathanberg,High,10,Gold
C100436,46,F,Christopherberg,Low,95,Platinum
C100437,45,M,Kylefurt,High,6,Gold
C100438,33,F,New Jeanne,High,57,Green
C100439,55,M,West Angelicamouth,Low,129,Centurion
C100440,46,F,Lake Jacqueline,Low,71,Platinum
C100441,53,M,Lake Ellenhaven,Affluent,21,Green
C100442,41,M,Andrewport,Mid,92,Platinum
C100443,42,M,East Matthew,Mid,127,Gold
C100444,36,M,Leeberg,High,80,Green
C100445,33,M,North Kenneth,Affluent,56,Green
C100446,48,F,New Kellihaven,Affluent,116,Green
C100447,40,M,Lake Matthewberg,High,148,Green
C100448,36,F,Mooreburgh,Mid,25,Gold
C100449,26,F,Lake Samuel,Low,156,Green
C100450,55,F,Diazbury,High,5,Green
C100451,39,F,Bishopmouth,Mid,120,Gold
C100452,24,M,New John,Mid,21,Green
C100453,38,M,Mckeeborough,Affluent,18,Gold
C100454,35,M,Erikashire,Low,175,Gold
C100455,35,F,Murrayport,Mid,57,Gold
C100456,44,F,Shawchester,Low,93,Centurion
C100457,35,F,Port James,Mid,19,Green
C100458,34,F,Port John,Low,128,Gold
C100459,52,F,Sawyerside,Low,97,Green
C100460,21,F,Lake Meghanville,Low,131,Platinum
C100461,37,F,Christopherburgh,Mid,170,Platinum
C100462,48,F,Shannonhaven,High,21,Green
C100463,44,F,Port Samuel,Mid,40,Gold
C100464,49,F,Port Shannon,Affluent,67,Green
C100465,60,F,Sarahchester,Mid,153,Centurion
C100466,56,F,South Waynebury,Mid,127,Green
C100467,25,M,Vangstad,High,55,Platinum
C100468,21,F,North Lucas,Mid,180,Green
C100469,41,F,Port Jennifermouth,Affluent,172,Gold
C100470,23,M,East Benjamin,Low,109,Centurion
C100471,21,M,Hortonberg,Affluent,98,Platinum
C100472,41,F,Westtown,Low,112,Green
C100473,44,F,North Jonathanberg,High,115,Gold
C100474,56,M,Rodriguezport,Mid,117,Green
C100475,46,M,West David,Affluent,87,Gold
C100476,59,F,South Danielle,Low,81,Green
C100477,41,M,Brownfort,Mid,66,Green
C100478,25,M,Lake Zacharybury,Affluent,19,Gold
C100479,47,F,West Ruben,Mid,135,Green
C100480,52,F,Johnchester,Mid,118,Gold
C100481,42,F,Lake Elizabeth,High,42,Green
C100482,53,M,Carloshaven,Mid,42,Green
C100483,36,M,South Morganton,Mid,59,Gold
C100484,44,M,Zavalaview,Mid,20,Green
C100485,36,M,West Kristinastad,Affluent,73,Green
C100486,64,M,Lake Diane,Low,17,Gold
C100487,47,F,Port Bonniemouth,Mid,27,Gold
C100488,25,M,North Michael,Affluent,175,Gold
C100489,58,F,Lisaburgh,High,2,Green
C100490,29,M,Pollardfort,Mid,63,Green
C100491,38,F,Port Dennis,Mid,62,Platinum
C100492,43,F,Johnsonborough,Mid,100,Centurion
C100493,44,M,Port Jameston,Low,19,Green
C100494,43,M,Sarahhaven,Mid,17,Gold
C100495,25,F,Haysside,Mid,69,Green
C100496,43,F,Kingborough,Mid,167,Green
C100497,50,F,Michaelton,Low,117,Green
C100498,49,M,Joshuastad,Affluent,81,Gold
C100499,23,F,Prestonmouth,Affluent,39,Green
C100500,30,F,Morganburgh,High,36,Platinum
C100501,26,M,Holtstad,Mid,168,Gold
C100502,41,F,Lauriechester,Mid,173,Green
C100503,21,F,South Carrieburgh,High,132,Platinum
C100504,25,F,Manuelland,High,153,Green
C100505,30,F,Donnaport,Low,158,Gold
C100506,21,F,Morrisonchester,Affluent,29,Green
C100507,37,M,Lake Scott,High,51,Green
C100508,21,M,Williamsstad,Affluent,152,Green
C100509,43,F,Hillton,High,14,Green
C100510,33,F,Lake Danastad,Mid,69,Green
C100511,31,F,North Douglas,Mid,146,Green
C100512,32,M,Johnsonland,Affluent,170,Centurion
C100513,37,M,Port Deanna,High,57,Green
C100514,44,F,Patrickshire,Low,12,Green
C100515,52,F,New Ericmouth,Low,17,Centurion
C100516,49,M,Nathanland,Mid,30,Gold
C100517,62,F,New Michael,High,88,Gold
C100518,45,M,Debrabury,Affluent,99,Green
C100519,39,M,North Jillfort,Low,23,Gold
C100520,32,F,Mcintyreville,Mid,129,Green
C100521,33,M,Kimberlymouth,Mid,79,Gold
C100522,43,F,New Justin,Affluent,32,Centurion
C100523,27,M,Gonzalezberg,High,9,Gold
C100524,40,M,South Geraldmouth,High,15,Green
C100525,37,F,Port Evelynmouth,Mid,156,Gold
C100526,29,F,Jennaside,Mid,152,Gold
C100527,26,M,Patriciaburgh,Mid,163,Gold
C100528,65,M,Port Michael,Low,27,Gold
C100529,22,F,North Tracie,High,109,Gold
C100530,37,M,East Kristy,High,76,Gold
C100531,51,F,West Angelastad,Affluent,148,Centurion
C100532,43,M,Laraside,Affluent,65,Platinum
C100533,32,F,New Nicole,Mid,177,Green
C100534,24,M,West Raymondfort,High,109,Gold
C100535,39,F,Hammondshire,Affluent,129,Green
C100536,21,F,East Teresaland,High,10,Platinum
C100537,39,M,Owenshaven,Mid,47,Green
C100538,38,F,Davidside,Mid,123,Gold
C100539,49,M,Port Tammy,Low,59,Platinum
C100540,25,M,Shawton,Affluent,96,Green
C100541,34,M,New Ericburgh,Mid,103,Platinum
C100542,42,F,West Sarah,Mid,124,Gold
C100543,40,M,West Stacey,High,86,Green
C100544,23,F,Meghanview,Mid,146,Gold
C100545,30,F,Lake Stephanie,Mid,112,Platinum
C100546,53,M,Davidport,Low,174,Green
C100547,40,M,New Danielleshire,High,160,Gold
C100548,21,M,East Donna,Mid,27,Gold
C100549,47,M,Meganshire,High,18,Platinum
C100550,21,M,Port Michelleland,Mid,167,Gold
C100551,34,F,Lake Kelliview,High,177,Gold
C100552,44,F,Port Ashley,Mid,82,Platinum
C100553,51,M,South Pamelaside,Mid,172,Platinum
C100554,21,F,Dawnport,High,72,Gold
C100555,45,M,Sanchezfurt,Mid,54,Green
C100556,47,F,Shawnton,Low,162,Green
C100557,31,F,South Robert,Low,71,Gold
C100558,38,M,Harrisberg,High,164,Gold
C100559,21,F,Michellemouth,Mid,146,Green
C100560,21,F,Theresaberg,High,38,Green
C100561,50,F,Zacharyville,Mid,137,Gold
C100562,32,M,Johnville,Low,179,Green
C100563,34,M,Shannonberg,Low,35,Green
C100564,40,M,North Kellyfurt,Mid,82,Green
C100565,33,M,Wrightburgh,Mid,133,Platinum
C100566,32,F,Sarahmouth,Mid,142,Gold
C100567,42,M,Port Erik,Mid,158,Green
C100568,21,F,Jimenezport,Affluent,4,Green
C100569,50,M,Johnsonfurt,Mid,167,Gold
C100570,35,M,Levyborough,Mid,153,Platinum
C100571,26,F,Brandonport,High,156,Gold
C100572,25,M,Harperfort,Mid,150,Green
C100573,38,F,Amandaville,Mid,159,Gold
C100574,34,M,Andersonview,High,23,Platinum
C100575,21,M,Kathrynstad,Affluent,48,Green
C100576,31,M,South Brettside,Low,148,Gold
C100577,29,M,West Angela,Affluent,125,Green
C100578,51,F,South Williamside,Mid,166,Green
C100579,39,M,Marciaville,Mid,55,Green
C100580,55,F,North Phillip,Mid,68,Gold
C100581,30,M,Angelastad,Affluent,88,Green
C100582,34,F,East Carrie,Mid,1,Green
C100583,42,M,Porterton,Mid,135,Green
C100584,44,F,East Jenniferfort,Mid,95,Green
C100585,45,F,Hernandezhaven,Mid,140,Gold
C100586,28,F,West Sarah,Low,106,Green
C100587,28,F,Franciscoport,Low,133,Green
C100588,34,M,Williamhaven,Low,108,Platinum
C100589,54,F,Ericksonport,Low,178,Gold
C100590,26,F,Cabrerastad,Low,42,Gold
C100591,32,M,Emilychester,Mid,102,Green
C100592,46,F,Lauratown,Low,124,Gold
C100593,45,F,Bakershire,Mid,140,Green
C100594,44,F,Lake Brett,High,103,Green
C100595,38,F,Jacksonfurt,Mid,146,Gold
C100596,26,F,Port Erin,High,74,Platinum
C100597,30,F,New Stacyville,Low,108,Gold
C100598,50,M,North Scott,Low,122,Green
C100599,46,M,Hernandezborough,Low,17,Platinum
C100600,23,M,Shawfort,Low,71,Green
C100601,47,M,Lake Devinborough,Mid,62,Platinum
C100602,52,M,Whitneyfort,Low,41,Green
C100603,38,F,Edwardsburgh,Low,119,Green
C100604,42,M,Barrmouth,Low,162,Gold
C100605,49,F,Ericaview,Mid,45,Centurion
C100606,30,F,Leebury,Mid,58,Platinum
C100607,63,F,Angelabury,Mid,179,Gold
C100608,51,M,Kellieborough,Mid,126,Gold
C100609,43,M,Stewartstad,High,162,Gold
C100610,37,M,Keithshire,Low,44,Gold
C100611,43,M,Huangfurt,High,15,Platinum
C100612,21,F,Stephanieberg,Mid,78,Green
C100613,60,F,Bobbyland,Low,70,Green
C100614,50,F,Sandraview,High,178,Centurion
C100615,54,M,Lewisside,Affluent,101,Platinum
C100616,38,M,Sarahview,Low,160,Green
C100617,34,F,North Christina,Mid,3,Green
C100618,30,M,East Brent,High,86,Centurion
C100619,46,F,Lake Jesse,High,74,Gold
C100620,32,F,South Markfort,Low,51,Gold
C100621,35,M,Lake Kellitown,Mid,67,Green
C100622,44,F,South Denise,Mid,76,Platinum
C100623,30,F,Woodsborough,Mid,93,Green
C100624,49,F,Manuelton,Mid,176,Green
C100625,37,M,Lake Audreyside,Mid,145,Green
C100626,21,F,East Robertburgh,Mid,7,Platinum
C100627,30,M,Port Randyfort,High,13,Gold
C100628,52,M,Lake Suzanne,Low,120,Platinum
C100629,27,M,Nancytown,Mid,66,Green
C100630,47,M,Ashleyville,High,4,Platinum
C100631,39,M,Justinside,High,138,Platinum
C100632,36,M,Smallberg,Mid,88,Platinum
C100633,65,M,Nelsonville,Mid,17,Centurion
C100634,23,M,Franciscomouth,Low,52,Green
C100635,29,F,Jennifertown,Mid,134,Gold
C100636,37,M,Krystalshire,Mid,69,Platinum
C100637,64,F,East Cheryl,Mid,137,Platinum
C100638,37,F,Wilcoxhaven,Mid,21,Gold
C100639,41,M,Christopherville,Mid,24,Green
C100640,34,M,East Thomas,Low,4,Gold
C100641,41,M,North Jose,Mid,152,Gold
C100642,34,F,South Karen,Mid,3,Green
C100643,45,F,Kevinshire,Mid,68,Platinum
C100644,46,F,West Desireebury,Low,101,Green
C100645,35,M,Lake Davidport,High,168,Green
C100646,25,F,South Gina,Mid,176,Gold
C100647,39,M,Hannahport,High,54,Gold
C100648,53,F,Christinabury,High,35,Green
C100649,28,M,South Eric,Mid,56,Green
C100650,41,F,Robertside,Low,108,Green
C100651,24,F,Toddborough,Mid,40,Green
C100652,26,F,Lake Karen,Mid,68,Green
C100653,52,M,New Seanstad,High,46,Green
C100654,45,F,New Danielside,Mid,78,Green
C100655,41,M,New Amanda,Low,141,Gold
C100656,21,F,West Melissa,Mid,155,Platinum
C100657,31,F,Wilsonborough,Mid,6,Gold
C100658,44,M,Davishaven,Mid,17,Gold
C100659,22,F,Stokesmouth,Mid,164,Green
C100660,34,M,New Robert,Mid,99,Platinum
C100661,46,M,New Stevenport,Affluent,81,Gold
C100662,21,M,South Jonathantown,Mid,2,Gold
C100663,21,F,New Charles,Mid,77,Green
C100664,21,F,Cooperland,Low,180,Green
C100665,41,F,North Valeriefort,Low,66,Gold
C100666,31,M,West Robertberg,Mid,52,Gold
C100667,47,F,Brooksfurt,Low,92,Platinum
C100668,39,M,Kanefurt,Low,171,Green
C100669,58,F,Millerside,Mid,22,Green
C100670,24,M,Lake Michelle,Low,111,Gold
C100671,41,F,East Victoriafurt,High,107,Platinum
C100672,29,M,Lake Tiffany,Low,67,Green
C100673,44,F,Port Andrewport,Mid,140,Gold
C100674,39,F,Nunezside,Mid,69,Green
C100675,27,F,Patelbury,Affluent,84,Gold
C100676,36,M,South Michael,Low,103,Platinum
C100677,38,M,Jacobville,Mid,39,Platinum
C100678,31,M,Port Donnatown,Affluent,13,Green
C100679,45,M,East Carlos,High,41,Green
C100680,26,F,South Carlaton,High,57,Gold
C100681,61,M,Lake Bradley,Mid,12,Green
C100682,48,M,Youngborough,Low,13,Gold
C100683,41,M,East Williamport,High,120,Gold
C100684,69,F,Port Sabrina,Affluent,97,Green
C100685,34,M,Barbaramouth,Mid,57,Platinum
C100686,44,F,West Nancy,Mid,40,Green
C100687,40,M,South Kevin,Mid,118,Centurion
C100688,46,F,New Stacyburgh,High,80,Platinum
C100689,54,F,Peterston,Low,128,Gold
C100690,44,M,Shellyfurt,Mid,173,Green
C100691,49,F,Heatherchester,Mid,35,Platinum
C100692,31,M,West Nicholas,Mid,3,Platinum
C100693,35,F,Allenbury,Mid,120,Green
C100694,56,F,Meredithberg,Low,5,Green
C100695,44,M,Melendezside,Mid,11,Green
C100696,40,F,Faulknerside,Mid,126,Centurion
C100697,29,F,South John,Mid,71,Platinum
C100698,48,F,West Deborah,Low,117,Platinum
C100699,29,M,Booneland,Mid,138,Platinum
C100700,26,M,North Joseph,Mid,106,Gold
C100701,39,M,Port Charlesshire,Low,116,Green
C100702,21,F,South Jason,Mid,162,Green
C100703,44,F,Kevintown,Low,67,Green
C100704,42,M,East Suzanne,Low,31,Gold
C100705,34,M,Lake Yvonnefort,Affluent,75,Platinum
C100706,35,F,Lake Cassandra,Mid,71,Centurion
C100707,36,F,South Rose,High,66,Green
C100708,29,F,Kimberlyfurt,Mid,70,Gold
C100709,40,M,Fergusonstad,High,41,Gold
C100710,35,M,Josehaven,High,160,Gold
C100711,39,M,Owensfort,Mid,20,Gold
C100712,36,M,Robinstad,Mid,178,Green
C100713,34,F,Robertshire,Mid,153,Platinum
C100714,41,F,Lake Dustin,Mid,140,Gold
C100715,46,F,Angelashire,Affluent,39,Platinum
C100716,32,M,Phillipsborough,High,145,Green
C100717,42,F,Jerryshire,Affluent,45,Green
C100718,43,F,South Andrea,Low,139,Green
C100719,23,M,Jonathanfort,High,70,Platinum
C100720,48,M,Murraystad,Affluent,125,Platinum
C100721,60,F,East Jennifer,Low,151,Gold
C100722,37,F,Whiteside,Low,91,Platinum
C100723,36,M,New Arthurland,High,70,Gold
C100724,35,F,Port Adamberg,Mid,166,Green
C100725,44,F,North Jasmine,High,130,Gold
C100726,43,F,East Williamstad,Low,84,Platinum
C100727,21,F,New Danafort,High,89,Green
C100728,28,M,Smithside,Mid,79,Green
C100729,43,F,Smithhaven,Low,113,Gold
C100730,36,F,Amandaport,Low,93,Green
C100731,25,F,New Lisachester,High,72,Platinum
C100732,54,M,North Samantha,High,165,Gold
C100733,29,F,East James,Mid,49,Green
C100734,38,M,Lisaview,Mid,52,Green
C100735,36,F,Millerfurt,High,33,Centurion
C100736,26,F,Cunninghambury,Mid,22,Gold
C100737,40,F,Gabriellaland,High,114,Gold
C100738,42,F,North Richardfurt,Mid,133,Green
C100739,32,F,Browntown,Mid,18,Platinum
C100740,34,M,North Vincent,Mid,166,Gold
C100741,44,M,Newmanmouth,Mid,118,Gold
C100742,21,F,New Samanthabury,High,117,Centurion
C100743,28,F,Port Heather,Mid,37,Green
C100744,40,F,Nelsonland,Mid,64,Gold
C100745,32,M,Rachelshire,High,138,Green
C100746,32,M,East Sarahmouth,Mid,79,Gold
C100747,47,F,East Brendafurt,Mid,170,Green
C100748,31,F,West Franciscobury,Affluent,123,Platinum
C100749,59,F,Rhodesside,Mid,176,Green
C100750,21,F,Patrickberg,Low,44,Gold
C100751,21,M,New Juliestad,Affluent,82,Platinum
C100752,47,F,North Samuelland,Mid,87,Centurion
C100753,27,F,Cassiefurt,Mid,16,Gold
C100754,27,F,Anthonyview,Low,54,Gold
C100755,48,M,Henrystad,High,102,Green
C100756,32,M,Reynoldsshire,Mid,163,Green
C100757,48,F,Millerport,Mid,98,Gold
C100758,31,M,Lake Charles,High,156,Green
C100759,41,M,Ericberg,High,2,Green
C100760,32,M,Stewartville,Low,94,Green
C100761,27,F,North Sherrymouth,Mid,141,Gold
C100762,57,M,Kathleenville,Mid,169,Gold
C100763,50,F,North Jacob,High,59,Green
C100764,30,F,Hawkinshaven,Low,69,Green
C100765,36,F,Garcialand,Mid,119,Gold
C100766,54,F,Angelamouth,High,92,Gold
C100767,27,M,Smithchester,High,45,Gold
C100768,27,M,Maxwellside,Mid,148,Platinum
C100769,43,M,New Adriana,High,24,Green
C100770,62,F,Jacksonview,Low,91,Green
C100771,38,F,Josephberg,High,94,Green
C100772,49,F,East Ryanchester,Low,58,Gold
C100773,26,F,Toddland,Mid,155,Gold
C100774,41,F,Johnathanbury,High,154,Green
C100775,34,F,Wheelerborough,Low,128,Gold
C100776,58,F,Rodriguezport,Mid,7,Gold
C100777,55,M,South Martinfurt,High,170,Centurion
C100778,63,M,Scottchester,High,47,Gold
C100779,30,F,West Malik,Mid,53,Gold
C100780,38,F,South Leon,High,38,Gold
C100781,42,F,Novakport,Mid,53,Centurion
C100782,30,M,Faulknerbury,Mid,143,Centurion
C100783,39,M,Nicholasfurt,Mid,154,Gold
C100784,47,M,Danielshire,Low,48,Gold
C100785,31,M,New Wendy,Affluent,95,Gold
C100786,30,F,Lake Katrina,Mid,147,Gold
C100787,29,M,Lake Stevenborough,Mid,137,Gold
C100788,23,F,Salinasland,Mid,64,Green
C100789,47,M,Chambersberg,Affluent,93,Platinum
C100790,30,M,Johnberg,Low,125,Gold
C100791,29,M,Mccormickland,Mid,179,Platinum
C100792,43,F,Ewingfort,Mid,39,Gold
C100793,37,F,Fergusonchester,Mid,4,Gold
C100794,32,F,Port Tanyaside,Low,126,Green
C100795,46,F,North Kaylastad,High,3,Gold
C100796,31,F,Lake Cheyenne,Affluent,64,Gold
C100797,21,M,Rasmussenmouth,Mid,29,Green
C100798,52,M,Rodriguezville,High,116,Platinum
C100799,28,M,Jeffreyhaven,Affluent,11,Green
C100800,30,M,South Neil,High,97,Gold
C100801,30,M,Bartonshire,Low,102,Green
C100802,38,M,West Whitney,Mid,155,Platinum
C100803,34,M,Garciachester,Mid,21,Green
C100804,48,F,North Marieberg,Mid,39,Gold
C100805,56,F,Larrymouth,High,102,Green
C100806,30,M,New Timothy,Affluent,46,Gold
C100807,27,F,Davismouth,Affluent,66,Platinum
C100808,32,F,Carloston,Mid,91,Green
C100809,42,M,North Melindaville,Low,164,Gold
C100810,36,F,Lake John,Affluent,111,Green
C100811,32,M,New Ethan,High,82,Gold
C100812,23,M,Mullenbury,Low,123,Gold
C100813,21,M,Sotoburgh,Affluent,99,Gold
C100814,26,M,Fosterborough,High,35,Gold
C100815,51,M,Vargasfurt,Mid,159,Gold
C100816,42,M,Lake Jasonview,Mid,156,Green
C100817,35,F,New Cristianside,Mid,103,Gold
C100818,46,F,West Mark,Low,129,Green
C100819,23,F,Wilsonfort,Mid,25,Platinum
C100820,38,F,Candicefurt,High,43,Platinum
C100821,21,F,West Michaelmouth,Low,84,Green
C100822,41,M,Port Emily,Mid,51,Green
C100823,40,F,Samanthashire,Mid,130,Green
C100824,41,F,Lake Dennisville,Mid,126,Centurion
C100825,50,M,West Daryl,Affluent,69,Platinum
C100826,46,F,Heatherhaven,Mid,9,Green
C100827,24,F,Barnesberg,Mid,2,Gold
C100828,51,M,Hendersonfort,High,162,Green
C100829,35,M,New Garrett,Mid,159,Gold
C100830,21,M,Donaldmouth,Mid,10,Gold
C100831,36,F,Harveystad,Mid,114,Gold
C100832,45,M,South Derrickfurt,Low,76,Platinum
C100833,26,M,Ortizfort,Low,164,Gold
C100834,52,M,Mckinneymouth,Mid,85,Green
C100835,27,F,Jacksonshire,Mid,49,Gold
C100836,32,F,Port Kathleenport,Affluent,70,Gold
C100837,30,F,West Jeffreyport,Mid,177,Platinum
C100838,21,M,Port Stephen,Mid,131,Green
C100839,27,F,Dunnville,Mid,133,Gold
C100840,30,F,West Kimberlystad,Low,90,Gold
C100841,36,F,Port Jenniferside,High,26,Gold
C100842,21,F,South Curtis,Low,72,Green
C100843,45,M,West Nancy,Affluent,5,Centurion
C100844,45,M,South Joseland,Low,15,Green
C100845,50,M,Grimesville,Mid,123,Green
C100846,21,F,East Lisa,Low,144,Platinum
C100847,34,F,Michellechester,Affluent,1,Green
C100848,48,F,New Donald,Mid,144,Green
C100849,49,F,Port Jamie,Mid,165,Gold
C100850,54,F,New Michaelview,Low,3,Green
C100851,39,M,West Tiffany,High,180,Centurion
C100852,37,M,Keithview,Mid,47,Gold
C100853,21,F,East Sydneychester,High,95,Gold
C100854,49,F,West Michelleberg,Mid,13,Green
C100855,32,F,East Dustin,Low,120,Green
C100856,38,F,Mariafurt,Low,55,Gold
C100857,37,M,Thomasview,Mid,149,Gold
C100858,21,M,Brooksland,Mid,66,Platinum
C100859,29,M,South Zacharyview,Low,155,Green
C100860,42,F,Shawnfort,High,166,Gold
C100861,37,F,Brandiland,Mid,90,Green
C100862,43,F,Reidstad,Mid,62,Gold
C100863,46,M,Port Amandaborough,Mid,102,Gold
C100864,28,M,Summersfort,Mid,174,Green
C100865,32,F,Marcusport,Mid,139,Gold
C100866,36,M,Amyberg,Low,8,Green
C100867,46,F,Kramerton,Low,97,Gold
C100868,35,F,North Conniemouth,High,117,Gold
C100869,21,F,North Sarahburgh,Affluent,64,Green
C100870,35,F,Bryantchester,Mid,21,Platinum
C100871,46,M,Lake Regina,Mid,115,Gold
C100872,52,F,Erikview,Mid,85,Platinum
C100873,41,M,Lake Michaelland,Mid,20,Green
C100874,21,M,Elizabethburgh,Low,8,Platinum
C100875,33,M,South Conniebury,Low,58,Green
C100876,43,M,Riosville,High,46,Gold
C100877,47,F,East Thomasberg,High,31,Platinum
C100878,43,F,New Erin,Low,93,Green
C100879,35,M,North Heatherville,Mid,9,Green
C100880,47,M,Bensonfort,Mid,15,Platinum
C100881,30,M,East Patrickville,High,94,Gold
C100882,40,F,West Michaelport,Low,154,Gold
C100883,46,F,South Kiara,Low,138,Green
C100884,44,M,Lake Victoria,High,29,Gold
C100885,44,M,North Alyssa,Low,80,Green
C100886,44,M,New Debramouth,High,36,Platinum
C100887,26,M,Jenniferberg,Mid,84,Gold
C100888,38,F,Jensenmouth,Low,109,Gold
C100889,27,M,North Peggy,Mid,118,Green
C100890,34,M,Port David,High,37,Platinum
C100891,25,M,Bellchester,High,86,Gold
C100892,41,F,Kyliebury,High,71,Platinum
C100893,21,M,Deannabury,Mid,151,Green
C100894,44,F,Kimberlytown,High,169,Platinum
C100895,38,F,Jamiehaven,Mid,93,Gold
C100896,58,F,Lake Peter,Mid,80,Green
C100897,35,M,Port Rachaelbury,High,102,Gold
C100898,35,M,Cruzbury,Low,156,Green
C100899,45,M,Littleland,Low,176,Green
C100900,36,M,West Sarahberg,Mid,166,Green
C100901,41,M,Valenciashire,Low,159,Gold
C100902,48,M,Diazburgh,Low,14,Gold
C100903,35,M,Bestland,Mid,117,Gold
C100904,51,M,New Carlosview,Mid,73,Green
C100905,21,F,North Sandra,High,91,Platinum
C100906,55,M,Hunterhaven,High,90,Platinum
C100907,21,M,Hendersonfurt,Mid,29,Green
C100908,52,M,Lake Amandaberg,Mid,179,Green
C100909,21,F,Christopherland,Mid,49,Gold
C100910,59,F,Port Eric,Mid,171,Gold
C100911,39,M,Peterland,Mid,72,Gold
C100912,27,F,Hollybury,Mid,133,Gold
C100913,58,M,East Christopherchester,Mid,42,Green
C100914,26,F,South Cherylton,Mid,135,Platinum
C100915,35,F,Elizabethburgh,Mid,42,Gold
C100916,66,F,North Jeantown,Mid,164,Green
C100917,42,F,South Stephanie,Affluent,105,Green
C100918,21,M,Garyberg,High,27,Gold
C100919,34,M,Jessicaville,Low,58,Gold
C100920,34,M,West Lindsayview,High,46,Gold
C100921,40,F,West Jennifershire,Mid,66,Centurion
C100922,37,M,South Spencerstad,High,25,Green
C100923,44,M,South Micheleburgh,High,73,Centurion
C100924,21,M,Ericville,Mid,117,Gold
C100925,31,M,East Joycetown,Low,155,Gold
C100926,41,F,Port Michellebury,Mid,129,Platinum
C100927,29,M,South Michaelberg,Mid,87,Gold
C100928,50,M,Port Austin,Mid,74,Green
C100929,29,M,Walkerbury,Mid,170,Platinum
C100930,39,F,Moonmouth,Low,180,Gold
C100931,36,M,Margaretshire,High,153,Gold
C100932,26,M,Davidton,Affluent,125,Platinum
C100933,38,F,East Linda,Mid,67,Gold
C100934,23,M,South Caseymouth,Low,6,Gold
C100935,33,M,Kiaraport,Mid,125,Gold
C100936,38,F,Christophermouth,Low,58,Gold
C100937,22,M,West Jamesshire,Affluent,70,Green
C100938,44,M,Jodibury,Low,53,Platinum
C100939,40,F,Richardsonfort,Mid,66,Green
C100940,43,M,Lake Rachel,Mid,58,Gold
C100941,38,M,East Adam,Mid,82,Platinum
C100942,25,F,Johnsonside,High,87,Green
C100943,37,F,Cynthiatown,High,2,Green
C100944,44,F,Aaronfurt,Mid,150,Green
C100945,24,M,Daltonhaven,Low,37,Gold
C100946,25,M,South Travis,Low,148,Platinum
C100947,35,F,East Jenniferland,Affluent,103,Gold
C100948,33,M,East Phyllishaven,High,24,Green
C100949,37,M,Haynesstad,Mid,112,Gold
C100950,34,F,Villegasland,Mid,65,Gold
C100951,39,M,New Dennisfurt,High,129,Green
C100952,51,M,New Ashleychester,Low,117,Gold
C100953,43,M,East Kelly,Affluent,116,Green
C100954,38,F,Sarafurt,Mid,105,Platinum
C100955,25,M,Louisview,Mid,3,Green
C100956,30,M,North Sherry,Mid,46,Green
C100957,47,M,Port Kayla,Low,55,Platinum
C100958,32,F,East Danielmouth,Low,75,Gold
C100959,27,M,Edwardsville,High,45,Green
C100960,61,M,Tamiborough,Low,154,Platinum
C100961,54,F,Parkerview,Mid,77,Gold
C100962,36,M,North Ericport,Mid,24,Green
C100963,26,M,East Marymouth,Mid,35,Gold
C100964,45,F,North Jennifer,Mid,24,Platinum
C100965,32,F,Randyton,Mid,28,Gold
C100966,47,M,Jorgeburgh,High,16,Green
C100967,32,F,South Melissaside,Mid,59,Gold
C100968,56,M,North Steven,Mid,144,Gold
C100969,32,F,North Alexander,Mid,15,Platinum
C100970,64,F,East James,High,11,Green
C100971,40,F,Watsonland,Affluent,79,Gold
C100972,53,M,Samanthaland,High,115,Green
C100973,32,M,North Jamesmouth,Mid,68,Gold
C100974,23,F,North Rebecca,Low,43,Centurion
C100975,21,F,Davidmouth,Mid,69,Green
C100976,52,F,East Sandrachester,Mid,141,Green
C100977,38,M,Crawfordfurt,Low,138,Gold
C100978,24,M,Thompsonborough,Mid,75,Gold
C100979,52,F,West Joshua,Mid,103,Green
C100980,50,F,North Christina,Mid,41,Gold
C100981,53,M,Lake Kenneth,High,178,Platinum
C100982,23,F,Andradefort,Low,59,Gold
C100983,51,F,North Joshuaberg,Low,39,Gold
C100984,42,M,Gonzalezhaven,High,3,Green
C100985,53,F,Lake Virginia,Mid,7,Platinum
C100986,43,M,South Kimberlystad,High,49,Green
C100987,39,F,Stephensfort,Mid,26,Green
C100988,51,F,Robertahaven,Mid,161,Green
C100989,47,M,Paulburgh,High,101,Gold
C100990,49,F,West Carlatown,High,176,Platinum
C100991,32,F,Brianfort,High,79,Green
C100992,36,F,Katiebury,Mid,2,Platinum
C100993,21,M,North John,Mid,127,Platinum
C100994,31,M,West Amanda,Mid,160,Gold
C100995,46,F,Port Wendybury,Low,132,Platinum
C100996,44,M,Kellyburgh,Affluent,20,Green
C100997,27,M,East Brittany,Low,117,Green
C100998,52,M,Robintown,Affluent,164,Platinum
C100999,70,M,Staceyshire,Mid,32,Gold
C101000,28,F,New Stacy,Low,28,Green
C101001,35,F,Weaverburgh,Mid,77,Gold
C101002,31,F,Johnsonton,High,1,Platinum
C101003,36,F,New Jeffery,High,56,Gold
C101004,41,F,Smithborough,High,35,Green
C101005,30,M,West Jennifer,High,112,Gold
C101006,34,F,Brianberg,High,30,Platinum
C101007,38,M,Port Daniel,High,54,Green
C101008,43,F,Susanstad,Mid,36,Green
C101009,54,M,Willismouth,Mid,80,Gold
C101010,37,M,Marcusburgh,Mid,58,Gold
C101011,31,M,Connerfort,Affluent,83,Green
C101012,45,M,Grantside,Affluent,65,Green
C101013,42,M,Jeffreyshire,Low,69,Green
C101014,35,M,South Kurt,High,128,Green
C101015,43,M,Davidtown,Affluent,51,Green
C101016,33,M,Rosalesshire,Low,22,Gold
C101017,32,M,East Carriebury,Mid,107,Gold
C101018,21,M,South Donaldland,Affluent,109,Gold
C101019,34,F,West Toni,Low,116,Gold
C101020,21,F,Lake Nicole,High,101,Green
C101021,30,F,Port Jennamouth,Mid,100,Gold
C101022,44,F,Smithborough,Affluent,164,Green
C101023,21,F,Lake Carlos,Affluent,68,Green
C101024,35,F,Kristintown,Affluent,36,Green
C101025,38,M,South Samuelchester,Mid,180,Centurion
C101026,35,F,South Trevor,High,178,Green
C101027,32,M,Bellfurt,High,169,Platinum
C101028,41,F,Port Timothyshire,Mid,146,Green
C101029,43,F,East Shannon,High,22,Gold
C101030,38,F,West Andrewview,Low,66,Platinum
C101031,33,M,North Matthewfurt,Mid,21,Green
C101032,47,F,Lake Charles,Mid,100,Green
C101033,23,F,West Brookefort,Low,128,Centurion
C101034,45,M,South Sherriburgh,Low,44,Gold
C101035,42,F,Mooreville,High,103,Green
C101036,40,M,Jamieborough,Mid,47,Green
C101037,37,M,Terryside,High,39,Platinum
C101038,21,M,Donnaport,Low,29,Platinum
C101039,53,F,North Brandon,Mid,54,Gold
C101040,47,M,Hernandezstad,Mid,90,Green
C101041,27,M,South Christopherfort,High,85,Platinum
C101042,46,M,North Anthony,Mid,17,Green
C101043,40,M,Lake Kelly,Mid,80,Gold
C101044,31,M,South Meganport,High,159,Gold
C101045,51,M,Ruizview,Mid,73,Green
C101046,33,M,Lake Amyburgh,Mid,49,Gold
C101047,52,M,Nicolestad,Low,101,Platinum
C101048,43,M,South Bradley,High,2,Platinum
C101049,48,F,Marshallbury,Low,176,Green
C101050,44,F,Anneberg,High,142,Green
C101051,43,M,North Elizabethside,Mid,59,Green
C101052,40,M,Arellanoshire,Affluent,97,Green
C101053,30,F,New Bruce,High,99,Gold
C101054,38,M,Cardenaschester,Affluent,103,Gold
C101055,48,F,Armstrongbury,Mid,179,Green
C101056,45,M,Evansfurt,High,2,Green
C101057,43,M,New Ashleyhaven,Mid,41,Green
C101058,21,F,North Stacy,Mid,123,Gold
C101059,35,F,Thompsonburgh,Mid,82,Gold
C101060,34,M,Port James,High,144,Gold
C101061,25,M,South Christianchester,Affluent,132,Gold
C101062,47,F,Port Courtney,High,140,Gold
C101063,21,M,Luisland,Mid,29,Gold
C101064,47,F,South Angelaside,Mid,135,Green
C101065,52,M,Melissahaven,High,14,Gold
C101066,35,M,Starktown,Mid,12,Green
C101067,37,M,Rodriguezberg,Low,99,Green
C101068,48,F,New Brianna,Mid,133,Centurion
C101069,29,M,North Annaville,Mid,81,Green
C101070,45,M,Mikaylastad,Mid,106,Gold
C101071,27,M,Bakerfort,Mid,32,Gold
C101072,24,F,Johnsonview,Low,74,Green
C101073,41,F,Thomasfurt,Low,171,Green
C101074,37,F,South Pamelamouth,Affluent,81,Gold
C101075,21,F,North Julie,Mid,69,Green
C101076,53,M,Pennytown,Mid,45,Green
C101077,33,F,Lisaport,High,106,Centurion
C101078,43,M,Juanfort,Mid,137,Gold
C101079,55,M,Port Jeremyport,Affluent,177,Green
C101080,40,M,Schroedermouth,High,161,Green
C101081,52,F,Jessicaland,Low,100,Gold
C101082,28,F,South Jason,Mid,146,Green
C101083,53,F,Figueroahaven,High,9,Green
C101084,28,F,Lorihaven,Affluent,62,Gold
C101085,31,F,North Larry,Mid,29,Green
C101086,21,F,Taylorhaven,Mid,125,Gold
C101087,40,M,East Jamesborough,Low,114,Gold
C101088,44,F,East Antonioton,Affluent,153,Green
C101089,46,F,Janetview,Mid,143,Green
C101090,22,F,Madisonhaven,Affluent,134,Gold
C101091,42,M,Reidville,Mid,120,Gold
C101092,42,M,East Nathanmouth,Mid,170,Green
C101093,44,M,Port Thomas,Mid,157,Green
C101094,29,M,Maxview,Mid,79,Centurion
C101095,21,M,West Anthonyton,Low,93,Green
C101096,45,F,Port Ashley,Mid,4,Centurion
C101097,36,F,Port Jeffrey,Low,82,Green
C101098,41,F,Lake Jamie,High,177,Green
C101099,36,M,Palmertown,Mid,172,Gold
C101100,40,M,Buckburgh,Low,75,Green
C101101,46,M,East Johnnyport,Affluent,14,Green
C101102,21,M,Rodneyfurt,High,131,Green
C101103,50,M,Stephenborough,Affluent,114,Centurion
C101104,35,M,Turnerhaven,Affluent,62,Green
C101105,55,F,Silvatown,Low,106,Gold
C101106,32,M,Annaport,Mid,64,Gold
C101107,30,F,Gabriellefort,High,102,Gold
C101108,36,F,West Vanessamouth,High,173,Gold
C101109,43,F,Joseport,Low,106,Green
C101110,34,F,East Zachary,High,20,Green
C101111,44,F,North Linda,Mid,58,Green
C101112,33,F,Guerreroberg,Mid,112,Green
C101113,38,F,Lake Tylerport,Mid,57,Green
C101114,62,M,Rebeccafurt,Mid,119,Green
C101115,41,M,Doyleshire,Mid,97,Platinum
C101116,42,F,West Jessica,Low,92,Platinum
C101117,21,M,Lake Amanda,High,52,Green
C101118,52,F,Knoxstad,Mid,37,Green
C101119,49,F,Meganside,Low,8,Green
C101120,30,M,West Connor,High,44,Green
C101121,49,M,Lake Jonathan,Affluent,98,Green
C101122,41,F,Lake Rachel,High,133,Platinum
C101123,38,F,East Michaelport,High,118,Green
C101124,52,F,Frenchmouth,High,69,Green
C101125,32,F,Jorgeport,Mid,159,Green
C101126,30,F,Yorkfort,Low,45,Centurion
C101127,40,F,Port Cynthiashire,Mid,137,Platinum
C101128,43,M,South Pamelahaven,Mid,32,Gold
C101129,48,M,Port Erinhaven,Mid,33,Gold
C101130,36,M,Robertberg,High,126,Green
C101131,28,M,East Matthew,Mid,67,Green
C101132,65,M,Thomasburgh,Low,30,Gold
C101133,26,F,South Marvinburgh,Mid,114,Platinum
C101134,38,F,Cynthiatown,High,29,Green
C101135,46,F,Hillburgh,Low,131,Green
C101136,50,F,South Kristen,High,30,Gold
C101137,31,M,East Christinachester,Mid,137,Green
C101138,21,M,Pattersonfort,Mid,154,Gold
C101139,31,F,Smithside,Mid,130,Green
C101140,47,M,Lake Nathan,High,62,Green
C101141,45,F,West Katherinehaven,Mid,3,Gold
C101142,45,M,North Erica,High,174,Platinum
C101143,45,M,East Heather,Mid,68,Green
C101144,52,M,Larryville,Mid,25,Green
C101145,29,F,Gordonport,High,179,Green
C101146,24,F,North Madison,High,141,Gold
C101147,42,F,Stacymouth,High,44,Platinum
C101148,26,F,Ryanberg,High,163,Green
C101149,24,F,Wendyfort,High,55,Green
C101150,51,F,Karenburgh,High,137,Centurion
C101151,40,F,Smithbury,High,130,Gold
C101152,38,M,East Jessica,High,41,Gold
C101153,38,F,North Michael,High,172,Green
C101154,36,F,South Nancyview,Mid,64,Green
C101155,51,M,New Virginiaville,High,31,Gold
C101156,21,M,North Hannahchester,Low,47,Gold
C101157,21,M,Jamesside,High,130,Gold
C101158,27,M,Thomasberg,High,96,Green
C101159,41,F,Lake Gina,Low,77,Gold
C101160,57,F,West Robertville,High,110,Platinum
C101161,47,F,Cindyberg,Low,69,Platinum
C101162,44,F,Rivasville,Mid,58,Green
C101163,37,F,West Danielville,High,106,Gold
C101164,23,M,Gonzalezborough,Low,44,Gold
C101165,43,F,Marieborough,High,74,Platinum
C101166,60,F,Jadeport,High,56,Platinum
C101167,35,F,North Amy,Mid,171,Centurion
C101168,31,F,Lake Sarah,Low,127,Centurion
C101169,35,F,Jimmytown,Mid,162,Green
C101170,44,M,North Maryfort,Mid,30,Gold
C101171,39,F,North Kimberly,Affluent,71,Gold
C101172,48,F,Lake Jenniferview,Mid,118,Green
C101173,37,F,South Vanessa,Mid,55,Green
C101174,35,M,Josephton,Mid,67,Green
C101175,40,M,Port Greggton,Mid,141,Platinum
C101176,32,M,Michaelmouth,High,3,Green
C101177,57,F,Rodgersville,Low,26,Platinum
C101178,47,M,North Melissaburgh,High,57,Gold
C101179,25,F,Michaelmouth,Mid,126,Gold
C101180,29,M,Natalieland,Affluent,152,Green
C101181,44,M,Lisaburgh,Mid,53,Gold
C101182,40,F,South Ricardomouth,Mid,43,Gold
C101183,41,F,Maryfort,Affluent,49,Green
C101184,35,F,Banksburgh,Low,42,Platinum
C101185,43,M,East Heatherton,Affluent,11,Gold
C101186,36,M,North Robert,High,103,Green
C101187,44,M,Phammouth,Low,98,Platinum
C101188,46,M,New Noah,Mid,146,Green
C101189,55,F,Cherylberg,High,85,Gold
C101190,32,M,Knappville,Low,100,Gold
C101191,37,F,Alexanderland,Mid,104,Green
C101192,24,F,Dianatown,Mid,180,Gold
C101193,58,F,Lake Morgan,Mid,46,Gold
C101194,21,F,South Dorothybury,Low,44,Gold
C101195,56,M,Reedfurt,High,22,Green
C101196,39,M,Port Margaret,Affluent,114,Green
C101197,42,F,North Dawnburgh,Affluent,125,Green
C101198,36,M,Christianburgh,High,124,Centurion
C101199,38,F,Port Travisbury,Low,30,Green
C101200,44,F,Taraton,High,8,Gold
C101201,21,F,New Dawn,Low,98,Platinum
C101202,30,F,Montoyaland,Low,57,Platinum
C101203,28,F,Wallaceshire,Mid,111,Platinum
C101204,42,F,Millerfort,Mid,73,Centurion
C101205,38,M,Stewartfort,High,115,Green
C101206,44,F,North Richardton,High,20,Green
C101207,39,M,Port Christopherport,Mid,25,Green
C101208,49,F,Lake Emily,Mid,19,Green
C101209,29,F,Michaelton,Affluent,5,Gold
C101210,38,M,Port Shawn,Mid,75,Green
C101211,50,M,Moranstad,Mid,128,Gold
C101212,48,M,Wilsonbury,Low,72,Green
C101213,21,F,West Michaelport,High,155,Green
C101214,26,F,Jacquelineton,High,40,Gold
C101215,37,F,South Donald,Mid,26,Green
C101216,35,F,Rodriguezborough,Low,27,Gold
C101217,37,M,North Sarah,High,83,Centurion
C101218,46,F,Lewisborough,High,128,Platinum
C101219,41,F,Danielchester,Mid,178,Green
C101220,41,M,Lake Maryshire,Affluent,170,Platinum
C101221,45,M,Port Patriciamouth,Low,157,Green
C101222,49,F,South Adam,Mid,167,Gold
C101223,21,F,New Savannahshire,Affluent,169,Green
C101224,33,F,Glassburgh,Mid,33,Green
C101225,28,F,Lake Lisa,Mid,97,Centurion
C101226,43,M,South Dianemouth,Mid,111,Green
C101227,32,F,Barnesbury,Mid,16,Platinum
C101228,38,M,Raymondmouth,Affluent,23,Green
C101229,47,F,Shawnberg,Mid,135,Platinum
C101230,31,M,South Carrie,High,26,Centurion
C101231,41,F,Meganside,Mid,96,Gold
C101232,55,M,Jenniferside,Mid,12,Gold
C101233,47,M,East Jason,Low,72,Gold
C101234,21,M,Glendaberg,High,133,Platinum
C101235,34,M,New Amy,Mid,106,Green
C101236,41,M,Jenniferstad,High,117,Gold
C101237,44,F,Aguilarchester,Mid,177,Green
C101238,35,M,Nataliechester,Affluent,26,Green
C101239,30,M,New Danielfurt,Low,133,Green
C101240,38,M,North Ellen,High,22,Gold
C101241,26,M,West Karen,High,13,Platinum
C101242,50,F,West Frances,High,156,Green
C101243,58,F,Port Bryan,High,161,Gold
C101244,42,M,Jamesside,High,107,Gold
C101245,35,M,West Lisaville,Mid,23,Gold
C101246,48,F,Lake Deborah,Low,97,Platinum
C101247,46,F,Youngport,Low,18,Green
C101248,34,M,South Paulmouth,Affluent,117,Green
C101249,37,M,North Juliaborough,Mid,30,Green
C101250,31,M,Greerstad,High,26,Platinum
C101251,39,M,Port Jenny,Mid,144,Centurion
C101252,41,M,West Shane,Low,39,Green
C101253,29,M,East Sydneyhaven,Low,161,Green
C101254,26,M,South Billyview,High,154,Gold
C101255,23,F,Davidshire,Mid,176,Gold
C101256,42,F,Adammouth,Mid,166,Gold
C101257,37,F,North Eric,Mid,130,Centurion
C101258,37,F,Candiceport,Low,113,Platinum
C101259,43,M,Tylerside,Mid,134,Platinum
C101260,28,M,Charlesmouth,Mid,46,Gold
C101261,26,M,East Abigail,High,50,Green
C101262,40,F,South Amy,Mid,166,Gold
C101263,21,F,Davisbury,Mid,106,Gold
C101264,35,F,Lake Martin,Low,146,Green
C101265,65,M,Kellyhaven,Low,155,Green
C101266,23,M,Barajastown,Mid,169,Gold
C101267,33,F,Lake Michaelbury,Mid,72,Gold
C101268,21,F,North Felicia,Mid,74,Gold
C101269,35,M,Patrickville,Mid,17,Green
C101270,59,F,Scottport,High,157,Gold
C101271,43,M,New Lynnstad,High,70,Green
C101272,31,F,Tuckerport,High,150,Gold
C101273,61,M,West Willie,Low,6,Gold
C101274,21,F,East Teresaside,Mid,26,Platinum
C101275,42,F,Lake Cameronborough,Low,167,Platinum
C101276,38,F,Houstonborough,Mid,140,Gold
C101277,35,F,Lucasland,Affluent,99,Gold
C101278,46,M,North Stephen,Low,142,Gold
C101279,24,M,Benjaminland,Mid,22,Green
C101280,41,M,East Lauraside,Mid,51,Gold
C101281,40,M,New Lorraineview,High,151,Gold
C101282,28,M,Hughesfurt,Mid,176,Gold
C101283,59,M,Stewartfurt,Low,104,Green
C101284,35,F,New Adamland,Mid,178,Platinum
C101285,36,M,Lake Melaniestad,Mid,89,Green
C101286,26,M,West Kristinport,Low,141,Green
C101287,36,F,West Kathymouth,Mid,138,Centurion
C101288,63,F,Fostertown,Low,9,Platinum
C101289,35,F,Moorebury,Low,79,Green
C101290,43,F,Lake Peter,Mid,52,Platinum
C101291,48,M,Susanberg,Low,130,Green
C101292,36,M,Ericastad,Mid,153,Gold
C101293,33,F,New Nancyberg,High,13,Gold
C101294,43,M,North Adamfurt,High,51,Gold
C101295,35,F,West Jasonstad,Mid,34,Gold
C101296,34,M,South Rebecca,Low,35,Green
C101297,48,F,East Jack,Low,131,Green
C101298,37,F,Jamesburgh,Mid,120,Gold
C101299,51,F,Port Karenside,High,70,Green
C101300,36,M,Newmanland,Low,176,Centurion
C101301,23,F,Emilyview,Affluent,147,Gold
C101302,21,F,East Jessicafort,Low,67,Green
C101303,21,M,Michaelbury,Mid,103,Gold
C101304,21,F,West Christineborough,High,73,Green
C101305,40,M,Toddmouth,High,116,Green
C101306,27,M,Heatherberg,High,133,Gold
C101307,21,M,Lindseychester,High,67,Centurion
C101308,36,F,North Lawrence,Mid,139,Gold
C101309,26,M,Lake Jodi,High,121,Green
C101310,43,F,Hillstad,Low,94,Gold
C101311,42,F,Lake Jessica,High,129,Green
C101312,43,F,Fordstad,Mid,91,Green
C101313,21,M,Tonyville,High,92,Platinum
C101314,38,M,Lake Catherine,Mid,63,Centurion
C101315,36,M,Micheleberg,Mid,29,Green
C101316,24,M,West Jessica,Mid,12,Gold
C101317,21,F,Lake Charlestown,High,77,Centurion
C101318,36,F,Port Bonniefurt,Low,41,Green
C101319,49,M,North Andrea,Low,130,Green
C101320,21,M,Valdezberg,Mid,37,Platinum
C101321,28,F,Philipshire,Low,173,Gold
C101322,39,M,Dennishaven,High,176,Green
C101323,50,F,South Michaeltown,Mid,24,Green
C101324,34,M,Port Tamara,Affluent,99,Green
C101325,59,F,Port Willie,Mid,150,Gold
C101326,21,F,Mooreshire,Low,100,Platinum
C101327,21,F,Lake Jessica,High,139,Gold
C101328,49,M,Billyfort,High,58,Gold
C101329,21,F,North Joseph,Mid,174,Green
C101330,43,F,North Elizabeth,Mid,29,Green
C101331,34,M,Paulmouth,High,163,Green
C101332,28,M,North Tinamouth,Mid,143,Platinum
C101333,33,F,Lake Tanyaview,Affluent,60,Gold
C101334,23,M,Bethshire,Affluent,95,Green
C101335,34,M,South Desiree,High,42,Gold
C101336,38,M,Brianaland,Low,43,Platinum
C101337,33,F,Nicholasbury,High,74,Gold
C101338,31,F,Gomezstad,Low,177,Green
C101339,40,F,Sparkstown,Low,160,Green
C101340,56,F,South Gabriel,Mid,64,Green
C101341,35,F,New Dawnborough,Mid,2,Platinum
C101342,47,F,East Eric,High,152,Gold
C101343,27,F,Lake Jerrymouth,High,66,Gold
C101344,23,F,South Emmafort,High,166,Platinum
C101345,42,M,New Evan,Mid,31,Centurion
C101346,35,F,Johnsonton,Mid,115,Green
C101347,50,F,New Brittany,Mid,26,Green
C101348,52,M,Lake William,Affluent,29,Gold
C101349,47,M,North Gabriel,Low,78,Green
C101350,46,F,New Susan,High,25,Platinum
C101351,21,M,Lake Jessicaport,Mid,48,Platinum
C101352,42,M,East Shanefort,Mid,65,Gold
C101353,47,M,Jacksonchester,High,67,Green
C101354,24,M,Port Brandi,Mid,90,Green
C101355,38,F,New Donna,High,146,Green
C101356,26,M,Garymouth,Affluent,137,Platinum
C101357,49,M,Carlsonland,Mid,38,Green
C101358,27,M,South Paul,Mid,87,Green
C101359,29,F,North Jameshaven,Mid,149,Green
C101360,32,F,Serranoville,Affluent,65,Centurion
C101361,62,F,South Rachel,Mid,149,Gold
C101362,49,F,Port Amandaville,Mid,27,Platinum
C101363,55,M,South Donnaside,Mid,106,Platinum
C101364,21,F,Port Erikachester,High,123,Gold
C101365,24,F,Woodton,Low,44,Green
C101366,52,F,Perezfort,High,100,Green
C101367,21,M,Bellshire,Affluent,28,Gold
C101368,30,M,South Dennisfort,Low,173,Platinum
C101369,60,F,Port Christopher,Mid,17,Green
C101370,27,M,Scotttown,Affluent,127,Green
C101371,21,M,New Alexandrahaven,Low,123,Gold
C101372,38,F,South Diamondmouth,High,168,Green
C101373,21,M,Coxberg,Mid,131,Gold
C101374,51,F,Pearsonview,Mid,76,Green
C101375,28,M,Melissachester,High,46,Green
C101376,25,F,Cherylfurt,Mid,158,Green
C101377,38,M,South Andrea,Mid,69,Gold
C101378,33,F,Whiteside,Mid,137,Gold
C101379,40,M,Kingport,Mid,85,Green
C101380,43,F,Kimfurt,Low,11,Platinum
C101381,35,F,Port Michelle,Mid,69,Green
C101382,25,M,Lake Jerryburgh,Affluent,99,Green
C101383,46,F,East Williammouth,Mid,91,Gold
C101384,30,F,East Paultown,High,159,Green
C101385,28,M,Port Dustinchester,Mid,161,Gold
C101386,39,M,North Josestad,High,167,Centurion
C101387,21,M,New Benjaminfurt,Low,94,Gold
C101388,42,M,Mendezhaven,Affluent,174,Gold
C101389,40,F,Jenniferton,Mid,165,Gold
C101390,50,M,Lake Troy,Mid,115,Green
C101391,32,F,East Melissahaven,Low,31,Gold
C101392,52,M,Jameshaven,Low,11,Green
C101393,43,M,New Gavin,Mid,87,Centurion
C101394,37,M,West Johntown,Mid,121,Green
C101395,57,M,North Wendy,High,130,Gold
C101396,39,F,Gomezfurt,Mid,105,Platinum
C101397,32,M,Willishaven,Mid,27,Platinum
C101398,39,F,Lake Janeland,Mid,2,Centurion
C101399,32,M,Jessicaside,High,103,Gold
C101400,42,M,Michaelview,Low,101,Green
C101401,52,M,New Sylvia,Low,21,Platinum
C101402,37,M,Spearsshire,Low,58,Green
C101403,38,M,West Gregoryhaven,High,133,Green
C101404,46,M,New Charlesport,High,180,Gold
C101405,51,F,Staceyhaven,Mid,173,Gold
C101406,33,F,Nancyshire,High,85,Platinum
C101407,39,F,Heatherfurt,High,93,Centurion
C101408,46,M,Carrillomouth,Mid,20,Platinum
C101409,41,M,Maldonadoshire,High,61,Green
C101410,21,F,South Darrenland,Mid,38,Gold
C101411,48,F,Schultzbury,Low,148,Platinum
C101412,43,M,Port Leslie,Mid,25,Centurion
C101413,44,M,Zacharytown,Low,130,Green
C101414,24,M,Johnland,Mid,121,Green
C101415,39,F,Nunezmouth,Affluent,160,Platinum
C101416,47,F,New Sarahfort,Low,26,Green
C101417,28,M,Michaelshire,Low,169,Gold
C101418,31,M,Ianborough,Mid,67,Green
C101419,47,M,Mclaughlinbury,Affluent,1,Gold
C101420,30,M,Port Joseph,Mid,51,Gold
C101421,35,F,East Mary,Mid,5,Green
C101422,26,F,Ericville,Low,13,Gold
C101423,58,M,North Emmafort,Low,147,Green
C101424,43,F,Port Mercedeston,Affluent,140,Green
C101425,35,M,Watsonmouth,Affluent,48,Green
C101426,33,F,Villanuevashire,Low,153,Gold
C101427,24,F,Travishaven,Affluent,57,Green
C101428,36,M,Raymondshire,Mid,115,Gold
C101429,45,F,North Alicia,High,35,Gold
C101430,29,M,Mendozaside,Mid,76,Gold
C101431,39,M,New Michaelburgh,Mid,94,Gold
C101432,33,M,Brayhaven,Mid,5,Gold
C101433,53,M,Stewarttown,High,22,Green
C101434,30,F,Lake Jasonshire,Low,103,Gold
C101435,46,M,West Michaelview,Low,175,Green
C101436,53,F,New Jose,Mid,131,Platinum
C101437,33,F,Thomasmouth,High,124,Platinum
C101438,31,M,Ivanchester,Mid,53,Green
C101439,48,M,South Jaclyn,High,159,Gold
C101440,21,M,Michaelfurt,Affluent,69,Platinum
C101441,42,M,Shannonshire,Low,104,Green
C101442,21,M,New Gina,High,161,Gold
C101443,51,F,Lake Josephbury,Mid,178,Green
C101444,35,M,Chaseborough,High,16,Gold
C101445,37,F,Port Susan,Low,116,Platinum
C101446,30,M,South Linda,High,76,Gold
C101447,21,M,South Victor,High,109,Gold
C101448,51,M,Kristenport,Affluent,39,Platinum
C101449,36,M,Annashire,High,89,Gold
C101450,73,M,South Coreyburgh,Mid,174,Gold
C101451,29,F,East Lisafort,Mid,112,Gold
C101452,30,F,South Julieview,High,47,Gold
C101453,28,M,Michaelside,Mid,172,Platinum
C101454,36,F,Mauricechester,Low,137,Centurion
C101455,55,M,West Michelleborough,Affluent,128,Platinum
C101456,49,M,Port Justin,High,178,Gold
C101457,21,F,Emilyfort,High,77,Green
C101458,51,F,Prestonfurt,Mid,15,Platinum
C101459,45,F,Stevenberg,High,36,Gold
C101460,43,M,Lake Lindsey,Mid,63,Platinum
C101461,30,F,Robertshire,High,69,Green
C101462,31,F,Sweeneyland,Low,169,Platinum
C101463,39,M,East Matthewmouth,High,74,Green
C101464,31,F,Deniseview,Affluent,24,Green
C101465,52,F,Nelsonmouth,Low,49,Gold
C101466,31,F,Juliehaven,Affluent,146,Gold
C101467,21,F,Gutierrezburgh,Mid,7,Green
C101468,23,M,East Jessicaview,High,4,Gold
C101469,24,F,East Garrettville,High,90,Green
C101470,35,M,North Sharonfort,Mid,60,Green
C101471,40,F,North Kellihaven,High,55,Green
C101472,38,F,North Joseberg,High,16,Platinum
C101473,43,F,Lake Sarahfurt,Mid,29,Green
C101474,35,M,Jeromeport,Mid,151,Green
C101475,35,F,Simsberg,High,14,Gold
C101476,57,M,North Austin,High,79,Gold
C101477,51,F,Michellemouth,High,177,Platinum
C101478,42,F,Mcdonaldside,High,33,Platinum
C101479,48,M,Amyberg,Mid,153,Platinum
C101480,21,M,New Carla,High,21,Green
C101481,28,F,Millsside,Low,145,Gold
C101482,33,M,Reginafort,Mid,23,Gold
C101483,29,M,Port Christopher,Low,57,Green
C101484,21,M,Michaelview,Mid,142,Green
C101485,42,M,West Alex,Mid,93,Gold
C101486,53,F,West Justin,Mid,20,Green
C101487,37,F,Lake Sandrafort,High,158,Centurion
C101488,45,F,Albertchester,Mid,19,Platinum
C101489,37,M,Carlatown,Mid,103,Green
C101490,33,F,Jacobside,Mid,77,Green
C101491,48,F,Fosterburgh,Mid,151,Centurion
C101492,22,F,Claytonbury,Mid,33,Green
C101493,21,M,Christianbury,Low,18,Platinum
C101494,22,M,Justinside,Mid,73,Gold
C101495,47,F,Robertland,High,161,Platinum
C101496,38,M,East Keith,Mid,160,Gold
C101497,42,F,Williamsonview,Mid,17,Green
C101498,56,F,Lopeztown,Mid,19,Green
C101499,25,M,North Tara,High,70,Gold
C101500,51,F,East Teresaport,Mid,120,Platinum
C101501,33,M,Davidmouth,Mid,101,Green
C101502,31,M,East Christophertown,Low,34,Gold
C101503,38,M,Robinsonchester,Mid,84,Green
C101504,40,M,Kristifort,Mid,153,Platinum
C101505,35,M,Steventon,Mid,74,Platinum
C101506,44,M,Christopherberg,Mid,88,Green
C101507,38,M,West Kimberlyland,Mid,85,Green
C101508,35,M,Whiteview,Mid,11,Green
C101509,33,F,Claytonville,High,91,Gold
C101510,40,M,South Kelsey,High,144,Gold
C101511,23,M,Wrightton,High,127,Green
C101512,26,M,South Jill,Affluent,113,Centurion
C101513,33,M,New Elizabethborough,Low,80,Gold
C101514,43,F,Priceport,Low,7,Gold
C101515,61,F,Ericton,Low,16,Green
C101516,36,F,West Timothyport,Mid,16,Green
C101517,21,M,West Paige,High,168,Gold
C101518,29,F,North Joel,Mid,12,Gold
C101519,45,F,Nguyenburgh,Affluent,35,Gold
C101520,27,M,Brendafurt,Low,21,Platinum
C101521,23,M,North Tanya,Affluent,178,Gold
C101522,45,M,Barkerberg,Mid,171,Green
C101523,43,F,Kellibury,Low,17,Platinum
C101524,21,M,South Christopher,Mid,32,Gold
C101525,28,F,Sarahton,Mid,41,Green
C101526,51,M,West Deannaside,Mid,134,Green
C101527,47,F,East Tonymouth,Mid,27,Platinum
C101528,24,F,Lindamouth,High,148,Platinum
C101529,21,F,North Hannah,Mid,153,Green
C101530,40,F,Jenniferview,Mid,66,Green
C101531,34,F,South Jasmineside,Mid,137,Gold
C101532,39,F,Amyfort,High,92,Platinum
C101533,44,F,New Jacob,Mid,61,Green
C101534,27,M,Mariomouth,Mid,166,Platinum
C101535,33,M,Mikaylaside,Low,3,Green
C101536,28,M,North Amanda,Low,103,Green
C101537,28,M,Phillipsview,High,55,Green
C101538,44,F,Shawnhaven,Low,1,Green
C101539,39,M,Grosstown,Mid,101,Green
C101540,21,F,Kimberlybury,High,45,Platinum
C101541,45,M,Jenniferside,Low,175,Green
C101542,34,M,Leefort,Mid,26,Green
C101543,46,M,New Justin,Mid,121,Green
C101544,26,M,Davidsonville,Affluent,142,Platinum
C101545,27,M,New Donnaton,Mid,46,Platinum
C101546,40,F,East Morgan,High,122,Green
C101547,25,F,North Todd,Mid,31,Gold
C101548,34,F,North Ashleyfurt,Low,59,Green
C101549,24,F,Foxshire,Mid,29,Gold
C101550,33,F,Brandonbury,Affluent,106,Green
C101551,37,F,North Sarahborough,Mid,17,Gold
C101552,38,M,Hebertland,High,142,Gold
C101553,33,M,Owenton,High,164,Gold
C101554,41,M,Angelachester,Mid,24,Green
C101555,39,M,Lauraton,Mid,109,Green
C101556,37,M,Allisonland,Mid,91,Gold
C101557,31,F,Christianborough,Mid,25,Gold
C101558,49,F,North Jessicaside,High,32,Green
C101559,42,F,Lopezhaven,Affluent,116,Platinum
C101560,26,M,New Colleen,Mid,82,Gold
C101561,45,M,New Kara,Mid,110,Green
C101562,47,F,Reeseshire,High,146,Green
C101563,37,M,Emilychester,Mid,37,Centurion
C101564,37,F,East Lauraside,High,26,Green
C101565,21,M,Wagnerburgh,Mid,137,Platinum
C101566,28,F,Mahoneymouth,High,64,Gold
C101567,47,F,Meganchester,Low,72,Green
C101568,29,F,Mckenziemouth,Mid,148,Gold
C101569,36,F,New Amy,Mid,106,Green
C101570,28,M,Cannonview,Mid,86,Green
C101571,40,M,Suzannemouth,Low,158,Green
C101572,42,M,Smithton,High,53,Platinum
C101573,42,M,Caitlinhaven,High,92,Gold
C101574,25,M,West Adam,Mid,99,Green
C101575,39,F,East Melissa,Low,11,Green
C101576,55,M,Port Lynnview,Low,31,Gold
C101577,46,F,North Benjamin,Mid,177,Green
C101578,39,F,Ericview,Mid,100,Green
C101579,21,F,Pamelabury,Mid,87,Green
C101580,35,F,West Lisa,Mid,147,Gold
C101581,56,F,New Ricardoborough,Mid,140,Green
C101582,52,F,Lake Markfort,Mid,15,Gold
C101583,43,F,South Margaret,Mid,159,Gold
C101584,30,F,New Dawnton,Affluent,171,Centurion
C101585,38,M,Millerton,Low,101,Platinum
C101586,46,M,Michaelchester,High,165,Gold
C101587,48,F,Conradville,Mid,29,Gold
C101588,41,M,Lake Denise,Mid,114,Platinum
C101589,47,F,Lake Kimberlyfurt,High,107,Gold
C101590,37,M,West Alicemouth,High,154,Gold
C101591,36,M,West Wayne,Affluent,108,Green
C101592,32,M,East Brent,Low,130,Platinum
C101593,42,M,Maddoxshire,Low,84,Green
C101594,49,M,East Ryanfurt,High,15,Green
C101595,45,M,East Matthew,Mid,132,Gold
C101596,24,F,Duncanton,Mid,50,Platinum
C101597,25,M,Bakerfurt,Low,166,Gold
C101598,50,F,Ayalaberg,Low,23,Platinum
C101599,39,M,South Anita,High,59,Platinum
C101600,40,F,Fostershire,Low,90,Gold
C101601,40,F,New Christina,Mid,115,Gold
C101602,57,F,East Charles,Mid,75,Gold
C101603,33,F,Morrisshire,Mid,156,Platinum
C101604,50,F,North Emilychester,Low,123,Gold
C101605,40,M,Michaelmouth,Mid,136,Platinum
C101606,21,M,Brittneytown,Low,157,Green
C101607,28,M,Garystad,High,139,Green
C101608,31,M,Hansonmouth,Mid,18,Green
C101609,50,M,Port Jesusstad,Mid,50,Gold
C101610,51,F,Port Jessica,High,142,Platinum
C101611,41,M,North Jodibury,High,118,Green
C101612,32,M,Port Marissa,Mid,137,Green
C101613,27,F,Alexanderville,Mid,139,Green
C101614,50,F,Shannontown,Mid,108,Gold
C101615,23,F,Jasonside,High,67,Green
C101616,36,F,East Amy,Affluent,167,Green
C101617,64,M,Anaberg,High,78,Platinum
C101618,32,F,South Brandyhaven,Mid,156,Green
C101619,24,M,West Georgeport,High,75,Gold
C101620,21,M,Port Heather,Mid,39,Gold
C101621,64,M,Briantown,Low,25,Gold
C101622,41,F,South Donnastad,Mid,21,Green
C101623,28,M,North Kellyfurt,Affluent,138,Platinum
C101624,35,F,South William,Low,171,Gold
C101625,30,M,West Toddside,High,15,Green
C101626,21,M,East Jamesmouth,Mid,48,Green
C101627,46,M,North Johnhaven,Mid,86,Green
C101628,38,M,Matthewfurt,Low,149,Platinum
C101629,45,F,North Michael,Mid,116,Gold
C101630,38,F,Michaelport,High,50,Green
C101631,39,M,New Joshua,Mid,151,Green
C101632,21,F,Lake Jonathanfurt,High,141,Platinum
C101633,47,F,New Stacybury,High,69,Platinum
C101634,26,M,West Penny,Affluent,4,Gold
C101635,28,F,North Jessica,Mid,78,Gold
C101636,32,F,South John,Mid,9,Platinum
C101637,21,M,South Tara,Low,121,Gold
C101638,31,M,Shaneberg,Affluent,115,Gold
C101639,30,M,Lake Dillon,Affluent,163,Green
C101640,33,M,Port Devin,Mid,101,Platinum
C101641,21,M,South Wendy,High,149,Green
C101642,48,F,Lake Sarah,Mid,146,Green
C101643,42,F,West Carlos,Mid,97,Platinum
C101644,28,M,East Lonnieberg,Low,81,Gold
C101645,31,M,Port Lucaschester,High,43,Platinum
C101646,47,F,Turnerview,Low,95,Gold
C101647,35,M,Port Jacob,High,6,Platinum
C101648,24,F,East Anthony,High,67,Green
C101649,37,F,Catherinebury,High,140,Gold
C101650,26,F,East Grace,Low,100,Green
C101651,30,F,Christopherfort,Mid,12,Green
C101652,37,M,New Meghan,Mid,66,Green
C101653,49,M,Josephstad,Mid,2,Gold
C101654,60,F,Port Paul,Low,143,Green
C101655,52,F,Taylorborough,Affluent,151,Gold
C101656,37,M,North Ricky,Mid,157,Green
C101657,62,M,West Stephaniebury,Mid,81,Green
C101658,44,F,Port James,Mid,135,Gold
C101659,27,M,South Michelle,Mid,156,Centurion
C101660,39,M,Wattsmouth,Mid,142,Green
C101661,30,F,South Richard,Mid,172,Gold
C101662,24,M,New Jillfurt,Affluent,158,Centurion
C101663,25,M,Phillipshire,Mid,160,Gold
C101664,36,F,New Danielmouth,Affluent,70,Gold
C101665,46,F,East Aprilfurt,High,115,Green
C101666,49,M,New Paulton,Mid,88,Gold
C101667,24,M,West Scott,Affluent,6,Green
C101668,34,F,Kimport,Low,27,Gold
C101669,43,M,Jacksonport,High,82,Platinum
C101670,39,M,Lake Zacharyberg,Mid,88,Gold
C101671,45,M,Gallegosmouth,High,120,Green
C101672,33,F,Lake Vincentburgh,High,24,Platinum
C101673,52,F,South Robert,High,102,Gold
C101674,37,F,Johnsonmouth,High,34,Platinum
C101675,46,F,South Christopher,Mid,168,Gold
C101676,33,F,Heatherburgh,Low,47,Green
C101677,38,M,North Dannymouth,Mid,24,Gold
C101678,21,F,Christopherfurt,Low,65,Gold
C101679,28,F,South Andrea,High,18,Green
C101680,35,F,Port Georgemouth,Mid,44,Gold
C101681,39,M,East Misty,Affluent,76,Gold
C101682,67,F,Port Jennifer,Mid,57,Gold
C101683,33,F,Parkermouth,High,107,Green
C101684,22,M,Courtneyville,Low,156,Gold
C101685,56,F,East Adam,High,124,Green
C101686,49,F,Alexanderfort,Affluent,151,Gold
C101687,25,F,Stephenstown,Mid,162,Green
C101688,43,M,Youngshire,Mid,139,Green
C101689,47,M,Chavezmouth,High,163,Green
C101690,39,F,New Carolbury,Low,116,Green
C101691,41,F,Christineside,Mid,93,Gold
C101692,31,F,North Jack,Mid,42,Centurion
C101693,43,F,Lake Michaelberg,Low,28,Gold
C101694,32,M,Lake Belindaport,Mid,123,Gold
C101695,21,F,Samanthaton,Low,24,Platinum
C101696,40,F,South Victoriaburgh,Low,136,Platinum
C101697,21,F,Cherylshire,Low,106,Platinum
C101698,49,F,South Kara,Affluent,118,Green
C101699,25,F,Sarahland,Mid,53,Gold
C101700,21,F,Marcusfurt,Affluent,132,Platinum
C101701,21,M,Port Ronaldside,Mid,100,Platinum
C101702,37,M,West Thomasville,Mid,5,Gold
C101703,40,M,Markchester,Mid,49,Green
C101704,22,M,Lake Jason,Mid,98,Centurion
C101705,26,M,North Ashleyhaven,Low,30,Gold
C101706,37,F,South Jenniferport,Mid,72,Green
C101707,48,F,Lynchmouth,Mid,103,Green
C101708,24,F,Aliciastad,Mid,63,Gold
C101709,42,M,New Anna,High,175,Green
C101710,21,F,Vasquezburgh,Low,26,Green
C101711,41,F,Lake Kelly,Low,37,Centurion
C101712,46,F,North David,High,7,Green
C101713,43,F,Garrettville,Mid,127,Gold
C101714,48,F,Port Christina,Low,168,Platinum
C101715,48,M,Gutierrezmouth,Affluent,92,Gold
C101716,58,F,Annborough,Low,167,Green
C101717,39,F,Lake Jamesport,High,103,Gold
C101718,58,M,Kristyport,Affluent,53,Green
C101719,27,F,Williammouth,Mid,132,Green
C101720,35,M,North Ginamouth,Low,108,Gold
C101721,36,M,Ramseytown,Low,112,Platinum
C101722,26,F,East Mark,Mid,153,Gold
C101723,21,M,Sandrafort,Low,7,Green
C101724,47,F,Roblesberg,High,156,Gold
C101725,27,F,Mooremouth,Low,67,Green
C101726,33,F,Stevenchester,Mid,108,Gold
C101727,55,M,Port Adrianashire,Affluent,111,Green
C101728,44,F,Angelatown,High,148,Platinum
C101729,57,F,New Gina,Mid,83,Green
C101730,39,F,Carlberg,Mid,124,Green
C101731,44,F,Marymouth,Mid,139,Gold
C101732,35,M,Simsburgh,Mid,104,Green
C101733,28,F,Lopezville,Mid,67,Gold
C101734,44,F,Janetmouth,Low,7,Platinum
C101735,33,M,West Robertfort,High,151,Green
C101736,45,M,West Shannon,Mid,110,Green
C101737,31,F,Javierport,Low,34,Centurion
C101738,36,M,North Neil,Mid,106,Gold
C101739,36,F,Port Jamesland,Mid,147,Centurion
C101740,49,M,Hunterfort,High,58,Green
C101741,33,F,East Matthew,High,9,Green
C101742,51,F,Oconnorhaven,High,48,Green
C101743,28,F,Kimberlyberg,Low,115,Green
C101744,40,F,Port Tonihaven,Mid,41,Gold
C101745,30,F,East Jenny,Mid,48,Green
C101746,50,F,Hugheshaven,Low,173,Gold
C101747,28,F,North Larryton,Mid,25,Green
C101748,30,F,West Steventon,High,116,Platinum
C101749,24,M,New Katieport,Low,78,Green
C101750,39,F,New Katherineborough,Mid,108,Green
C101751,44,M,Jamesport,Mid,25,Gold
C101752,43,F,Amandamouth,Low,147,Green
C101753,36,M,West Edwardview,Mid,39,Gold
C101754,30,M,North Susanside,Affluent,119,Gold
C101755,34,M,East Amyside,High,79,Platinum
C101756,35,M,Josephport,Affluent,80,Gold
C101757,40,M,East Charles,Mid,27,Gold
C101758,40,F,Amberton,Low,104,Centurion
C101759,57,F,North Thomas,Mid,74,Centurion
C101760,38,M,North Patrickland,Mid,68,Gold
C101761,41,M,Myersshire,High,147,Gold
C101762,38,F,Jensenport,Low,28,Gold
C101763,34,M,Lisaside,Mid,123,Green
C101764,41,F,Port Kathyshire,Low,161,Centurion
C101765,33,M,North Lisa,Mid,138,Gold
C101766,37,F,Davisport,High,83,Green
C101767,50,M,Ruizbury,Mid,30,Green
C101768,32,M,Port Paula,Mid,22,Green
C101769,42,F,Robertafurt,Mid,3,Green
C101770,21,M,Lake Samantha,Mid,101,Green
C101771,35,F,Kristinamouth,High,105,Gold
C101772,32,F,Freemanland,High,176,Green
C101773,39,F,Rodriguezfort,Affluent,2,Gold
C101774,35,F,Singletonport,High,54,Green
C101775,39,M,Cassandraberg,Mid,6,Green
C101776,33,F,South Lisaville,High,107,Gold
C101777,42,M,Angelaland,Mid,168,Platinum
C101778,21,F,Amandafurt,Mid,123,Gold
C101779,39,F,Allenbury,High,2,Gold
C101780,27,M,South Patrick,Low,111,Gold
C101781,50,M,Jaredshire,Affluent,2,Green
C101782,27,F,Muellerchester,Mid,93,Green
C101783,48,F,Amybury,Mid,101,Green
C101784,37,F,Lake Elizabeth,High,97,Gold
C101785,21,F,Wilsonmouth,High,111,Gold
C101786,28,M,Angelamouth,Mid,6,Gold
C101787,47,F,West Stephanie,Mid,127,Green
C101788,46,F,New Danielfurt,Low,104,Platinum
C101789,23,M,Troyton,Mid,147,Green
C101790,55,M,East Lisashire,Low,155,Green
C101791,37,F,Port Dwayneberg,High,1,Green
C101792,47,F,Schmidtfurt,Mid,33,Gold
C101793,24,M,Gonzalezmouth,High,40,Green
C101794,32,F,Ashleyport,Low,32,Gold
C101795,42,F,Robbinsstad,Low,17,Platinum
C101796,34,F,New Alanhaven,High,126,Green
C101797,21,M,Abbottport,Low,8,Gold
C101798,35,F,West Rachelton,Low,57,Green
C101799,21,M,Lake Annstad,Low,42,Green
C101800,26,F,Port Juliantown,Affluent,98,Green
C101801,22,M,South Jacqueline,High,137,Centurion
C101802,50,F,Garrettfurt,Mid,120,Gold
C101803,53,M,Jamesside,Mid,87,Platinum
C101804,41,F,Lake Glenn,Mid,163,Green
C101805,35,M,East Angela,High,54,Platinum
C101806,38,M,Maryberg,High,84,Platinum
C101807,50,M,Whitneyberg,Low,25,Gold
C101808,21,M,North Charles,Low,67,Platinum
C101809,26,F,East Jenniferfort,Low,174,Green
C101810,49,M,Proctorberg,High,152,Gold
C101811,51,M,East Dawnchester,High,46,Gold
C101812,44,M,Englishchester,Mid,22,Gold
C101813,26,M,South William,Low,139,Platinum
C101814,48,M,Cruzbury,Low,176,Green
C101815,52,M,South Cassandra,Affluent,8,Green
C101816,45,F,Bradfordbury,Mid,39,Green
C101817,21,M,Robertside,High,163,Platinum
C101818,39,F,Arthurton,Mid,49,Platinum
C101819,44,M,Bushville,Mid,46,Gold
C101820,32,M,Nixonland,Mid,38,Gold
C101821,40,F,Lake Jessica,Low,136,Gold
C101822,32,F,Stevenland,Mid,54,Gold
C101823,28,M,East Thomasland,High,165,Green
C101824,54,M,Chloemouth,Mid,92,Gold
C101825,40,M,South Shawnfort,Mid,40,Gold
C101826,25,F,Robertport,Low,34,Gold
C101827,22,F,Garyport,Affluent,96,Green
C101828,28,F,Bryanfort,High,79,Platinum
C101829,28,M,New Brett,Mid,127,Platinum
C101830,39,F,Lisatown,Affluent,17,Gold
C101831,43,F,Toddberg,Mid,161,Gold
C101832,43,F,Port Kristenview,Mid,175,Gold
C101833,29,F,New Juan,High,110,Gold
C101834,48,F,Alexisville,High,52,Green
C101835,51,F,New Joanne,High,118,Platinum
C101836,35,F,Woodburgh,Low,9,Gold
C101837,26,M,Kimberlybury,Mid,33,Gold
C101838,39,F,Whitehaven,Affluent,113,Gold
C101839,61,F,West Traceyberg,Mid,149,Gold
C101840,26,M,Port Tyler,Mid,85,Platinum
C101841,32,M,Townsendbury,Mid,10,Gold
C101842,38,M,Barberburgh,Mid,6,Platinum
C101843,43,M,New Jessica,Mid,115,Gold
C101844,21,F,Brianview,Affluent,121,Centurion
C101845,52,M,North Garyfurt,Mid,141,Platinum
C101846,52,F,Turnerside,Low,65,Green
C101847,33,M,South Frances,Low,20,Platinum
C101848,67,M,Wellsberg,High,57,Gold
C101849,51,F,Smithmouth,Mid,46,Centurion
C101850,50,F,Gregoryhaven,Mid,136,Gold
C101851,51,M,North Samanthastad,High,10,Green
C101852,50,F,Bishopview,High,113,Green
C101853,37,M,Josephville,High,139,Gold
C101854,36,M,Destinyfurt,Affluent,12,Platinum
C101855,27,F,Mejiabury,Mid,138,Gold
C101856,31,M,New Matthew,High,153,Green
C101857,34,F,West Amy,Mid,177,Gold
C101858,38,F,Port Carloschester,High,177,Gold
C101859,55,M,New Daltonmouth,High,11,Green
C101860,21,F,Jeffreyport,High,118,Green
C101861,52,M,Jamestown,High,164,Green
C101862,26,F,North Sheenaborough,Low,39,Green
C101863,36,M,Lake Susanland,Mid,53,Green
C101864,30,F,South Diana,Affluent,56,Green
C101865,58,F,North Heather,Affluent,104,Platinum
C101866,32,M,Kennethland,Low,129,Green
C101867,43,F,Livingstonview,Low,56,Green
C101868,44,F,Schwartzmouth,Low,118,Green
C101869,25,F,Fernandoland,High,132,Gold
C101870,36,F,Kimberlyfurt,High,30,Gold
C101871,51,M,Cookton,Mid,12,Green
C101872,28,M,Stephanieview,Mid,35,Gold
C101873,47,M,South Chad,High,77,Gold
C101874,34,M,New Philip,High,180,Green
C101875,50,M,Rodriguezside,Mid,159,Gold
C101876,57,M,Robinsonville,Mid,102,Gold
C101877,21,M,Baldwinville,Mid,87,Green
C101878,23,F,North Chadview,Mid,52,Gold
C101879,33,M,Smithfort,Mid,80,Platinum
C101880,54,M,Lake Danielle,High,135,Gold
C101881,43,M,Lake Peterberg,High,22,Green
C101882,24,F,Rebeccashire,Mid,75,Platinum
C101883,45,F,New Jasminefort,High,58,Gold
C101884,27,M,Grahamland,Low,93,Green
C101885,47,F,North Patrick,Mid,103,Gold
C101886,43,F,Martinezside,Low,140,Gold
C101887,27,F,Mathewport,Mid,7,Platinum
C101888,37,F,Brownland,High,128,Green
C101889,51,M,Amandamouth,Affluent,55,Green
C101890,21,M,Port Steveport,Low,106,Gold
C101891,41,M,East Angela,Mid,62,Platinum
C101892,25,F,Guerreroport,High,90,Green
C101893,37,M,Mosleystad,Mid,98,Platinum
C101894,43,F,Millermouth,Mid,77,Gold
C101895,60,M,East Austin,High,119,Platinum
C101896,37,M,Lake Wendybury,Mid,36,Gold
C101897,54,F,Priceside,Low,89,Green
C101898,28,F,Victormouth,Mid,152,Gold
C101899,32,F,North Matthewmouth,High,172,Platinum
C101900,44,M,South Davidhaven,Mid,145,Green
C101901,40,F,Bentleyside,Low,130,Gold
C101902,34,M,Lake Beth,High,141,Green
C101903,34,F,North Jillfort,Low,159,Green
C101904,52,M,South Rebeccaton,High,93,Platinum
C101905,34,F,Lake Deborah,Mid,114,Green
C101906,26,F,East Cynthiaport,Affluent,28,Platinum
C101907,28,F,South Cherylshire,Mid,155,Gold
C101908,45,F,Port Lisaville,Mid,143,Centurion
C101909,62,F,Larsonbury,Low,33,Green
C101910,32,F,Port Jamesmouth,Mid,20,Green
C101911,61,F,Nguyenshire,High,170,Green
C101912,37,M,West Mary,Affluent,140,Platinum
C101913,34,M,Port Brandon,Mid,101,Gold
C101914,27,F,West Bryan,Mid,23,Green
C101915,35,F,Donaldchester,High,112,Platinum
C101916,29,M,Lake Mitchell,High,14,Platinum
C101917,28,M,South John,Mid,91,Platinum
C101918,21,M,East Craigfurt,Mid,153,Green
C101919,57,F,North Nichole,Mid,77,Green
C101920,49,M,North Adrianland,High,85,Gold
C101921,40,M,Robertfort,Low,109,Gold
C101922,36,M,East Douglas,Mid,31,Green
C101923,37,M,Alexandrachester,Mid,122,Green
C101924,29,F,East Cheryl,High,107,Centurion
C101925,25,F,New Hectorfort,Low,54,Green
C101926,45,M,Lake Margaretport,Mid,133,Gold
C101927,35,M,Robertside,Mid,141,Gold
C101928,41,F,East David,Mid,156,Gold
C101929,21,F,New Michaelside,Low,43,Gold
C101930,34,M,South Kaylee,Mid,89,Gold
C101931,25,M,West Brian,Mid,115,Green
C101932,43,F,Port Edwardfort,Mid,99,Platinum
C101933,48,F,Thompsonton,Mid,47,Green
C101934,54,F,Lake Michaelborough,High,71,Platinum
C101935,31,M,Kingmouth,High,166,Gold
C101936,25,F,North Joyside,Mid,67,Gold
C101937,33,F,East Kristen,High,62,Green
C101938,30,F,Robertsonland,Mid,109,Green
C101939,42,F,Lake Sean,Low,167,Gold
C101940,22,M,Robertmouth,Low,37,Green
C101941,21,F,Port Daniel,Mid,119,Centurion
C101942,34,M,North Joel,High,86,Centurion
C101943,45,F,Kanefurt,High,126,Green
C101944,26,F,North Thomas,High,136,Green
C101945,47,F,Brownchester,Mid,52,Gold
C101946,42,M,East Sarah,Mid,91,Centurion
C101947,55,M,Thompsonstad,Low,33,Gold
C101948,29,M,South Jennifer,Mid,81,Green
C101949,21,M,Theresaborough,Mid,42,Gold
C101950,44,M,Davidshire,Low,112,Green
C101951,41,F,West Derekmouth,Mid,126,Green
C101952,40,M,Barnesmouth,Mid,155,Green
C101953,26,F,West Cassandra,High,136,Gold
C101954,46,F,New Tara,Affluent,151,Green
C101955,31,F,North Robert,Affluent,106,Gold
C101956,40,F,Atkinsborough,Mid,125,Platinum
C101957,32,M,Hoodview,Mid,113,Gold
C101958,41,M,Lake Ronniebury,Mid,64,Gold
C101959,24,M,West Ryan,High,123,Green
C101960,43,F,New Sophia,Low,114,Gold
C101961,45,F,South Tinaton,Mid,20,Green
C101962,39,F,Quinnhaven,High,16,Gold
C101963,56,F,South Amandafort,Mid,145,Green
C101964,40,F,South Tylerland,Mid,19,Green
C101965,48,F,Lake Jessicaborough,Mid,120,Green
C101966,39,F,West Kenneth,Low,136,Green
C101967,47,M,North Timothyport,Mid,166,Gold
C101968,21,M,Lake Stephen,Mid,38,Gold
C101969,38,M,South Stevenberg,Low,93,Green
C101970,25,F,Lopezstad,Low,105,Gold
C101971,39,F,Padillatown,High,100,Gold
C101972,42,M,South Patriciamouth,Mid,90,Gold
C101973,46,F,West Ronaldview,Mid,159,Platinum
C101974,43,M,Port Gail,Mid,44,Green
C101975,34,F,Jillton,Affluent,76,Green
C101976,29,M,Pamelaville,Mid,145,Gold
C101977,21,M,Diazton,Mid,79,Platinum
C101978,38,M,Michaelside,High,73,Gold
C101979,50,M,New Jennaborough,High,167,Platinum
C101980,39,M,West John,Low,170,Platinum
C101981,37,F,Lake Timothyshire,High,176,Gold
C101982,39,M,Port Julie,Mid,140,Gold
C101983,33,F,West Michael,Mid,96,Gold
C101984,40,M,Wesleychester,Low,89,Gold
C101985,33,M,Brianstad,Low,103,Gold
C101986,28,F,Shaunhaven,High,146,Gold
C101987,37,M,South Jenniferside,Mid,6,Gold
C101988,36,F,Shannonstad,Mid,122,Green
C101989,58,M,East Patriciamouth,High,171,Platinum
C101990,29,M,North Peterburgh,High,116,Gold
C101991,36,M,Susanland,Low,163,Centurion
C101992,35,M,East Joshuaberg,Mid,62,Gold
C101993,33,M,Hernandezborough,Low,144,Green
C101994,43,F,West Robertside,High,136,Green
C101995,62,F,South Michael,High,89,Platinum
C101996,34,M,Rojastown,Affluent,96,Green
C101997,43,F,Jaimetown,Low,126,Platinum
C101998,21,M,Port Stacey,Low,90,Green
C101999,33,F,Robertmouth,Mid,86,Platinum
C102000,55,F,Toddhaven,Mid,159,Platinum
C102001,37,M,Ellisshire,Mid,138,Platinum
C102002,43,F,Port Kirk,Affluent,121,Green
C102003,31,M,Jeremystad,Mid,76,Gold
C102004,40,M,Kaylaton,Mid,92,Green
C102005,55,F,West Justin,High,70,Green
C102006,25,F,New Sandra,Mid,148,Green
C102007,62,F,Ianburgh,High,133,Gold
C102008,21,M,East John,Low,23,Green
C102009,32,F,West Autumnmouth,Mid,137,Platinum
C102010,28,M,Mikeborough,Low,58,Green
C102011,35,M,Lake Loganstad,Low,46,Green
C102012,28,F,West Shane,Affluent,22,Green
C102013,27,M,New Kevin,Low,8,Platinum
C102014,24,M,South Sarahberg,Mid,123,Green
C102015,45,F,Reillyberg,Mid,20,Platinum
C102016,35,M,Lake Amyhaven,Mid,179,Gold
C102017,32,F,Deborahport,High,78,Platinum
C102018,41,M,Kempshire,Low,39,Green
C102019,21,F,Port Annette,High,37,Gold
C102020,41,M,Morganville,Affluent,178,Gold
C102021,36,F,Mcculloughberg,Mid,162,Platinum
C102022,37,F,West Angelbury,Affluent,75,Gold
C102023,43,F,Howardmouth,Low,118,Platinum
C102024,56,M,New Danielleshire,Mid,104,Green
C102025,41,M,Port Shari,Mid,161,Gold
C102026,35,F,Jamesland,High,31,Green
C102027,24,M,Rhodesland,Affluent,123,Green
C102028,21,F,Leemouth,Mid,54,Green
C102029,39,M,Lake Michaelberg,High,172,Platinum
C102030,24,M,Woodstad,Low,34,Centurion
C102031,21,M,West Michaelport,Mid,122,Green
C102032,34,M,Sawyerland,Mid,113,Platinum
C102033,40,F,Lake Pamela,Affluent,62,Gold
C102034,46,M,Laraport,Mid,23,Gold
C102035,49,F,Port Jessica,Mid,46,Green
C102036,47,M,Chandlerchester,Low,56,Gold
C102037,47,M,Port Brenda,Low,135,Green
C102038,21,M,East Jaredfort,Mid,118,Green
C102039,36,M,Carlshire,Mid,131,Gold
C102040,44,F,Davischester,High,166,Platinum
C102041,38,F,Robertside,Mid,162,Gold
C102042,36,F,Pageberg,Mid,113,Platinum
C102043,38,F,East Marisa,Low,44,Platinum
C102044,40,F,Angelaton,High,128,Green
C102045,37,F,Maryport,High,108,Green
C102046,28,F,Hansenmouth,Low,158,Gold
C102047,21,F,North Kylie,High,17,Platinum
C102048,35,F,West Kevin,Mid,59,Centurion
C102049,38,F,Martinezport,Low,138,Platinum
C102050,38,F,Whitebury,Mid,99,Gold
C102051,48,F,North Kathyfort,Mid,84,Platinum
C102052,50,F,New Julieshire,Low,146,Green
C102053,36,F,Cunninghamview,Affluent,45,Green
C102054,36,M,Mccannville,High,108,Gold
C102055,44,F,Williamshire,High,62,Platinum
C102056,42,M,Port Jordanshire,Mid,59,Centurion
C102057,33,F,East Luisberg,Mid,177,Green
C102058,45,M,Frankview,High,160,Platinum
C102059,36,M,Robertstad,Mid,138,Platinum
C102060,36,F,West Kellyland,Low,11,Gold
C102061,42,F,Port Courtney,Mid,102,Green
C102062,34,M,New Karenside,High,70,Gold
C102063,39,M,Moniqueport,Mid,123,Gold
C102064,41,F,Ginastad,Low,175,Gold
C102065,46,M,New Bettyberg,High,34,Gold
C102066,46,M,East Aprilstad,Mid,101,Platinum
C102067,40,F,Jenkinsburgh,Mid,145,Green
C102068,21,F,East Ericbury,Low,104,Green
C102069,40,F,Port Penny,Mid,40,Gold
C102070,42,F,South Stevenland,High,19,Green
C102071,44,F,Port Davidtown,Mid,67,Centurion
C102072,27,F,Baileystad,Mid,82,Green
C102073,21,F,Port Scott,High,64,Gold
C102074,46,M,Geraldport,High,83,Platinum
C102075,24,M,Lake Lisabury,High,47,Green
C102076,51,F,Port Heather,Mid,6,Platinum
C102077,31,F,West David,Mid,16,Gold
C102078,26,M,North Roger,Affluent,146,Green
C102079,41,F,North Andrewfort,High,180,Platinum
C102080,44,F,Williamsville,Low,176,Green
C102081,44,M,Port Donnashire,Low,171,Gold
C102082,43,F,South Davidview,Mid,39,Green
C102083,30,F,North Kevintown,Affluent,177,Green
C102084,21,M,Port Davidborough,Mid,113,Platinum
C102085,33,F,East Ellen,Mid,140,Platinum
C102086,25,M,North Dustinview,Low,138,Green
C102087,42,F,Michaelhaven,High,71,Gold
C102088,47,F,New Ashley,High,110,Platinum
C102089,39,F,Port Belindatown,Mid,55,Platinum
C102090,37,M,Lake James,High,129,Gold
C102091,34,M,Georgeside,Affluent,49,Platinum
C102092,48,F,Lake Coreyborough,Mid,164,Gold
C102093,21,M,Richardsonshire,Mid,21,Gold
C102094,24,M,South Emily,Mid,37,Centurion
C102095,58,M,East Maryfurt,High,116,Green
C102096,24,F,Lewisbury,Mid,24,Green
C102097,43,F,Rodriguezmouth,Mid,55,Green
C102098,46,F,South Danielberg,High,25,Green
C102099,21,M,Farmerport,Mid,135,Green
C102100,21,M,North Markville,Affluent,127,Gold
C102101,51,F,Campbellport,Mid,93,Gold
C102102,27,F,Perezchester,Low,94,Green
C102103,27,M,Tracichester,High,71,Green
C102104,32,M,Port Chad,High,122,Green
C102105,27,M,Crosbystad,Mid,24,Gold
C102106,43,F,North Yolanda,High,11,Gold
C102107,24,M,Powersfurt,Affluent,73,Green
C102108,21,F,Millsland,Mid,12,Centurion
C102109,50,M,East Ralphshire,Affluent,35,Gold
C102110,25,M,Lake Saraburgh,Low,141,Platinum
C102111,29,M,West Theresamouth,Mid,23,Green
C102112,47,M,New Megan,Low,83,Platinum
C102113,38,F,Martinezchester,High,167,Gold
C102114,50,F,Ramirezshire,High,88,Platinum
C102115,47,M,Katelynfurt,Low,80,Gold
C102116,33,F,Thomasfurt,Mid,97,Centurion
C102117,49,F,Dixonberg,Mid,140,Gold
C102118,39,M,Rodriguezview,Low,34,Platinum
C102119,31,M,Crawfordberg,High,75,Platinum
C102120,41,M,North Joanland,High,159,Gold
C102121,23,M,Gregoryburgh,Mid,128,Gold
C102122,47,M,Jacobsmouth,Affluent,141,Green
C102123,45,M,West Christy,Mid,31,Platinum
C102124,39,M,Port Charleshaven,Affluent,130,Gold
C102125,21,F,Sparksborough,High,103,Gold
C102126,50,M,Ebonyfort,Mid,15,Green
C102127,42,M,Amyside,Low,57,Gold
C102128,37,F,Port Anthonychester,High,75,Gold
C102129,36,M,South Shannonfurt,Mid,34,Gold
C102130,32,M,Stevenston,Low,103,Gold
C102131,34,M,New Donna,Low,75,Green
C102132,46,F,Nicoleburgh,Mid,29,Green
C102133,32,M,Jordanport,Mid,16,Gold
C102134,34,F,Freemanville,High,167,Green
C102135,36,F,Kellerside,High,77,Gold
C102136,36,F,Alvarezburgh,Low,37,Gold
C102137,31,F,South Joseshire,High,81,Centurion
C102138,36,M,Jensenstad,Low,149,Green
C102139,41,M,Luketown,High,172,Green
C102140,28,M,East Marystad,High,124,Gold
C102141,36,M,Port Patriciamouth,Mid,19,Gold
C102142,59,F,Davisstad,High,102,Green
C102143,37,F,Robertton,Mid,136,Platinum
C102144,27,M,East Jimmy,Mid,77,Gold
C102145,26,F,Brittanyland,High,41,Green
C102146,24,F,Dannyburgh,Mid,61,Green
C102147,55,F,New Markmouth,Mid,26,Platinum
C102148,49,F,Bradleychester,Mid,71,Green
C102149,23,M,Andrewfort,High,103,Green
C102150,40,M,West Nicholasfurt,Mid,70,Green
C102151,51,M,Ashleyfort,Low,107,Gold
C102152,37,M,Lake Emilymouth,High,157,Platinum
C102153,32,M,Shawmouth,High,107,Green
C102154,62,F,New Kevin,Low,103,Green
C102155,21,F,Harrisland,Mid,19,Green
C102156,66,F,West Joseph,Low,68,Gold
C102157,38,F,Wendyfurt,Mid,70,Green
C102158,52,M,New Julia,Mid,113,Platinum
C102159,24,M,Lake Meganville,High,57,Green
C102160,30,F,Joshuashire,High,165,Green
C102161,26,M,Simmonsstad,Mid,61,Green
C102162,36,F,Lake Madisonhaven,Mid,92,Platinum
C102163,41,M,Ryanside,High,30,Gold
C102164,49,F,Jamesfurt,Mid,153,Centurion
C102165,21,F,Colleenmouth,Affluent,127,Green
C102166,39,F,North Courtney,Mid,115,Green
C102167,47,M,New Victor,Low,6,Gold
C102168,49,M,Adamsside,High,18,Gold
C102169,33,F,Michaelton,Mid,10,Gold
C102170,33,M,West Steven,High,92,Green
C102171,36,F,East Julie,Low,139,Green
C102172,40,F,Meganchester,Low,77,Green
C102173,52,M,Michelleland,High,101,Gold
C102174,24,M,Port Robert,Mid,84,Gold
C102175,29,F,Debbieview,High,52,Platinum
C102176,23,M,South John,Mid,31,Green
C102177,42,M,East Anthony,Mid,145,Platinum
C102178,50,M,Stevenside,High,110,Gold
C102179,22,M,Hendersonton,Mid,93,Green
C102180,38,M,East Joseph,Mid,164,Centurion
C102181,49,M,West Kristineview,Mid,154,Gold
C102182,46,F,Lake Melissa,Low,53,Gold
C102183,46,F,Caseyton,Mid,145,Gold
C102184,24,F,West Carolynland,High,86,Green
C102185,46,M,Mosleyland,Affluent,153,Gold
C102186,35,F,Hahnberg,High,2,Platinum
C102187,49,F,North Ashley,High,86,Green
C102188,42,M,New Elizabethshire,High,133,Gold
C102189,29,M,Tylerland,High,4,Platinum
C102190,41,M,New David,Mid,164,Green
C102191,47,M,Markshire,Affluent,6,Green
C102192,32,F,Shafferbury,High,149,Green
C102193,39,M,Robinsonville,Mid,118,Gold
C102194,23,F,East Tara,Low,89,Platinum
C102195,44,M,Ortizshire,Mid,154,Gold
C102196,37,F,South Amandaville,Mid,167,Green
C102197,48,M,Amyfort,High,161,Gold
C102198,43,M,West Natasha,Mid,14,Platinum
C102199,33,F,West Thomas,Mid,56,Green
C102200,28,F,Loritown,Affluent,81,Platinum
C102201,26,F,Port Joditon,Low,149,Platinum
C102202,32,F,West Angela,Mid,46,Green
C102203,47,M,Daniellestad,Low,144,Green
C102204,21,M,New Michellemouth,High,16,Gold
C102205,26,F,Smithfurt,Affluent,120,Gold
C102206,47,F,Kevinbury,Mid,84,Platinum
C102207,52,M,Jasonburgh,High,157,Gold
C102208,27,F,Welchchester,Mid,8,Green
C102209,26,F,West Michellefort,Affluent,88,Green
C102210,53,F,Mclaughlinmouth,High,131,Platinum
C102211,36,M,Mcdowellville,High,19,Green
C102212,28,M,Lake Jose,Low,97,Gold
C102213,49,M,West Robertside,Affluent,66,Green
C102214,43,M,Shawntown,High,79,Green
C102215,46,M,Lake Darlenemouth,Mid,86,Green
C102216,28,M,North Richard,High,124,Green
C102217,42,M,Leeland,Mid,150,Gold
C102218,51,M,East Johnberg,High,46,Green
C102219,45,M,Sparksmouth,Low,113,Platinum
C102220,48,M,Mendozaberg,High,91,Gold
C102221,53,M,Glennshire,Mid,141,Gold
C102222,42,M,Laurenborough,Low,33,Gold
C102223,31,M,South Michaelfurt,Mid,133,Gold
C102224,47,F,Duffyshire,Low,77,Green
C102225,25,F,North Stacy,Mid,155,Centurion
C102226,35,M,North Terri,Mid,121,Gold
C102227,44,F,West Jacqueline,Mid,128,Green
C102228,21,M,North Richard,Mid,78,Gold
C102229,40,F,Burkeberg,Mid,152,Gold
C102230,41,M,West Georgeshire,High,67,Green
C102231,25,F,North Jenniferchester,Low,115,Platinum
C102232,41,M,Wilcoxfort,Affluent,63,Green
C102233,40,M,East Jenniferborough,High,113,Gold
C102234,38,M,Keithfort,High,94,Centurion
C102235,51,F,Andersonborough,Mid,48,Green
C102236,47,M,Port Justin,High,12,Green
C102237,45,M,South Henry,Low,156,Green
C102238,26,M,North Kelly,Low,172,Green
C102239,37,F,Joemouth,Mid,171,Green
C102240,51,M,West Brandi,High,145,Platinum
C102241,35,F,Millerfort,Low,40,Platinum
C102242,55,M,Port Marcus,Mid,177,Gold
C102243,45,F,Mcdanielfurt,Affluent,85,Green
C102244,56,M,Fitzgeraldview,High,57,Platinum
C102245,26,M,North Angelaton,Mid,87,Gold
C102246,36,F,Sarahfort,Low,84,Green
C102247,37,F,Wendyton,High,121,Gold
C102248,44,F,West Williamfurt,Mid,74,Green
C102249,29,F,Tiffanystad,Low,107,Platinum
C102250,21,M,New Blake,Low,124,Gold
C102251,42,F,West Geoffrey,Affluent,100,Gold
C102252,33,F,Conradmouth,High,43,Gold
C102253,32,M,North Logan,High,119,Gold
C102254,30,M,Thomasville,High,23,Green
C102255,39,M,Bradleyberg,Mid,155,Gold
C102256,26,M,Savageview,Mid,37,Platinum
C102257,35,M,Saraport,Mid,134,Green
C102258,28,F,Chloeview,Mid,65,Centurion
C102259,31,F,Ryanburgh,Mid,134,Gold
C102260,41,F,Jillianfort,High,178,Green
C102261,45,M,New Melissa,Mid,22,Gold
C102262,34,M,Brownberg,High,105,Platinum
C102263,48,F,East Isaacfort,Mid,88,Gold
C102264,27,F,Frankmouth,Mid,153,Gold
C102265,21,F,Wilsonfort,Mid,125,Gold
C102266,23,F,South Michaelside,Mid,79,Gold
C102267,26,M,Ellisville,High,90,Green
C102268,23,M,North Michael,Mid,51,Green
C102269,60,M,Port Justin,Mid,176,Green
C102270,21,M,Lake William,Low,102,Green
C102271,48,M,Annashire,Mid,106,Green
C102272,37,F,New Whitney,Mid,60,Gold
C102273,40,F,New Katieburgh,High,46,Gold
C102274,28,F,Knappbury,Affluent,36,Green
C102275,41,F,Rhodesmouth,Mid,166,Green
C102276,27,F,West Erinville,High,11,Green
C102277,48,F,Brooksville,Mid,12,Green
C102278,49,F,Ericland,Mid,170,Green
C102279,36,M,Rivasfort,Low,39,Gold
C102280,37,M,Fullerview,Mid,139,Green
C102281,42,M,West Taramouth,Mid,36,Gold
C102282,42,M,Staceyshire,Mid,52,Gold
C102283,49,F,East Michelle,Low,31,Green
C102284,48,M,Marcuston,Low,33,Green
C102285,37,M,New Stephaniefurt,Mid,141,Green
C102286,32,M,South Jonathanbury,Affluent,146,Green
C102287,46,M,Davisborough,Mid,169,Green
C102288,36,M,South Kimberly,Mid,58,Platinum
C102289,39,M,Deborahberg,Low,152,Green
C102290,43,M,West Travischester,Mid,128,Centurion
C102291,48,M,Rebeccaberg,Mid,31,Green
C102292,40,M,Elizabethstad,Mid,55,Platinum
C102293,31,M,South Sean,Mid,10,Gold
C102294,57,F,Alvarezshire,Low,130,Green
C102295,54,M,Davischester,Low,15,Green
C102296,26,M,Christinachester,Mid,3,Gold
C102297,27,F,Davishaven,Low,43,Platinum
C102298,29,M,Teresabury,Low,159,Green
C102299,47,M,South Alison,Mid,67,Green
C102300,58,F,West Taylorland,High,56,Green
C102301,32,F,Evansberg,Mid,63,Green
C102302,39,M,Mckenziehaven,Mid,15,Platinum
C102303,29,F,Phillipston,Mid,109,Gold
C102304,56,F,North Williamhaven,Affluent,116,Green
C102305,47,M,Gutierrezmouth,Mid,92,Green
C102306,28,F,Michaelshire,Low,138,Green
C102307,21,F,Port Wesleyville,Mid,166,Platinum
C102308,49,M,Whiteburgh,Low,47,Platinum
C102309,31,F,Williamschester,Mid,57,Green
C102310,47,M,Leemouth,Mid,50,Gold
C102311,41,F,Hansonview,High,71,Platinum
C102312,21,F,Tammyburgh,Mid,143,Green
C102313,29,M,East Christian,High,146,Green
C102314,34,F,Monicaville,Affluent,82,Green
C102315,30,F,Fergusontown,Low,116,Green
C102316,39,F,Wilsonburgh,Mid,105,Green
C102317,42,M,Stevensfurt,Mid,88,Centurion
C102318,57,M,Turnerstad,Mid,2,Gold
C102319,43,F,Ballardland,Mid,104,Green
C102320,54,M,East Alexander,Affluent,84,Green
C102321,32,M,Port Allenborough,High,43,Gold
C102322,50,F,East Timothyberg,Mid,154,Green
C102323,33,M,South Megan,Mid,71,Green
C102324,27,M,North Kevin,High,166,Green
C102325,27,M,Hernandezchester,Affluent,94,Gold
C102326,21,M,North Gabrielberg,High,42,Green
C102327,47,M,Maynardfort,Low,133,Green
C102328,23,M,Port Shannonbury,Mid,139,Gold
C102329,53,M,West Ashley,Low,65,Green
C102330,36,F,Williamstown,Mid,34,Centurion
C102331,21,M,Lake Melaniechester,Low,120,Gold
C102332,25,F,Allisonshire,Mid,1,Green
C102333,40,M,Benjaminfurt,High,130,Green
C102334,21,F,Palmerfort,Low,148,Gold
C102335,44,F,Lake Bruce,Mid,61,Green
C102336,21,F,South Barbaraside,Mid,149,Platinum
C102337,29,F,West Patriciachester,Mid,88,Gold
C102338,40,M,Wilsonstad,Low,68,Gold
C102339,43,M,Terrytown,Mid,127,Centurion
C102340,46,F,West Jessica,High,140,Green
C102341,23,F,Cooperbury,Low,22,Gold
C102342,34,F,New Regina,Low,148,Gold
C102343,50,F,Sandramouth,Mid,82,Platinum
C102344,34,M,West Jennifer,Affluent,129,Gold
C102345,41,F,Moyerstad,High,30,Gold
C102346,39,M,Marshburgh,High,126,Green
C102347,52,F,West Hannah,Mid,97,Gold
C102348,32,M,Lake Timothyburgh,Mid,24,Green
C102349,22,F,East Catherine,Low,14,Gold
C102350,27,F,Port Robertfort,Mid,36,Green
C102351,40,M,Jimmyside,Affluent,24,Green
C102352,21,F,North Michaelview,Mid,95,Platinum
C102353,32,F,Ericaburgh,High,55,Green
C102354,38,M,Port Brycechester,High,24,Green
C102355,29,M,New Jeremyside,Low,152,Green
C102356,41,M,South Jonathan,Affluent,26,Green
C102357,45,M,Kristenton,Low,80,Gold
C102358,43,F,Paulahaven,Mid,166,Green
C102359,21,M,Lake Brentmouth,Low,65,Green
C102360,38,M,Estesville,Low,75,Green
C102361,39,F,Port Cherylville,Mid,179,Green
C102362,33,F,New Danielville,Mid,163,Green
C102363,41,F,West Eric,Mid,43,Gold
C102364,41,F,Jeanhaven,Mid,29,Green
C102365,37,M,Oconnorville,Low,165,Green
C102366,26,M,Lake Michael,Low,81,Platinum
C102367,37,M,North Melinda,Mid,54,Platinum
C102368,58,F,Montestown,Mid,39,Green
C102369,33,M,Port Lisa,High,42,Green
C102370,49,M,Justinburgh,High,156,Gold
C102371,38,F,West Nathanchester,High,29,Gold
C102372,29,M,Crystalbury,High,171,Centurion
C102373,34,F,Port Karen,Mid,131,Green
C102374,37,F,Cobbberg,High,138,Gold
C102375,45,M,Gutierrezchester,Mid,142,Platinum
C102376,64,F,Cranehaven,Mid,175,Gold
C102377,38,M,Sherrymouth,High,42,Green
C102378,24,F,Port Alejandro,Mid,94,Green
C102379,21,M,North Matthewfurt,High,160,Green
C102380,33,F,South Bryan,High,32,Green
C102381,25,F,Lake Sandraberg,High,170,Platinum
C102382,44,M,Lake Tinahaven,Affluent,160,Green
C102383,44,F,Robertside,Mid,26,Green
C102384,36,F,Jennifermouth,Mid,115,Platinum
C102385,45,F,Alanview,Mid,129,Gold
C102386,38,F,Lake Richard,Mid,56,Green
C102387,58,F,New Claudia,Mid,122,Green
C102388,44,M,Terryfurt,High,106,Green
C102389,47,F,West Christopher,High,130,Green
C102390,22,F,Peterberg,Mid,81,Platinum
C102391,25,F,Jasonhaven,Low,158,Green
C102392,43,F,Adrienneburgh,Mid,120,Gold
C102393,21,M,North Pamelaside,Low,52,Green
C102394,31,M,Johnport,High,91,Platinum
C102395,50,M,Benitezville,Mid,137,Gold
C102396,30,F,Port Nathanhaven,Low,22,Platinum
C102397,24,M,Davidville,Low,34,Green
C102398,45,F,Evanstown,Mid,110,Platinum
C102399,60,M,Morganbury,Mid,49,Platinum
C102400,29,M,West Kevin,Mid,129,Gold
C102401,51,M,Lake Nicholas,Low,73,Green
C102402,27,M,North Mark,Mid,84,Green
C102403,36,M,Port Kimberly,Mid,53,Green
C102404,37,F,Garciachester,High,100,Green
C102405,29,M,Millerton,Mid,124,Gold
C102406,47,M,Beasleyfort,Mid,168,Gold
C102407,21,F,South Christian,Mid,45,Gold
C102408,40,M,Chapmanhaven,Affluent,137,Green
C102409,49,F,Wigginsshire,Mid,105,Green
C102410,46,F,Fieldsmouth,High,150,Green
C102411,43,F,Dennischester,Low,146,Gold
C102412,55,F,East William,Mid,106,Gold
C102413,35,M,Dawsonberg,Low,43,Green
C102414,21,M,Lake Jasonfort,Mid,167,Gold
C102415,39,M,Lake Ericside,Affluent,134,Gold
C102416,36,M,Sandraville,Mid,48,Platinum
C102417,21,M,Rodriguezstad,Low,126,Green
C102418,25,F,Billyberg,Low,7,Gold
C102419,24,M,West Kevinstad,Mid,16,Green
C102420,29,F,Kellytown,Low,129,Green
C102421,34,F,East Kristen,Low,115,Gold
C102422,34,M,Williamsport,High,37,Gold
C102423,29,M,Jasonfort,Mid,165,Green
C102424,24,M,North Amyland,Mid,125,Green
C102425,42,F,South Timothyport,Affluent,81,Gold
C102426,39,M,Mcculloughfurt,Low,62,Green
C102427,39,F,Davenportberg,Affluent,72,Gold
C102428,57,F,New Dana,Mid,125,Platinum
C102429,39,F,Contrerasberg,High,161,Gold
C102430,33,M,Christopherchester,Mid,66,Gold
C102431,36,F,Hallfurt,High,30,Gold
C102432,39,M,Ambermouth,Affluent,20,Platinum
C102433,44,M,Debbieburgh,Mid,82,Gold
C102434,37,M,New Crystalport,Affluent,107,Green
C102435,21,F,Lake Anitaborough,Mid,152,Green
C102436,33,F,New Aimeefort,Mid,132,Centurion
C102437,38,M,North Dominiqueside,Mid,37,Green
C102438,52,F,North Joshua,Mid,132,Gold
C102439,29,M,East Maria,Low,77,Platinum
C102440,21,F,Millerside,Mid,89,Gold
C102441,38,M,Richardton,Mid,146,Green
C102442,47,M,Atkinstown,High,88,Green
C102443,33,F,Samuelchester,High,176,Green
C102444,64,F,Port Allisonfurt,Mid,33,Green
C102445,61,M,Christopherville,Mid,58,Centurion
C102446,37,F,West Douglas,Mid,28,Gold
C102447,40,M,Kaylaberg,Low,35,Gold
C102448,53,M,Stephanieburgh,Low,125,Gold
C102449,37,M,New Susanburgh,Mid,138,Green
C102450,29,F,Lake Brianfurt,Mid,65,Green
C102451,47,F,West Douglasmouth,Affluent,42,Green
C102452,43,M,Nicholasville,Mid,85,Gold
C102453,29,F,East Johnshire,Mid,137,Gold
C102454,41,F,South William,Mid,111,Gold
C102455,36,F,Averyview,Low,15,Gold
C102456,33,F,West Stevenchester,Mid,69,Centurion
C102457,29,F,South Anthonybury,Mid,105,Green
C102458,39,M,West Angelashire,Mid,150,Gold
C102459,35,M,East Kathrynberg,Mid,64,Green
C102460,41,F,Ashleymouth,Affluent,41,Gold
C102461,47,F,Port Cynthiaborough,High,71,Green
C102462,40,M,West Amber,Mid,56,Gold
C102463,40,F,Port John,Mid,151,Green
C102464,32,F,Aliside,Mid,25,Green
C102465,50,M,Williamsmouth,Mid,105,Platinum
C102466,28,F,Deniseburgh,Mid,134,Green
C102467,21,M,North Sarahfort,Low,119,Green
C102468,26,F,Carlafurt,Mid,162,Gold
C102469,49,F,Meganborough,Mid,9,Gold
C102470,43,F,Brandonside,Mid,60,Gold
C102471,52,F,West Christopherville,Affluent,125,Gold
C102472,23,M,Lake Angela,Affluent,49,Green
C102473,63,M,Natalieborough,High,51,Green
C102474,34,F,Nicolemouth,Mid,70,Platinum
C102475,21,F,Tiffanymouth,High,37,Green
C102476,62,F,Johnmouth,Low,31,Platinum
C102477,23,M,Jasonmouth,High,169,Green
C102478,33,F,Lake Dennistown,Low,62,Gold
C102479,35,M,Smithtown,High,93,Platinum
C102480,42,M,South Angela,Mid,14,Gold
C102481,29,M,Farmerside,High,164,Gold
C102482,49,F,Port Nancyland,Affluent,164,Gold
C102483,46,F,Port Lisamouth,Low,79,Gold
C102484,38,F,West Teresafurt,Mid,8,Gold
C102485,52,F,Paultown,Affluent,154,Green
C102486,37,M,South Mitchellborough,Mid,36,Gold
C102487,34,F,Smithtown,High,48,Green
C102488,59,M,Erinstad,Mid,85,Green
C102489,41,F,North Lisa,Mid,28,Gold
C102490,27,M,Lindseybury,Mid,51,Green
C102491,28,F,South Tammy,Mid,104,Platinum
C102492,38,F,West Trevorborough,High,170,Platinum
C102493,21,M,East Traceyfurt,Mid,101,Platinum
C102494,31,M,Port Joshuahaven,Mid,29,Gold
C102495,36,M,Jacksonborough,Mid,127,Gold
C102496,36,F,North Brianna,Mid,82,Green
C102497,24,M,East Jordanshire,High,10,Gold
C102498,33,F,New Jessica,Affluent,106,Green
C102499,50,M,Jamestown,Mid,167,Green
C102500,48,M,Erinmouth,High,1,Gold
C102501,39,F,South Danielleton,High,39,Green
C102502,37,F,Ryanchester,Mid,21,Green
C102503,36,F,Davidhaven,Affluent,65,Gold
C102504,40,M,Simpsonhaven,Mid,15,Green
C102505,39,F,Lake Jeffreyview,Low,132,Green
C102506,41,M,Patelmouth,High,61,Green
C102507,43,M,South Jamesland,Mid,148,Gold
C102508,24,M,Lake Jeremiahchester,High,138,Gold
C102509,34,M,East Jamesmouth,High,87,Gold
C102510,40,F,Bryanville,Low,105,Green
C102511,27,F,South Ryantown,High,34,Gold
C102512,30,M,Marybury,Mid,124,Gold
C102513,35,F,South Johnmouth,Mid,110,Green
C102514,36,F,Port Matthewbury,Mid,176,Gold
C102515,40,M,Port Carolmouth,Affluent,33,Gold
C102516,28,F,Lake Seanville,Low,98,Gold
C102517,48,M,North Sabrinafurt,Mid,61,Gold
C102518,36,F,Pamelaland,High,10,Green
C102519,39,M,North Samantha,High,84,Gold
C102520,33,F,Brownchester,High,65,Gold
C102521,40,M,North Ericaside,Low,77,Gold
C102522,56,F,West Melissafurt,Mid,1,Gold
C102523,33,M,New Karenbury,Mid,133,Platinum
C102524,32,M,South Patrickchester,High,80,Platinum
C102525,28,F,West Debratown,Mid,15,Gold
C102526,37,F,Holmesshire,Mid,28,Gold
C102527,37,F,North Curtis,Affluent,23,Green
C102528,38,F,New Kristineborough,Low,109,Gold
C102529,43,F,Lake William,Affluent,107,Gold
C102530,41,M,Robertmouth,High,145,Green
C102531,37,M,East Devin,High,113,Green
C102532,59,M,North Davidshire,Mid,98,Green
C102533,45,F,Palmerstad,Low,141,Green
C102534,26,M,Brandyside,High,142,Green
C102535,21,M,East Terrance,High,139,Green
C102536,30,F,Kellytown,High,28,Gold
C102537,39,M,North John,Low,42,Green
C102538,29,M,South Mauriceborough,High,99,Green
C102539,31,F,Port Casey,High,61,Platinum
C102540,38,M,Lake Thomas,High,123,Green
C102541,34,F,Greenemouth,High,64,Platinum
C102542,21,M,Christinachester,High,31,Gold
C102543,49,M,Francismouth,Mid,81,Green
C102544,47,F,South Jeffreytown,Low,10,Green
C102545,23,M,Lake Jerry,Mid,8,Green
C102546,38,M,East Timothy,Low,149,Green
C102547,25,F,Lindsayfurt,Mid,59,Green
C102548,31,M,South Jack,Mid,178,Green
C102549,43,M,West Alejandrostad,Low,30,Green
C102550,46,M,New Dariusport,Mid,145,Gold
C102551,46,F,Leeshire,Low,20,Green
C102552,40,M,Bradleytown,High,48,Platinum
C102553,52,F,East Justin,Affluent,130,Green
C102554,31,M,West Jennifer,Low,37,Platinum
C102555,33,M,Melaniebury,Affluent,129,Green
C102556,21,F,East Andrew,Mid,132,Gold
C102557,36,M,Reneetown,Mid,100,Green
C102558,44,M,South Diana,Low,54,Gold
C102559,41,F,West Sharonport,Mid,122,Green
C102560,31,F,Allenstad,High,25,Gold
C102561,47,M,New Tiffany,High,131,Green
C102562,37,M,Johnsland,Low,9,Gold
C102563,46,M,East Nicoleberg,Low,34,Green
C102564,43,F,East Amanda,Mid,43,Gold
C102565,53,F,Louischester,Mid,74,Green
C102566,41,F,North Kathryn,Mid,94,Green
C102567,44,M,Port Amanda,Mid,22,Gold
C102568,37,M,West John,High,70,Centurion
C102569,32,M,Moniquehaven,Affluent,130,Gold
C102570,43,M,Clarkland,Mid,94,Gold
C102571,54,F,Gibbsland,Affluent,32,Gold
C102572,31,M,New Paul,Mid,106,Gold
C102573,35,F,Victormouth,Mid,144,Green
C102574,38,F,West Jennifer,Mid,1,Green
C102575,45,M,Baldwinfort,Mid,72,Platinum
C102576,41,F,Adamsfurt,Affluent,176,Gold
C102577,48,M,East Jeffreyborough,Mid,50,Gold
C102578,59,M,Royfurt,Mid,141,Gold
C102579,30,M,West Ronald,Mid,15,Green
C102580,44,M,Duncanstad,Low,53,Green
C102581,41,M,Andreaberg,High,172,Gold
C102582,38,F,West Seanstad,Mid,8,Green
C102583,44,F,New Blake,Mid,74,Green
C102584,35,M,Ronaldmouth,Mid,46,Gold
C102585,41,F,Ortizfort,Mid,69,Centurion
C102586,23,F,Joshuatown,Low,114,Green
C102587,32,F,South Jesus,High,147,Gold
C102588,49,M,West Rachelport,Mid,166,Green
C102589,49,M,Port Joshuabury,High,123,Green
C102590,40,F,North Charleston,High,139,Platinum
C102591,33,F,West James,High,117,Gold
C102592,47,M,Johnview,Mid,43,Green
C102593,51,F,Lake Cassandra,Mid,20,Gold
C102594,33,M,Port Karen,Low,148,Green
C102595,21,F,Alanport,High,21,Gold
C102596,42,M,Lynnfurt,Mid,82,Green
C102597,48,F,Underwoodtown,Mid,57,Platinum
C102598,44,F,Valdezberg,Mid,178,Gold
C102599,55,M,Perezborough,Low,74,Green
C102600,55,M,Hallshire,Mid,98,Platinum
C102601,34,F,Sharpmouth,Low,154,Centurion
C102602,40,F,Latoyamouth,High,158,Green
C102603,32,F,South Kayla,Mid,110,Platinum
C102604,26,F,Clarkmouth,Low,115,Platinum
C102605,27,F,West Donberg,Mid,159,Gold
C102606,45,M,Sherrytown,Low,42,Centurion
C102607,41,F,Cochranstad,Mid,68,Gold
C102608,47,M,Jeremiahchester,High,70,Gold
C102609,65,M,Farmerside,Low,78,Platinum
C102610,43,F,Marktown,High,90,Gold
C102611,29,F,East Ericmouth,Low,111,Gold
C102612,49,M,Bairdborough,Mid,112,Green
C102613,29,M,Brownfurt,High,103,Platinum
C102614,57,F,South Daniel,Mid,145,Gold
C102615,21,M,Fowlerport,Low,19,Gold
C102616,31,F,East Damonside,Mid,179,Gold
C102617,44,F,North Margaret,Mid,70,Green
C102618,50,F,Johnsonborough,High,63,Green
C102619,30,M,South Justinbury,Mid,75,Gold
C102620,28,M,Donnaland,High,158,Gold
C102621,39,F,Brownhaven,High,153,Platinum
C102622,58,M,East Markchester,Mid,104,Gold
C102623,21,F,Mooreville,Affluent,75,Platinum
C102624,34,M,New Robert,Mid,128,Green
C102625,40,M,South Stephanieborough,Affluent,154,Centurion
C102626,29,F,Port Jamie,Low,56,Green
C102627,29,F,Meyersfort,High,22,Gold
C102628,35,M,New Barbara,Mid,89,Gold
C102629,41,F,Brianahaven,Mid,19,Green
C102630,35,F,Hilltown,Mid,159,Green
C102631,54,F,South Caleb,High,26,Green
C102632,44,M,Jacobsbury,Low,170,Gold
C102633,42,M,Reneefort,Low,169,Green
C102634,49,F,Fordton,High,23,Centurion
C102635,42,M,West Debbiemouth,High,47,Green
C102636,33,M,Isabellaport,Affluent,13,Centurion
C102637,35,M,Austinburgh,High,66,Green
C102638,25,M,Wrightchester,Affluent,144,Green
C102639,60,F,Cruzburgh,High,73,Green
C102640,48,M,South Hollyton,Mid,156,Platinum
C102641,21,M,Port Eric,Low,77,Gold
C102642,52,F,Elizabethland,High,163,Green
C102643,21,F,South Robert,Mid,169,Green
C102644,43,M,West Charlesville,Low,31,Green
C102645,21,F,Robertburgh,Mid,85,Gold
C102646,33,M,Jaredton,Affluent,160,Green
C102647,52,M,Johnsonmouth,Mid,59,Gold
C102648,53,F,Cooperfurt,Mid,41,Gold
C102649,41,F,South Benjamin,Mid,112,Platinum
C102650,46,F,Dannyberg,Mid,96,Gold
C102651,22,F,Ellenmouth,Mid,168,Green
C102652,43,F,Murrayland,Mid,122,Centurion
C102653,47,F,Lake Stephanie,Low,156,Green
C102654,66,F,South Lori,High,165,Gold
C102655,31,F,East Mary,Mid,105,Platinum
C102656,38,F,East Kellyside,High,74,Green
C102657,38,M,Jacksontown,High,132,Green
C102658,45,M,Ericstad,Mid,99,Green
C102659,47,M,East Jennifer,High,126,Green
C102660,49,F,South Heather,Mid,138,Green
C102661,48,F,South Hannahmouth,High,175,Green
C102662,21,F,New Adamfurt,Mid,75,Green
C102663,21,M,East Nicholas,High,14,Platinum
C102664,32,M,East Christopher,Mid,38,Gold
C102665,37,M,Johnsontown,Mid,140,Gold
C102666,31,F,Loriland,Low,45,Gold
C102667,32,F,North Laura,High,145,Platinum
C102668,34,F,Lake Gary,High,163,Platinum
C102669,44,M,Huntmouth,Mid,75,Platinum
C102670,26,M,Annaborough,Mid,169,Platinum
C102671,37,M,New Randall,Mid,29,Green
C102672,37,M,Martinezborough,High,18,Gold
C102673,44,F,West Marcustown,Low,20,Gold
C102674,50,M,Valdeztown,High,14,Gold
C102675,56,F,Lewisbury,Mid,162,Gold
C102676,29,F,Lake Lisastad,Mid,177,Green
C102677,21,M,North Nicolechester,Low,54,Green
C102678,35,M,Katrinafort,Low,31,Platinum
C102679,21,F,Lake Amandashire,Mid,58,Gold
C102680,68,M,West Susan,Mid,104,Green
C102681,28,F,Tinafurt,High,170,Green
C102682,44,M,West Gregory,Low,128,Gold
C102683,48,F,Tiffanyfort,Mid,158,Gold
C102684,41,M,West Andresshire,Mid,25,Gold
C102685,60,F,Reyesbury,Low,19,Green
C102686,35,M,East Andrewville,Low,136,Green
C102687,28,M,Joelchester,Mid,3,Green
C102688,28,M,New Christopher,Mid,86,Gold
C102689,46,F,West Victor,Mid,145,Green
C102690,35,M,East Nicholas,Mid,142,Green
C102691,28,F,East Sandramouth,Mid,9,Gold
C102692,42,F,Dennismouth,Low,94,Platinum
C102693,45,M,New Latoyachester,Mid,149,Green
C102694,40,M,Karenbury,Affluent,165,Gold
C102695,47,M,Matthewborough,Mid,139,Centurion
C102696,38,F,Lake Vanessabury,High,20,Platinum
C102697,31,F,Boydburgh,Mid,35,Platinum
C102698,46,F,Sotoland,High,53,Gold
C102699,28,F,Jonesborough,High,175,Green
C102700,25,F,Lake Victoriaborough,Mid,110,Gold
C102701,50,M,North Glenn,Affluent,180,Gold
C102702,34,F,East William,Low,136,Gold
C102703,56,M,Hardyport,Low,4,Gold
C102704,47,M,Lake James,High,155,Gold
C102705,33,F,Thompsonbury,High,172,Centurion
C102706,43,F,Justinmouth,Low,168,Green
C102707,65,M,West Michelle,Mid,102,Green
C102708,46,F,Millerstad,Low,47,Gold
C102709,44,M,Grayfort,Mid,94,Green
C102710,31,F,Hendersonchester,High,172,Gold
C102711,58,M,Port Stephanie,Mid,48,Green
C102712,52,M,Smithfurt,Mid,91,Gold
C102713,31,F,Dickersonport,Mid,180,Gold
C102714,58,F,New Jessica,Low,84,Green
C102715,39,F,Oscarport,Mid,68,Green
C102716,28,F,Campbellside,Mid,139,Green
C102717,31,F,Jonesberg,Affluent,125,Green
C102718,47,F,Gonzalezborough,High,73,Gold
C102719,28,F,North Michellestad,Low,4,Gold
C102720,25,F,Sullivanchester,High,76,Green
C102721,33,F,Wallerstad,High,73,Gold
C102722,34,M,Burnsshire,High,77,Green
C102723,30,F,South Nicoleville,Mid,48,Platinum
C102724,33,F,Frederickburgh,Mid,154,Green
C102725,48,M,Port Samuel,Mid,102,Platinum
C102726,40,F,Kelseystad,Low,106,Gold
C102727,32,M,Reidstad,Mid,77,Gold
C102728,33,M,Lake Paulchester,Mid,39,Gold
C102729,36,F,East Tim,Mid,58,Platinum
C102730,37,M,Crystaltown,High,19,Platinum
C102731,37,F,West Catherine,Mid,88,Gold
C102732,47,M,West John,Low,113,Green
C102733,40,F,North Darryl,Affluent,77,Platinum
C102734,40,M,Lake Jenniferfurt,Affluent,77,Green
C102735,53,M,Mccarthyland,High,28,Platinum
C102736,58,F,South Gabriel,Affluent,66,Gold
C102737,24,M,Kingport,Mid,10,Platinum
C102738,21,M,Willischester,Affluent,126,Platinum
C102739,34,M,North Daisystad,Low,58,Green
C102740,46,M,West Kaitlyn,Mid,142,Gold
C102741,42,M,Haletown,Mid,125,Green
C102742,49,M,Port Travis,Low,112,Green
C102743,33,M,North Kimchester,Low,84,Gold
C102744,21,F,Penachester,Mid,143,Green
C102745,22,F,East Nicholas,High,96,Gold
C102746,44,F,East Tom,Mid,33,Centurion
C102747,49,M,South Ashleyborough,Low,145,Gold
C102748,21,F,East Brian,High,152,Green
C102749,53,M,Port Katherine,Mid,158,Platinum
C102750,43,F,Tonyachester,Mid,141,Platinum
C102751,37,M,Simsville,High,47,Gold
C102752,31,F,North Kelly,Mid,112,Gold
C102753,55,F,Martinezland,Mid,144,Platinum
C102754,47,M,Anthonybury,Affluent,43,Green
C102755,43,F,Washingtonville,Mid,8,Platinum
C102756,29,M,North Josephtown,Mid,3,Platinum
C102757,55,F,North Jasontown,High,125,Platinum
C102758,38,F,Morrisonview,High,12,Green
C102759,41,M,Kennedymouth,Low,84,Platinum
C102760,38,M,Rogersmouth,Low,16,Gold
C102761,29,F,Lisastad,Low,78,Gold
C102762,41,F,Grayton,Mid,59,Platinum
C102763,45,F,Morganville,Mid,177,Green
C102764,33,F,South Monicafurt,Low,63,Green
C102765,40,M,North Carolyn,Affluent,49,Platinum
C102766,38,F,Stephaniebury,Mid,51,Platinum
C102767,48,F,Shannonfort,Mid,33,Platinum
C102768,34,M,Kellertown,Mid,30,Green
C102769,40,M,Allenstad,High,76,Gold
C102770,42,M,Port Jillmouth,Low,15,Green
C102771,34,F,New Todd,Mid,82,Platinum
C102772,28,M,West Ronniefort,High,92,Green
C102773,30,F,Lake Paulborough,Mid,23,Gold
C102774,42,F,Port Abigail,Mid,94,Gold
C102775,35,M,East Tylerland,Mid,45,Centurion
C102776,35,M,Marisaside,Low,62,Gold
C102777,44,M,Jacksonmouth,Low,15,Gold
C102778,49,M,South Elainebury,Mid,46,Green
C102779,51,M,East George,Mid,64,Gold
C102780,31,F,North Ryantown,Low,174,Gold
C102781,48,F,West Raven,High,172,Green
C102782,60,F,Jeffreyview,Affluent,75,Gold
C102783,39,M,Lynnville,High,157,Platinum
C102784,37,F,New Cynthia,High,52,Green
C102785,34,F,Davismouth,Mid,88,Green
C102786,26,M,New Katie,Affluent,57,Gold
C102787,47,M,Lake Matthewfurt,Low,83,Platinum
C102788,37,F,Stokesbury,Affluent,66,Green
C102789,36,F,Darrellland,Affluent,150,Platinum
C102790,45,M,North Matthewshire,High,20,Platinum
C102791,46,F,Lake Sheri,Affluent,33,Green
C102792,31,F,Davidmouth,Mid,72,Green
C102793,31,M,Raytown,Mid,25,Gold
C102794,31,M,Bryanside,Mid,46,Centurion
C102795,61,F,Port Paul,Mid,73,Gold
C102796,54,M,Floresstad,Low,98,Gold
C102797,45,F,New Elizabeth,Mid,57,Green
C102798,33,M,North Randall,Affluent,87,Gold
C102799,35,F,Stewartport,Low,133,Gold
C102800,41,F,South Erin,High,55,Green
C102801,62,M,New Justin,Affluent,61,Gold
C102802,41,M,New Lukehaven,Affluent,89,Green
C102803,43,F,West Wendyshire,Affluent,8,Gold
C102804,21,M,Welchborough,Mid,16,Green
C102805,40,F,Carterfurt,Affluent,176,Green
C102806,22,M,Port Masonborough,High,116,Platinum
C102807,32,M,Lake Jill,Low,61,Green
C102808,38,M,Port Tony,Mid,15,Gold
C102809,34,M,Evansburgh,High,150,Green
C102810,31,M,New Philipchester,Mid,131,Green
C102811,31,F,Mooneyfurt,Mid,102,Green
C102812,35,F,Jonesport,High,54,Green
C102813,35,F,Heatherborough,Low,14,Green
C102814,38,M,Davismouth,Mid,36,Platinum
C102815,37,M,Port Sarahport,High,105,Green
C102816,52,M,Penashire,Mid,82,Green
C102817,21,M,South Heather,Low,67,Platinum
C102818,40,F,Phyllisborough,Low,10,Green
C102819,38,F,Port Kaitlin,Mid,49,Gold
C102820,36,M,West Jessicashire,Affluent,111,Green
C102821,30,F,Lake Kristenberg,Mid,65,Green
C102822,36,M,Clementschester,Mid,57,Gold
C102823,21,F,North Cody,Mid,27,Centurion
C102824,40,F,Whiteton,Mid,113,Green
C102825,42,M,New Debrashire,High,133,Gold
C102826,30,F,Bookerfurt,High,71,Green
C102827,59,F,North David,Low,83,Green
C102828,36,M,Burnsburgh,Mid,57,Platinum
C102829,38,F,Parsonsland,Low,120,Green
C102830,52,F,Hancockfurt,Mid,93,Platinum
C102831,61,F,Cynthiamouth,High,15,Green
C102832,25,F,Alexanderville,Low,111,Platinum
C102833,31,M,North Tracyhaven,Mid,101,Gold
C102834,36,M,North Brenda,Mid,119,Platinum
C102835,29,M,Hillville,Affluent,76,Green
C102836,47,M,South Todd,Affluent,158,Platinum
C102837,28,F,Evansberg,Low,20,Gold
C102838,51,M,West Bryanside,High,165,Gold
C102839,44,F,South Lisa,Mid,131,Platinum
C102840,50,F,South Angelaside,Mid,73,Gold
C102841,28,F,Brownshire,High,122,Platinum
C102842,33,M,Port Karenville,Affluent,41,Green
C102843,47,M,Port Carol,Affluent,167,Gold
C102844,45,M,North Angela,Mid,154,Platinum
C102845,34,F,Davidberg,Mid,130,Green
C102846,36,F,Lake Evan,High,23,Gold
C102847,33,M,Melissaton,Mid,23,Centurion
C102848,36,M,North Williamstad,Mid,144,Gold
C102849,27,F,South Tiffany,Mid,9,Green
C102850,25,M,East Kevinhaven,High,13,Green
C102851,49,F,Donnamouth,Mid,156,Platinum
C102852,35,F,New Tracy,Low,155,Centurion
C102853,50,F,Alexandrastad,Affluent,51,Centurion
C102854,44,F,Lake Corey,Low,64,Gold
C102855,41,F,East Benjaminberg,Mid,52,Gold
C102856,30,M,Melissaborough,Mid,38,Green
C102857,24,F,New Andrea,Low,100,Green
C102858,32,F,Joshuachester,Low,146,Green
C102859,54,M,New Jonathanfurt,Low,51,Green
C102860,47,M,South Stephen,High,137,Platinum
C102861,31,M,Ericaberg,Mid,141,Platinum
C102862,33,F,North Crystal,Affluent,168,Gold
C102863,27,M,Wandaborough,Mid,55,Centurion
C102864,21,F,Annehaven,Mid,109,Centurion
C102865,39,M,South Lorraine,Mid,171,Gold
C102866,56,F,Victoriachester,Mid,44,Gold
C102867,57,M,Johnsonbury,High,110,Green
C102868,44,M,West Davidville,Mid,161,Gold
C102869,31,M,Jonesland,Mid,152,Green
C102870,22,M,Reginaview,High,164,Green
C102871,49,F,Port Lauren,Affluent,128,Platinum
C102872,42,F,Alejandrofurt,High,105,Green
C102873,34,M,South Stephanie,Mid,10,Green
C102874,32,M,East Alishaport,High,100,Gold
C102875,44,M,Davisstad,Mid,148,Gold
C102876,28,F,Andreaville,Mid,109,Green
C102877,40,M,East Louisfurt,Mid,108,Green
C102878,24,F,West Linda,Mid,140,Centurion
C102879,62,F,Woodsberg,Low,146,Green
C102880,30,F,Alberthaven,Mid,94,Platinum
C102881,45,M,Lake David,High,63,Gold
C102882,24,M,Bradleyview,Mid,84,Gold
C102883,36,F,Lake Daniellestad,Low,25,Green
C102884,47,M,Lake Charlotte,Low,12,Platinum
C102885,50,M,Whitestad,Affluent,149,Platinum
C102886,46,F,Shawview,Mid,25,Green
C102887,36,M,Meyerbury,Mid,11,Green
C102888,30,M,Cynthialand,High,64,Green
C102889,26,F,Richardmouth,High,126,Platinum
C102890,54,F,Lake Christopherbury,Mid,50,Gold
C102891,39,M,East Barbaraland,High,89,Green
C102892,41,F,Angelafort,High,99,Green
C102893,50,F,South Ericaberg,High,116,Gold
C102894,44,F,Jimenezside,Low,96,Platinum
C102895,36,M,South Alexanderborough,High,177,Gold
C102896,46,F,Lake Ronaldside,Mid,14,Green
C102897,31,M,Johnhaven,Mid,1,Green
C102898,21,M,New Shaneburgh,Mid,25,Gold
C102899,53,M,East Charles,Low,72,Green
C102900,32,M,New Michael,Low,69,Platinum
C102901,34,F,South Tylerburgh,High,133,Gold
C102902,35,F,Taramouth,Low,105,Green
C102903,31,M,Port Amber,Mid,147,Gold
C102904,50,M,West Kevinport,Mid,23,Gold
C102905,42,M,Jasonshire,Low,9,Gold
C102906,34,M,Robinsonport,Affluent,118,Platinum
C102907,23,M,South Patriciafort,Mid,94,Gold
C102908,41,M,West Adammouth,Mid,178,Platinum
C102909,21,M,Kennethville,Mid,144,Gold
C102910,40,M,West Pamelaburgh,Mid,33,Green
C102911,52,F,Gomezville,Low,130,Green
C102912,38,M,Vasquezland,High,14,Platinum
C102913,51,M,South David,Affluent,1,Platinum
C102914,24,M,Smithview,Mid,90,Gold
C102915,60,M,South Randall,High,89,Gold
C102916,50,F,Michaelburgh,High,144,Green
C102917,43,F,Danielmouth,High,90,Gold
C102918,31,F,Martinstad,Mid,175,Centurion
C102919,29,F,Smithborough,Mid,172,Platinum
C102920,37,M,East Justinberg,Mid,14,Green
C102921,51,M,Fishermouth,High,152,Green
C102922,23,F,East Elizabethfort,High,111,Gold
C102923,38,F,Davidfort,Low,143,Gold
C102924,46,F,Marshberg,Mid,83,Green
C102925,48,M,Karenfurt,Affluent,72,Gold
C102926,46,M,Andersonville,High,162,Green
C102927,22,M,East Erichaven,Affluent,130,Platinum
C102928,50,M,Port Gabrielleton,High,27,Gold
C102929,38,F,Russelltown,Mid,74,Platinum
C102930,26,M,Castilloport,Mid,99,Platinum
C102931,37,M,Millerchester,High,72,Gold
C102932,21,F,New Elijah,Low,23,Platinum
C102933,44,M,East Juan,Mid,68,Gold
C102934,36,M,Port Josephbury,High,142,Centurion
C102935,24,M,Gonzalezville,Low,117,Green
C102936,34,M,East Victoria,High,106,Platinum
C102937,30,M,East David,Mid,93,Green
C102938,30,M,Johnsonborough,Affluent,65,Green
C102939,21,F,South Andres,Low,68,Gold
C102940,21,F,North Michelle,Mid,128,Gold
C102941,35,M,Russellport,Mid,63,Green
C102942,33,F,East Matthew,Mid,113,Gold
C102943,48,M,Brownchester,High,90,Platinum
C102944,31,F,West Danielstad,High,81,Green
C102945,32,M,Sherrychester,Low,103,Gold
C102946,32,M,West Patty,Mid,160,Green
C102947,35,M,North Aaron,Mid,116,Gold
C102948,39,M,Jasonfort,Mid,13,Gold
C102949,33,F,Rebekahville,Affluent,124,Green
C102950,44,M,Lopezfort,High,147,Centurion
C102951,63,M,Matthewville,High,152,Gold
C102952,28,F,Lake Alexanderside,High,88,Platinum
C102953,42,M,West Michael,Mid,11,Gold
C102954,38,F,Juliashire,Affluent,15,Platinum
C102955,49,F,Johnview,High,10,Green
C102956,40,M,New Patrick,High,41,Green
C102957,30,M,East Crystalville,High,155,Gold
C102958,25,M,New Tanyaborough,Mid,73,Platinum
C102959,44,M,Lake Sean,High,52,Green
C102960,26,M,North Shellymouth,Low,128,Centurion
C102961,51,M,Jessicaborough,Mid,28,Green
C102962,44,F,North David,Mid,65,Green
C102963,38,M,Pierceview,Affluent,17,Green
C102964,23,M,Patriciamouth,High,95,Gold
C102965,45,M,South Carloschester,High,172,Platinum
C102966,55,F,East Carolberg,High,138,Green
C102967,33,M,Brandonshire,Mid,63,Gold
C102968,29,M,Port Teresaborough,Affluent,175,Green
C102969,36,M,Simpsonside,Mid,38,Gold
C102970,43,M,East Samuelhaven,Mid,70,Green
C102971,32,M,Hartfurt,Low,104,Gold
C102972,47,F,Lawsonborough,High,53,Gold
C102973,59,F,North Ernest,High,172,Gold
C102974,41,F,New Heather,Mid,119,Green
C102975,34,F,Gordonhaven,Low,74,Green
C102976,42,F,Kevinbury,High,54,Gold
C102977,50,F,Jeanetteside,Low,20,Platinum
C102978,39,M,East Jeffreyside,High,79,Platinum
C102979,43,M,West Benjamin,Affluent,31,Platinum
C102980,45,M,West Sara,Mid,135,Centurion
C102981,28,M,Morganton,Mid,58,Gold
C102982,43,M,Port Jason,High,105,Green
C102983,23,F,North Deborahstad,High,10,Green
C102984,30,M,Christopherside,Mid,10,Gold
C102985,50,F,Jenniferchester,Affluent,39,Gold
C102986,47,F,Markton,Low,156,Platinum
C102987,35,M,Port Michaelview,Mid,158,Green
C102988,56,M,West Teresa,High,37,Gold
C102989,23,M,Lake Juliefurt,High,119,Gold
C102990,35,M,Mollyside,Low,67,Gold
C102991,41,M,Port Scott,High,43,Green
C102992,21,F,Josephshire,Mid,52,Platinum
C102993,36,M,Moorebury,Mid,101,Green
C102994,25,F,Richardsonfort,Low,56,Platinum
C102995,25,F,South Hunterburgh,High,76,Centurion
C102996,35,M,East Ashley,Low,68,Green
C102997,21,F,Lake Julian,Mid,137,Green
C102998,29,M,Frankburgh,Mid,106,Gold
C102999,21,F,Mcdanielborough,High,125,Gold
C103000,39,M,East Charlesbury,High,92,Green
C103001,39,F,Stoutfurt,High,23,Platinum
C103002,34,M,Lake Alisontown,Mid,109,Gold
C103003,48,F,South Patrickville,Mid,61,Green
C103004,34,M,Port Mariaton,Mid,168,Gold
C103005,37,M,East Kayla,High,44,Green
C103006,28,M,Douglastown,Affluent,152,Green
C103007,21,F,Port Danielmouth,Low,179,Gold
C103008,36,F,East Donaldshire,High,161,Green
C103009,34,F,Ochoaport,Low,16,Gold
C103010,56,F,Timothybury,Mid,22,Centurion
C103011,45,F,New Heatherside,Mid,57,Platinum
C103012,33,M,North Malloryville,Mid,62,Green
C103013,39,M,Curtischester,Mid,107,Green
C103014,47,F,North Rhonda,Mid,71,Gold
C103015,43,F,East Ronaldberg,Mid,90,Gold
C103016,56,M,Dianabury,High,72,Platinum
C103017,29,F,Mcdanielville,Mid,70,Gold
C103018,48,F,Jacksonville,Low,30,Green
C103019,33,F,North Stephanie,High,103,Gold
C103020,40,F,Michaelmouth,Mid,151,Platinum
C103021,31,M,West Sandraland,Mid,32,Platinum
C103022,36,F,New Edwardchester,High,86,Green
C103023,40,M,Carolchester,Mid,57,Gold
C103024,44,M,Lake Gloria,Low,109,Green
C103025,38,M,Michaelville,Mid,9,Gold
C103026,21,F,Sabrinastad,Affluent,31,Green
C103027,37,F,Lisaland,Mid,71,Platinum
C103028,54,F,Port Sarahberg,High,137,Gold
C103029,37,F,West Dylan,Mid,13,Platinum
C103030,54,F,Griffithfort,Low,131,Centurion
C103031,36,M,North Beckyview,Mid,35,Green
C103032,21,F,North Marcus,High,21,Gold
C103033,33,M,East Katrina,Low,64,Platinum
C103034,31,F,Luischester,Mid,95,Gold
C103035,35,M,Steelechester,Mid,180,Gold
C103036,24,M,Devonbury,Mid,34,Gold
C103037,37,M,Barnesfort,Affluent,121,Gold
C103038,34,F,Patelbury,Low,163,Green
C103039,52,M,Millerchester,Mid,15,Gold
C103040,24,M,Lake Christopher,Low,120,Green
C103041,40,F,Aarontown,Affluent,96,Green
C103042,42,M,Angelaberg,Low,6,Green
C103043,46,F,North Rhondastad,Mid,109,Green
C103044,34,F,West Steven,High,97,Gold
C103045,40,F,Sanchezbury,High,32,Green
C103046,41,M,Lake Devinberg,Mid,180,Green
C103047,21,M,Quinnchester,Mid,83,Platinum
C103048,34,M,Brianville,Mid,156,Platinum
C103049,37,M,South Maryburgh,Mid,118,Platinum
C103050,38,M,East Michaelland,Mid,79,Platinum
C103051,38,F,North Alexander,Mid,78,Green
C103052,42,F,Hernandezburgh,Mid,147,Green
C103053,59,M,Manninghaven,Mid,107,Green
C103054,31,M,Theodoremouth,High,126,Platinum
C103055,42,F,Harringtontown,Affluent,15,Platinum
C103056,52,M,Danielton,Mid,134,Green
C103057,21,F,New Karenhaven,Low,73,Green
C103058,40,M,North Randy,Low,101,Gold
C103059,21,F,Fraziermouth,Affluent,98,Green
C103060,62,F,Samanthahaven,Mid,166,Gold
C103061,43,F,Jennachester,Low,26,Platinum
C103062,42,M,West Teresa,Mid,92,Gold
C103063,21,M,Spenceberg,Mid,125,Platinum
C103064,32,M,South Christine,Mid,179,Green
C103065,32,F,South Isaiah,Mid,73,Gold
C103066,57,F,Port Heatherfort,Low,123,Platinum
C103067,46,F,Denisefurt,Affluent,53,Gold
C103068,21,M,Martinstad,Mid,78,Gold
C103069,43,M,Leeville,High,92,Gold
C103070,21,M,North Michaelmouth,High,88,Platinum
C103071,21,F,East Julianside,Mid,13,Green
C103072,42,M,North Jasontown,Mid,43,Green
C103073,46,M,Jacobborough,Mid,76,Green
C103074,43,F,East Josephshire,Mid,51,Platinum
C103075,58,F,New Valeriefort,High,19,Centurion
C103076,42,F,North Leonardport,Affluent,149,Green
C103077,39,F,West Karenfurt,Low,122,Green
C103078,24,F,West Karen,Low,24,Platinum
C103079,47,M,Terriville,Affluent,26,Green
C103080,21,M,Richardhaven,High,173,Green
C103081,60,F,New Lindseyberg,High,156,Green
C103082,47,M,New Laurafort,Mid,120,Green
C103083,68,M,West Evanmouth,Mid,82,Gold
C103084,42,M,Lake Christopherbury,High,100,Gold
C103085,48,M,Port Erin,High,157,Gold
C103086,34,M,Port Jennifer,Mid,17,Platinum
C103087,37,M,Sethberg,Low,68,Green
C103088,26,M,Kellychester,Mid,44,Green
C103089,22,M,Lake Kimfurt,Mid,61,Platinum
C103090,40,F,East Wendy,Mid,123,Platinum
C103091,37,F,East Ashleyfort,Affluent,93,Green
C103092,26,F,Port Alexisport,Mid,74,Green
C103093,28,F,South Clintonmouth,High,153,Green
C103094,38,M,West Evan,Low,67,Gold
C103095,25,F,Barbarastad,High,111,Green
C103096,41,M,North Haroldmouth,Affluent,2,Gold
C103097,26,F,Valerieview,Low,89,Green
C103098,40,M,Santosberg,Low,177,Platinum
C103099,25,F,New Tracystad,Mid,26,Green
C103100,25,M,Richardberg,Low,99,Gold
C103101,21,M,Richardsonmouth,High,27,Green
C103102,36,F,Christopherchester,Affluent,89,Green
C103103,53,F,Bakerton,Mid,146,Gold
C103104,53,M,Lake Krystalside,Mid,1,Platinum
C103105,41,F,East Melissaport,Mid,103,Gold
C103106,21,M,Moorefurt,High,131,Gold
C103107,47,F,East Paulmouth,Low,41,Green
C103108,40,M,West Stevenside,Mid,165,Gold
C103109,33,F,Rodriguezburgh,Mid,51,Green
C103110,51,M,South Kaylaborough,Mid,15,Green
C103111,44,F,Murphymouth,Mid,8,Platinum
C103112,59,M,Wendyfort,High,38,Platinum
C103113,22,M,Lake Judith,Low,114,Gold
C103114,23,M,West Shawnside,Low,83,Platinum
C103115,25,M,South Dustin,High,56,Centurion
C103116,34,M,West Ashley,High,175,Green
C103117,55,F,Brownstad,Low,103,Centurion
C103118,31,M,Irwinborough,Mid,138,Gold
C103119,31,F,East Mirandachester,Mid,102,Platinum
C103120,42,M,Johnnyburgh,Mid,78,Gold
C103121,47,M,East Chadfurt,Mid,177,Gold
C103122,21,F,West Morganmouth,Low,169,Gold
C103123,49,F,Warrenview,Mid,83,Green
C103124,30,M,Port Brian,High,30,Platinum
C103125,36,M,Petersonport,Mid,5,Green
C103126,53,M,East Michael,High,119,Green
C103127,35,F,Olsonside,Low,31,Green
C103128,21,F,Lake Samuel,Affluent,180,Green
C103129,21,F,Morrowside,High,23,Green
C103130,37,M,North Jennifer,High,48,Green
C103131,34,F,West Elizabeth,High,109,Gold
C103132,38,F,Alexismouth,Affluent,40,Gold
C103133,33,F,South Michelle,Mid,6,Green
C103134,51,M,Port Tarachester,Mid,38,Green
C103135,38,F,Abigailtown,Mid,169,Centurion
C103136,21,F,Hardingberg,High,100,Green
C103137,46,F,Fowlershire,High,27,Green
C103138,58,M,North Jefferyborough,Mid,69,Green
C103139,39,F,Hortonburgh,Low,57,Green
C103140,40,F,Robinsonborough,Mid,17,Gold
C103141,29,F,Lake Barbara,Affluent,71,Green
C103142,35,F,West Lisatown,Mid,47,Gold
C103143,43,F,Peggyhaven,Mid,79,Green
C103144,50,F,Lake Victormouth,Mid,110,Gold
C103145,42,M,Jenkinsstad,Mid,13,Platinum
C103146,57,M,Millsmouth,High,139,Green
C103147,39,F,East Stephenstad,High,124,Green
C103148,25,M,New Brooke,High,109,Green
C103149,25,F,Jameschester,Mid,90,Gold
C103150,51,F,Jacquelineville,Mid,86,Green
C103151,49,F,Port Maryland,Mid,92,Gold
C103152,21,F,New Sarahville,High,24,Green
C103153,35,M,Bradyside,Mid,73,Green
C103154,36,M,Lake Seanshire,Mid,4,Green
C103155,29,M,Lake Kellychester,Mid,113,Green
C103156,22,F,East Kimberly,Affluent,46,Green
C103157,29,F,Wilsonfort,Low,18,Green
C103158,27,M,West Tammymouth,High,43,Gold
C103159,22,M,Odonnellfurt,Mid,161,Green
C103160,47,M,West Kimberlyhaven,Mid,93,Gold
C103161,41,F,Josephview,Low,103,Gold
C103162,32,F,Marychester,Mid,124,Gold
C103163,21,F,North Rachel,Mid,10,Platinum
C103164,34,F,Johnsontown,Low,73,Green
C103165,43,F,Port Nicholas,Mid,31,Green
C103166,29,M,Matthewshire,Affluent,156,Gold
C103167,25,M,Allenfurt,Low,60,Gold
C103168,36,F,New Deanna,High,131,Gold
C103169,41,F,Port Sarahchester,Mid,118,Green
C103170,21,M,Lake Peter,High,14,Gold
C103171,52,M,South Rebecca,Mid,143,Platinum
C103172,24,F,South Jerry,Low,2,Green
C103173,33,M,New David,Low,24,Centurion
C103174,50,F,Cameronview,Low,64,Green
C103175,39,F,West James,Low,100,Green
C103176,50,M,North Samuelshire,High,114,Green
C103177,55,F,North Christine,High,24,Gold
C103178,21,M,New Patrickberg,High,155,Gold
C103179,47,M,Waltersstad,High,165,Gold
C103180,52,M,East Denise,Low,91,Gold
C103181,33,F,West James,Mid,167,Green
C103182,34,F,Lake Kimberly,Mid,26,Green
C103183,21,M,Townsendton,Mid,65,Green
C103184,46,F,Christopherberg,Mid,120,Centurion
C103185,21,M,Lake Traciville,Mid,4,Green
C103186,48,F,South Saraville,Mid,157,Platinum
C103187,22,M,East Justinburgh,Mid,1,Green
C103188,53,F,North Troystad,High,50,Green
C103189,42,M,South Craig,High,110,Green
C103190,49,M,South Charlesland,Mid,139,Green
C103191,29,M,Lake Robert,Affluent,74,Centurion
C103192,23,M,Cynthiamouth,Affluent,62,Gold
C103193,21,F,East Kent,Mid,81,Platinum
C103194,50,M,Lake Ashley,Mid,164,Platinum
C103195,45,M,North Theresastad,Mid,56,Gold
C103196,45,M,Cooleyside,Affluent,111,Gold
C103197,41,F,East Aimeeview,High,21,Gold
C103198,43,F,East Catherineside,Low,141,Gold
C103199,34,M,New Williamberg,Mid,9,Green
C103200,42,M,Port Michael,Mid,139,Gold
C103201,28,F,North Mark,Mid,70,Gold
C103202,34,M,North Jessica,Low,129,Green
C103203,71,F,West Joshua,High,118,Gold
C103204,38,F,North Michael,High,56,Platinum
C103205,21,M,Stuartfort,High,31,Gold
C103206,33,M,Huntfurt,High,37,Gold
C103207,26,M,West Gerald,High,175,Green
C103208,39,F,Suzanneville,Mid,91,Platinum
C103209,28,F,Gabrielborough,Mid,114,Green
C103210,35,M,Hamiltonmouth,Low,128,Centurion
C103211,29,M,Carlsonview,High,175,Centurion
C103212,40,F,Cindyfurt,Low,122,Platinum
C103213,31,M,Gonzalezstad,High,69,Green
C103214,41,M,Rachaelland,Mid,36,Green
C103215,59,M,Jacksonton,Low,32,Platinum
C103216,25,F,Brendaport,Low,64,Platinum
C103217,45,M,Raymondville,Low,170,Platinum
C103218,21,M,Port Marcus,High,48,Gold
C103219,35,F,West John,High,81,Gold
C103220,40,M,Lake Nathan,Mid,158,Green
C103221,29,M,Port Leonard,Low,149,Platinum
C103222,21,F,West Haleymouth,Low,60,Gold
C103223,37,M,South Ashley,Low,141,Green
C103224,54,F,Rachelside,Low,1,Green
C103225,36,M,South Justinborough,High,65,Gold
C103226,44,F,North Ann,Mid,33,Gold
C103227,50,F,New Patriciachester,Mid,38,Green
C103228,65,F,Stewartmouth,Low,25,Green
C103229,26,F,East Brandon,Mid,154,Green
C103230,27,M,Jimenezview,Mid,59,Green
C103231,34,M,Wilsonmouth,Mid,161,Platinum
C103232,44,M,New Mark,Mid,101,Gold
C103233,21,F,Youngtown,Low,127,Gold
C103234,45,F,Andrewshire,Mid,41,Platinum
C103235,39,M,South Justinfurt,Mid,158,Green
C103236,32,M,New Samanthaton,Mid,57,Platinum
C103237,42,M,Deannaland,Affluent,177,Centurion
C103238,47,F,Davischester,Mid,48,Gold
C103239,49,M,Joshuastad,Mid,72,Gold
C103240,38,M,Millermouth,Mid,177,Gold
C103241,41,M,Salazarfurt,Mid,175,Platinum
C103242,41,M,Heathermouth,Mid,56,Green
C103243,51,M,Allisonville,High,65,Green
C103244,42,M,Sharonville,High,12,Platinum
C103245,45,M,East Brandontown,Low,69,Platinum
C103246,47,M,North Victoria,Mid,134,Gold
C103247,59,M,Perezland,Mid,89,Green
C103248,31,M,Lake Rachel,High,25,Green
C103249,55,F,Lisaside,Mid,1,Gold
C103250,65,F,Lake Mirandaview,Mid,160,Platinum
C103251,32,F,North Brandonport,Low,131,Green
C103252,35,M,West Markfurt,Mid,49,Gold
C103253,33,F,Hollyberg,Low,147,Platinum
C103254,45,M,Wilsonmouth,Mid,60,Green
C103255,21,M,Port Breanna,Low,157,Platinum
C103256,32,M,Walshville,High,178,Green
C103257,34,M,New Timothy,Mid,2,Platinum
C103258,34,M,Braymouth,Mid,73,Centurion
C103259,33,M,Perezview,High,145,Green
C103260,32,M,Jenniferstad,Mid,110,Platinum
C103261,46,M,Lake Deborah,Mid,164,Centurion
C103262,43,F,Lake Christian,Mid,61,Centurion
C103263,56,F,Browntown,Low,17,Gold
C103264,46,F,South Lori,High,49,Gold
C103265,25,M,South Dan,Low,76,Green
C103266,36,M,Port Brittany,Mid,148,Green
C103267,34,F,Kathleenport,Mid,178,Gold
C103268,40,M,Rioshaven,Mid,131,Green
C103269,50,F,East Jefferystad,High,43,Gold
C103270,40,M,Hesterhaven,Mid,57,Gold
C103271,40,M,Port Ricardo,Low,50,Platinum
C103272,38,M,West Rodneyport,High,178,Platinum
C103273,46,F,East Stevenville,Mid,37,Green
C103274,31,M,East Allenmouth,High,46,Gold
C103275,21,M,West Anthony,High,170,Platinum
C103276,45,F,Bellville,High,15,Green
C103277,42,M,West Ryanberg,Mid,161,Green
C103278,52,F,Shawhaven,Mid,80,Platinum
C103279,21,M,Brianview,High,139,Green
C103280,36,F,Coreyfurt,Mid,148,Platinum
C103281,39,M,Leeborough,Low,24,Platinum
C103282,21,M,Thompsonview,High,125,Gold
C103283,37,F,Stoneville,High,118,Platinum
C103284,51,M,Lake Johnville,Mid,80,Green
C103285,60,F,North Brian,Low,94,Platinum
C103286,48,F,New Josephland,Mid,65,Platinum
C103287,34,M,West Jeremyfurt,High,88,Green
C103288,51,F,Longbury,Affluent,88,Gold
C103289,48,F,Tylerburgh,Mid,145,Gold
C103290,32,F,West Dana,Low,126,Green
C103291,31,F,Jessicaville,High,89,Centurion
C103292,36,M,New Rebecca,Mid,61,Gold
C103293,26,F,Stevensonbury,Mid,15,Gold
C103294,34,M,West Erin,Affluent,94,Green
C103295,43,F,East Martin,Low,51,Gold
C103296,49,M,Thomastown,Mid,27,Platinum
C103297,33,F,Pattersontown,Low,74,Gold
C103298,53,F,West Nicole,Mid,61,Platinum
C103299,45,F,Lake Kathleen,High,31,Gold
C103300,45,M,New Michaelfort,Mid,12,Green
C103301,27,F,South Morganfort,Affluent,46,Gold
C103302,57,M,North Lorishire,Mid,159,Green
C103303,44,M,Maryhaven,Mid,32,Green
C103304,34,M,Port Dwayne,Mid,160,Green
C103305,32,M,North Kevinmouth,Mid,61,Platinum
C103306,34,M,Henrystad,Mid,46,Centurion
C103307,26,M,Elizabethview,Low,85,Green
C103308,48,M,Stephenstad,Mid,80,Green
C103309,27,M,Jenniferhaven,Mid,135,Green
C103310,41,M,Rodriguezhaven,High,4,Platinum
C103311,33,M,East Tiffanybury,High,52,Gold
C103312,45,M,West Tyler,High,159,Gold
C103313,46,F,New Joyce,Low,112,Gold
C103314,30,M,Howardland,Mid,36,Gold
C103315,37,F,South Danielle,High,54,Green
C103316,22,M,Natalieside,Mid,119,Green
C103317,56,M,Archerhaven,Low,127,Green
C103318,49,M,West Renee,High,17,Gold
C103319,22,F,Pamelafurt,High,75,Platinum
C103320,28,M,Landryview,Mid,158,Green
C103321,36,F,Jamesshire,Low,105,Green
C103322,38,M,Maryville,High,150,Platinum
C103323,30,F,Popeshire,Mid,117,Green
C103324,25,F,Keithtown,High,43,Green
C103325,42,M,Hoberg,High,112,Platinum
C103326,57,F,Beckerhaven,High,115,Gold
C103327,38,F,Cindyburgh,Mid,27,Gold
C103328,34,F,Tommyland,Low,37,Platinum
C103329,33,F,Alexiston,High,46,Gold
C103330,25,M,West Margaret,Mid,113,Green
C103331,30,M,North Tracytown,High,35,Gold
C103332,50,M,Belltown,Low,132,Gold
C103333,21,F,West Devinport,Low,80,Centurion
C103334,38,M,North Jennifer,High,80,Centurion
C103335,38,M,Lake James,High,154,Green
C103336,39,F,West Jefferyfort,Affluent,121,Gold
C103337,46,M,Johnfurt,High,147,Green
C103338,38,F,Rossville,Mid,122,Green
C103339,33,F,Samanthaport,High,81,Gold
C103340,30,F,New Ryan,High,173,Gold
C103341,52,F,Lindaberg,Mid,154,Gold
C103342,49,F,West Derek,Mid,150,Gold
C103343,69,F,West Kevin,Low,119,Platinum
C103344,34,M,Ashleymouth,Mid,58,Platinum
C103345,30,M,South Kimberly,High,63,Gold
C103346,42,M,Davishaven,Mid,156,Green
C103347,42,F,Bensonhaven,Mid,172,Platinum
C103348,44,F,Taylorchester,Mid,100,Platinum
C103349,47,M,Fisherchester,Mid,171,Green
C103350,44,F,Johnsonside,Mid,165,Gold
C103351,49,M,Port Robertberg,Mid,66,Centurion
C103352,51,M,Kristinshire,Affluent,145,Gold
C103353,51,M,Davidside,Mid,168,Gold
C103354,21,F,Brianfurt,Low,166,Green
C103355,40,F,South Elizabeth,Low,85,Gold
C103356,27,M,Aguirrehaven,High,137,Gold
C103357,49,F,Combsland,Mid,144,Green
C103358,21,M,West Mariaville,High,123,Gold
C103359,54,F,Brookeport,High,2,Green
C103360,28,M,Vaughnton,High,106,Gold
C103361,25,F,Lake Brendahaven,Mid,108,Centurion
C103362,41,F,Lake Jamieberg,High,72,Gold
C103363,33,F,Taylorberg,Mid,171,Gold
C103364,57,F,Courtneytown,Affluent,126,Gold
C103365,52,M,Hansonborough,Mid,170,Green
C103366,32,F,North Aaronville,Mid,57,Centurion
C103367,49,M,East Jamesfort,Mid,81,Green
C103368,32,M,Port Williamfurt,Low,158,Green
C103369,31,F,North Kevinfort,High,141,Gold
C103370,45,M,Port Jimmy,Mid,19,Gold
C103371,54,M,Lorrainemouth,Mid,7,Green
C103372,33,F,South Dustintown,Mid,137,Green
C103373,33,F,East Lori,High,54,Platinum
C103374,41,F,East William,High,104,Green
C103375,28,F,South Timothy,High,86,Green
C103376,55,F,Elizabethshire,High,82,Green
C103377,28,F,Richardsonview,Low,61,Green
C103378,31,F,Cruzville,Low,87,Gold
C103379,57,M,Butlerchester,High,2,Gold
C103380,40,F,North Justin,Mid,178,Platinum
C103381,59,M,New Pedroshire,Mid,31,Green
C103382,35,F,Austinmouth,Low,33,Green
C103383,65,F,West Sydneymouth,Mid,80,Green
C103384,44,M,Hillburgh,Low,11,Green
C103385,29,F,Vincenthaven,High,161,Green
C103386,29,F,West Rachel,Mid,128,Green
C103387,21,F,Palmerburgh,Mid,135,Green
C103388,23,M,West Diana,Low,128,Gold
C103389,30,F,Stephenberg,High,31,Green
C103390,27,M,Kristenport,Mid,176,Green
C103391,21,F,Jonesfort,High,126,Green
C103392,47,M,Estesburgh,High,47,Green
C103393,46,M,Davidmouth,Mid,107,Gold
C103394,41,M,Breannafurt,Affluent,19,Green
C103395,25,M,North Anthonyburgh,Affluent,81,Green
C103396,56,F,North Elizabeth,High,123,Green
C103397,36,M,Villafort,High,134,Green
C103398,28,F,Kathleenbury,Mid,107,Platinum
C103399,40,F,East Jessicafurt,Mid,49,Centurion
C103400,39,F,Nielsenton,Low,73,Green
C103401,21,M,Dannyland,Low,50,Gold
C103402,37,F,Hinestown,Affluent,81,Green
C103403,39,M,West Daniel,Mid,95,Green
C103404,33,M,Grayshire,High,12,Green
C103405,23,F,East Johnny,High,23,Platinum
C103406,23,M,Sheltonbury,High,54,Green
C103407,43,F,Lake Fernando,Affluent,118,Centurion
C103408,46,M,North Brandi,Mid,59,Gold
C103409,33,M,East Arthurberg,Low,164,Green
C103410,42,M,West Kimshire,Mid,3,Platinum
C103411,32,F,West Jacobhaven,Low,58,Platinum
C103412,28,M,Leeborough,Low,57,Platinum
C103413,40,M,Masonstad,Mid,145,Gold
C103414,25,F,Port Carlos,High,167,Green
C103415,58,F,Garrettland,Mid,90,Green
C103416,22,F,East Kimberlyport,Mid,55,Green
C103417,41,M,North Victorton,High,45,Gold
C103418,39,M,Andrewport,Mid,1,Centurion
C103419,38,F,Peterstad,Low,21,Gold
C103420,54,F,Port Monicaport,High,21,Platinum
C103421,21,F,New Barbarahaven,Mid,52,Green
C103422,42,F,Reginaldton,High,82,Gold
C103423,34,M,New Thomasview,Low,171,Platinum
C103424,44,M,North Matthewview,High,180,Gold
C103425,38,F,West Pamela,Mid,67,Gold
C103426,37,M,East Jamesmouth,Mid,113,Gold
C103427,24,F,East Trevorshire,Mid,44,Gold
C103428,30,M,West Tinachester,High,160,Centurion
C103429,72,F,New Timothyberg,Mid,10,Gold
C103430,44,M,Jenniferville,Mid,64,Green
C103431,49,M,South Williamstad,Affluent,69,Gold
C103432,34,F,Woodsbury,High,68,Green
C103433,28,F,North Anthonyborough,Mid,28,Gold
C103434,46,M,Flemingtown,High,116,Green
C103435,21,M,Williamsfurt,Mid,51,Platinum
C103436,30,F,South Jacqueline,Mid,4,Platinum
C103437,34,F,North Samuel,Mid,79,Green
C103438,48,M,Michaelmouth,Affluent,17,Green
C103439,42,F,Hullbury,Affluent,108,Gold
C103440,32,M,North Brianna,Mid,74,Platinum
C103441,42,F,South Julie,Mid,175,Green
C103442,34,F,Port Alexisbury,Mid,23,Green
C103443,49,M,North Brianmouth,Affluent,18,Gold
C103444,40,F,West Bradley,Affluent,129,Gold
C103445,57,M,Carriebury,Mid,35,Green
C103446,34,M,Davidfurt,High,64,Gold
C103447,51,M,Sandovalland,High,59,Centurion
C103448,38,M,West Shawnaborough,Mid,1,Green
C103449,30,F,Thorntonstad,Low,131,Gold
C103450,66,M,South Jennifer,Mid,67,Green
C103451,52,F,Kimberlyport,High,37,Green
C103452,40,M,New Patricia,High,29,Green
C103453,46,M,Heidihaven,Mid,89,Gold
C103454,26,M,North Michaelchester,Affluent,161,Platinum
C103455,26,M,Ramirezborough,Low,100,Gold
C103456,50,F,Port Theresa,Mid,122,Green
C103457,38,F,West Judy,High,90,Green
C103458,36,M,North Nathan,High,132,Gold
C103459,34,F,North Tiffany,Mid,14,Green
C103460,39,M,Santosmouth,Mid,161,Green
C103461,35,M,North Victorton,Low,150,Gold
C103462,21,M,Joshuafurt,Mid,176,Platinum
C103463,53,F,Margaretland,Mid,131,Green
C103464,36,F,West Melissafurt,Low,85,Gold
C103465,58,F,Smithfurt,High,151,Green
C103466,21,F,Wallacebury,Mid,21,Gold
C103467,21,F,South Jack,High,171,Gold
C103468,34,F,Patelport,High,26,Platinum
C103469,48,M,New Kathryntown,Low,41,Gold
C103470,24,M,Sandraview,Low,122,Green
C103471,24,M,Port Anthony,High,38,Green
C103472,42,F,Glennton,Mid,88,Green
C103473,34,F,New Paulport,High,11,Gold
C103474,43,F,Colemanshire,High,29,Platinum
C103475,34,M,Franciscofurt,High,60,Gold
C103476,42,M,Reesebury,Affluent,61,Gold
C103477,53,F,North Juan,Mid,147,Green
C103478,24,M,Christopherbury,Mid,174,Gold
C103479,51,F,Matthewfurt,Mid,177,Green
C103480,21,M,New Joshuaview,Low,22,Green
C103481,44,F,Kimberlytown,Mid,78,Gold
C103482,53,F,West Ashleymouth,Mid,113,Platinum
C103483,32,F,Melaniemouth,Affluent,123,Green
C103484,45,M,Smithtown,Mid,142,Gold
C103485,32,F,Johnsonstad,Mid,44,Platinum
C103486,44,M,Littleside,Mid,144,Green
C103487,21,F,South Brian,Low,97,Platinum
C103488,39,F,West Pennyside,Low,77,Green
C103489,42,M,Stephaniemouth,Mid,140,Green
C103490,52,F,West Katie,Low,55,Green
C103491,48,F,Jordanfort,Mid,51,Green
C103492,36,F,East Crystal,High,102,Gold
C103493,40,M,Port Christine,High,167,Platinum
C103494,22,M,East Dannyton,High,161,Green
C103495,56,F,Lake William,Mid,161,Green
C103496,45,F,Rileyton,High,29,Green
C103497,21,M,North Stephanie,High,69,Gold
C103498,40,M,Theresatown,Low,159,Green
C103499,41,M,Amberton,High,80,Gold
C103500,29,M,West Daniel,Mid,31,Gold
C103501,39,M,Wilsonland,High,112,Gold
C103502,28,M,East Mark,Affluent,46,Centurion
C103503,22,F,Mariachester,Low,97,Green
C103504,31,M,Lake Ronaldport,High,52,Centurion
C103505,39,F,North Mark,Mid,138,Green
C103506,48,F,Matthewchester,Affluent,74,Green
C103507,38,F,Thomasport,Mid,41,Platinum
C103508,48,F,East Michealport,High,77,Gold
C103509,45,F,New Anthony,Low,131,Platinum
C103510,26,F,Port Lawrence,Mid,114,Green
C103511,45,F,Shelbyfurt,Low,52,Platinum
C103512,45,M,Lake Jessicafurt,Affluent,162,Green
C103513,57,M,North Susanbury,High,177,Green
C103514,42,F,Ryanville,High,156,Green
C103515,24,F,New Thomashaven,Affluent,87,Platinum
C103516,31,F,Stewartborough,Low,109,Gold
C103517,21,M,Rhondamouth,Mid,141,Gold
C103518,43,M,Port Katrina,Low,69,Green
C103519,56,M,Jerrymouth,Mid,120,Green
C103520,21,M,Lake Johnchester,Mid,67,Green
C103521,56,M,Christopherside,Mid,61,Gold
C103522,43,F,West Denisebury,Mid,71,Gold
C103523,26,F,Hartmanbury,Low,152,Gold
C103524,40,M,New John,Low,151,Platinum
C103525,26,F,Craigberg,Low,30,Green
C103526,42,F,Lauramouth,Affluent,146,Green
C103527,38,F,Davidchester,High,96,Gold
C103528,41,F,Wagnerberg,Affluent,56,Gold
C103529,27,F,Chenborough,Mid,53,Gold
C103530,29,M,South Alexis,Mid,7,Platinum
C103531,43,F,South Joseside,High,97,Gold
C103532,32,F,Newtonberg,Mid,113,Green
C103533,39,M,Port Ryanburgh,Mid,125,Green
C103534,42,M,East Zacharyhaven,Mid,180,Platinum
C103535,35,M,Strongstad,Low,132,Gold
C103536,50,M,South Heidi,Mid,162,Green
C103537,35,F,Lake Kelly,Mid,161,Green
C103538,35,M,Phyllismouth,High,121,Gold
C103539,31,M,Lake Brandonstad,Low,38,Gold
C103540,49,M,Lozanomouth,Mid,122,Green
C103541,30,M,Robertsfort,High,26,Gold
C103542,51,F,Lake Isaac,Low,129,Green
C103543,39,F,East Paulashire,Mid,4,Platinum
C103544,67,M,Emilymouth,High,39,Green
C103545,30,F,Floresburgh,Low,54,Gold
C103546,52,M,Shirleyville,Low,161,Gold
C103547,43,F,West Trevor,Mid,33,Green
C103548,32,F,New Zacharyhaven,Mid,20,Gold
C103549,43,M,Mitchellfurt,Mid,16,Green
C103550,43,F,Katherineberg,High,149,Gold
C103551,34,F,Port Sierraborough,Low,173,Gold
C103552,42,F,Stoneshire,Mid,127,Green
C103553,50,M,Coryport,Mid,87,Green
C103554,43,F,North Keith,Low,82,Platinum
C103555,33,F,Gonzalesburgh,Mid,62,Green
C103556,32,F,Sheilaview,Mid,31,Gold
C103557,37,F,East Elizabethberg,Mid,42,Green
C103558,50,F,East Andreahaven,Low,12,Platinum
C103559,29,F,North Carmen,Mid,65,Gold
C103560,42,M,New Amandaborough,Mid,73,Gold
C103561,21,M,South Marissatown,High,131,Green
C103562,44,M,Jamesshire,Low,115,Green
C103563,46,M,Dennishaven,Mid,137,Green
C103564,60,M,Port Shawn,Mid,106,Green
C103565,48,M,Lake Jasmineville,High,179,Gold
C103566,33,M,Onealfort,Mid,16,Gold
C103567,21,F,Christopherberg,High,78,Green
C103568,43,M,Jessicaville,High,125,Gold
C103569,34,M,Lindabury,High,131,Green
C103570,41,F,West Ericmouth,Mid,152,Green
C103571,30,F,Shawnhaven,Mid,141,Platinum
C103572,36,M,Lake Haileyton,High,130,Gold
C103573,21,M,Garciahaven,Affluent,112,Gold
C103574,26,M,Jamesside,High,127,Green
C103575,24,M,Lake Courtneybury,Mid,21,Green
C103576,47,M,New Nicholas,Low,147,Green
C103577,28,F,Lake James,Mid,89,Platinum
C103578,53,F,Hernandezburgh,High,47,Gold
C103579,29,F,Campbellborough,Mid,150,Green
C103580,61,M,New Mercedesborough,Mid,161,Platinum
C103581,21,M,South Carlosside,High,160,Gold
C103582,42,M,Lake Gregory,Mid,85,Platinum
C103583,38,M,Wattsfurt,High,167,Green
C103584,24,F,Lake Michael,Mid,128,Green
C103585,31,F,West Mary,Mid,72,Green
C103586,35,M,Elizabethfort,Mid,42,Green
C103587,40,F,Harperside,High,9,Platinum
C103588,27,F,Phillipsbury,Low,25,Gold
C103589,42,M,Port Kathrynchester,Low,2,Gold
C103590,39,M,Nguyenchester,Affluent,19,Platinum
C103591,46,M,East Stevenmouth,Low,20,Green
C103592,28,F,West Heidiberg,Mid,70,Platinum
C103593,33,M,Larsenfort,Mid,17,Platinum
C103594,53,M,Mcdanieltown,Mid,124,Gold
C103595,28,F,Josephborough,Mid,89,Green
C103596,22,M,Brownmouth,Mid,94,Gold
C103597,31,M,Emilychester,Mid,84,Green
C103598,21,F,Lambchester,Mid,131,Platinum
C103599,56,F,Greenton,High,87,Green
C103600,34,M,Toddbury,Low,51,Gold
C103601,34,M,Daisyton,Mid,82,Gold
C103602,46,F,Sethbury,Low,154,Green
C103603,30,F,New Jamie,Mid,8,Green
C103604,35,F,New Cherylberg,Mid,165,Green
C103605,29,M,Lake Andrewfurt,Low,121,Gold
C103606,21,F,Port Janetstad,High,155,Platinum
C103607,38,M,Lake Brandonborough,Mid,173,Green
C103608,49,F,Amandaburgh,Affluent,4,Platinum
C103609,38,M,Heathbury,Affluent,86,Green
C103610,48,M,Lauriestad,Mid,128,Gold
C103611,25,M,Robertside,Low,110,Platinum
C103612,29,M,North Barry,Mid,99,Green
C103613,23,M,Port Shelbyville,High,37,Platinum
C103614,42,M,Moodyton,Mid,71,Gold
C103615,34,M,West Kevin,Low,33,Green
C103616,34,M,Lake Kelsey,Mid,31,Platinum
C103617,45,F,North Joseph,High,125,Green
C103618,32,M,Port Kristenfurt,High,12,Green
C103619,49,F,Port Joy,Low,11,Gold
C103620,40,F,Michelleland,High,88,Platinum
C103621,33,M,New Jenniferchester,Mid,72,Platinum
C103622,21,M,North Juliaside,Mid,32,Green
C103623,45,F,North Jill,High,57,Centurion
C103624,41,M,Leeport,Mid,166,Gold
C103625,41,M,Ronaldtown,Mid,86,Platinum
C103626,41,M,Joshuaborough,Low,19,Green
C103627,32,M,West Tanyashire,High,116,Gold
C103628,36,M,Bennettchester,High,14,Platinum
C103629,32,F,East Tammyside,Mid,33,Green
C103630,51,F,Timothyside,High,10,Centurion
C103631,34,F,South Andre,Low,80,Green
C103632,31,M,Lunastad,Mid,64,Green
C103633,52,F,South Jeffreytown,Mid,68,Platinum
C103634,51,F,Wisemouth,Low,92,Centurion
C103635,40,F,Thomasville,Mid,125,Green
C103636,36,M,Martinland,Affluent,171,Green
C103637,33,M,New Garyfort,Low,80,Platinum
C103638,37,F,North Donald,Mid,59,Platinum
C103639,28,M,Millsshire,Mid,180,Gold
C103640,43,F,North Katrina,Mid,97,Gold
C103641,56,M,Robertmouth,Affluent,19,Platinum
C103642,44,F,North Marc,Mid,149,Green
C103643,25,M,Savageview,Mid,22,Centurion
C103644,43,M,Port Anna,High,9,Green
C103645,40,F,Gardnermouth,Low,9,Gold
C103646,42,F,West Steven,Mid,27,Gold
C103647,28,F,Robertsonland,Mid,17,Gold
C103648,38,M,South Hollyfurt,Mid,172,Gold
C103649,47,M,Port Alexander,Affluent,45,Centurion
C103650,26,M,East Jamesville,High,8,Gold
C103651,33,M,South Tylerhaven,Mid,146,Platinum
C103652,34,F,Taylorside,High,125,Green
C103653,48,M,Rossport,Low,123,Platinum
C103654,50,M,South Wendyview,Low,33,Green
C103655,21,F,Christinastad,Mid,1,Green
C103656,48,M,East Kelly,Mid,6,Green
C103657,50,F,Port Christina,Mid,41,Gold
C103658,50,M,Aprilview,Mid,5,Centurion
C103659,32,M,Fordmouth,Affluent,80,Gold
C103660,35,F,East Alice,Mid,18,Green
C103661,21,M,Smithchester,Mid,177,Green
C103662,21,F,East Thomas,Low,82,Gold
C103663,34,F,West Jacquelineborough,Low,65,Green
C103664,38,F,New Stephenville,Mid,83,Green
C103665,39,F,New Taylorburgh,Mid,136,Gold
C103666,47,F,West Danabury,High,131,Centurion
C103667,71,M,Courtneyborough,Low,25,Gold
C103668,33,M,Justinchester,Low,69,Green
C103669,26,F,Michaelfurt,Mid,168,Platinum
C103670,44,F,Annborough,Mid,82,Gold
C103671,40,M,New Elijahborough,Low,178,Platinum
C103672,31,M,Gregoryshire,High,117,Green
C103673,48,M,East Laurashire,Low,95,Gold
C103674,29,M,Riverashire,Mid,33,Centurion
C103675,36,M,Tammyfort,Mid,111,Green
C103676,37,F,East Aaron,Low,146,Gold
C103677,27,M,East Christopher,Mid,125,Green
C103678,21,F,East Fred,High,16,Gold
C103679,40,F,West Christianton,Mid,80,Platinum
C103680,53,M,New Lindsay,High,38,Gold
C103681,48,M,Ortegamouth,Low,169,Platinum
C103682,49,M,Vincentville,High,135,Gold
C103683,29,M,New Phillip,Mid,78,Centurion
C103684,40,F,Mccarthystad,High,63,Gold
C103685,22,M,Marymouth,Mid,112,Green
C103686,39,M,New Meganburgh,Affluent,89,Gold
C103687,53,M,Jenniferchester,Mid,160,Gold
C103688,53,F,Henryview,Low,38,Platinum
C103689,60,M,New Rachelstad,Low,150,Gold
C103690,48,F,North Michelle,High,144,Gold
C103691,43,F,Townsendstad,Mid,52,Platinum
C103692,47,M,Lewisside,High,29,Platinum
C103693,45,F,South Neil,Mid,144,Gold
C103694,29,M,East Scotthaven,Mid,76,Platinum
C103695,21,M,North Brenda,Low,145,Gold
C103696,47,M,Clintonstad,Affluent,64,Green
C103697,61,M,Wesleytown,High,91,Green
C103698,48,M,Arthurview,Affluent,89,Centurion
C103699,21,F,Sandersview,Mid,13,Green
C103700,32,F,Colleenshire,Mid,72,Gold
C103701,35,F,Port Jenniferfort,High,5,Platinum
C103702,21,M,Henryfort,Mid,12,Green
C103703,22,F,North Mikeberg,High,169,Platinum
C103704,37,M,Port Melissa,Affluent,3,Platinum
C103705,40,M,South Maryville,High,33,Centurion
C103706,27,M,South Danaton,High,121,Green
C103707,22,M,Connorside,Mid,50,Green
C103708,51,M,Tonyaborough,Mid,137,Platinum
C103709,33,F,West Marymouth,Affluent,178,Green
C103710,35,M,New Jennifer,Low,29,Gold
C103711,31,M,Zacharyfurt,High,39,Gold
C103712,29,M,Monroeton,High,91,Green
C103713,52,F,East Mandyhaven,Mid,100,Platinum
C103714,28,F,Lake Joseph,Affluent,173,Gold
C103715,39,F,South Bradley,Mid,17,Green
C103716,38,M,Lake William,Mid,56,Green
C103717,21,F,Lake Julie,Low,46,Green
C103718,40,M,West Joshuastad,Mid,67,Green
C103719,21,F,West Stevenland,Mid,142,Gold
C103720,44,F,Davisland,Mid,67,Green
C103721,24,M,Lake Christopher,High,23,Green
C103722,43,F,Brittanytown,Affluent,94,Platinum
C103723,33,M,Port Alex,Low,151,Gold
C103724,30,M,Stevenbury,Mid,155,Green
C103725,40,F,Maryborough,Affluent,54,Centurion
C103726,21,M,West Brian,Low,138,Green
C103727,37,F,Gregoryberg,Low,77,Platinum
C103728,46,M,Robertborough,Low,16,Gold
C103729,49,F,Nicoleburgh,Mid,41,Gold
C103730,32,F,Jordanmouth,Low,98,Platinum
C103731,34,F,Christopherstad,Affluent,128,Gold
C103732,21,M,Michaelhaven,Mid,61,Platinum
C103733,29,M,Gallegosburgh,Mid,86,Platinum
C103734,21,F,Port Brendaberg,Mid,118,Green
C103735,42,F,Lake Ryan,Mid,100,Gold
C103736,47,M,Jaredhaven,High,49,Platinum
C103737,33,M,Christopherborough,High,180,Gold
C103738,26,F,Jefferyview,High,2,Platinum
C103739,41,F,North Zacharyburgh,Mid,120,Gold
C103740,28,F,Taylorshire,Affluent,178,Gold
C103741,45,F,Nathanfurt,High,123,Green
C103742,59,M,West Jacquelinestad,High,86,Green
C103743,28,F,East Robertmouth,Low,171,Gold
C103744,29,F,Deborahville,Low,77,Gold
C103745,21,M,West Kevin,Mid,136,Gold
C103746,39,M,Paynetown,High,59,Gold
C103747,38,M,Lambmouth,Mid,12,Gold
C103748,35,F,Simonfort,Mid,4,Platinum
C103749,38,F,West Jennifer,High,117,Green
C103750,26,F,Timothyfurt,High,95,Gold
C103751,21,F,Billybury,Affluent,125,Green
C103752,29,M,South Ronaldview,Mid,41,Gold
C103753,21,F,Watkinsburgh,High,123,Green
C103754,28,F,West Olivia,Mid,7,Green
C103755,41,M,New Karen,Low,69,Green
C103756,38,F,Lake Mason,Low,69,Green
C103757,21,M,North Kyleberg,Mid,81,Gold
C103758,49,M,Stephenburgh,Mid,30,Centurion
C103759,35,M,Smithberg,High,73,Green
C103760,23,F,East Kevin,Low,6,Gold
C103761,33,F,East Joelborough,High,89,Gold
C103762,31,F,Davisbury,Mid,147,Green
C103763,28,F,Lake Angela,Mid,66,Green
C103764,46,M,Adamburgh,Mid,10,Green
C103765,25,M,Coryside,Mid,144,Platinum
C103766,40,M,Halefort,Mid,37,Green
C103767,23,M,Guerrabury,Mid,77,Green
C103768,37,F,South Davidberg,Low,77,Green
C103769,40,F,Mejiaport,Low,32,Gold
C103770,40,M,Carlsonside,Mid,47,Gold
C103771,38,M,West Tracyshire,Affluent,110,Green
C103772,35,F,East Nicoleburgh,Mid,171,Gold
C103773,26,F,West Michael,High,120,Gold
C103774,26,F,New Carolfurt,High,164,Green
C103775,41,M,Lake Jerryfort,Affluent,154,Green
C103776,24,M,North Jason,High,10,Gold
C103777,21,M,Davisfurt,Mid,159,Gold
C103778,53,F,South Edward,High,97,Gold
C103779,35,M,Paulfort,High,157,Gold
C103780,44,M,West Susanchester,Mid,5,Green
C103781,47,F,East Raymond,Mid,77,Green
C103782,38,M,South Lindastad,Low,1,Gold
C103783,33,F,Lake Michelletown,High,131,Gold
C103784,34,M,West David,High,67,Green
C103785,55,M,Parkstown,Low,163,Platinum
C103786,31,F,Valdezfurt,Mid,15,Gold
C103787,39,M,Wiseport,Mid,93,Green
C103788,45,M,Greenville,Low,30,Gold
C103789,40,M,Shawfort,Affluent,103,Green
C103790,49,F,Meganstad,Mid,82,Gold
C103791,33,F,Port Haroldchester,Low,75,Gold
C103792,45,F,Bergland,Mid,171,Green
C103793,21,F,North Matthew,High,60,Platinum
C103794,52,F,Jamesmouth,Low,40,Platinum
C103795,50,M,Williamsport,High,157,Green
C103796,34,F,North Mirandamouth,Mid,74,Green
C103797,42,M,Brendanstad,Low,121,Green
C103798,47,F,Ronaldport,Low,147,Platinum
C103799,26,F,New Josephport,Mid,3,Green
C103800,36,F,Robertmouth,Mid,36,Gold
C103801,23,M,Kennethton,Affluent,43,Green
C103802,50,F,West Jessicaside,High,143,Green
C103803,47,M,Wrightland,Affluent,169,Gold
C103804,34,M,East Jessicafort,Mid,115,Gold
C103805,33,F,Orozcostad,Affluent,109,Gold
C103806,36,M,Barkerbury,Mid,90,Gold
C103807,28,M,Williamsmouth,Mid,164,Gold
C103808,36,F,Benjaminville,Low,84,Green
C103809,26,F,Huntland,Low,77,Green
C103810,47,F,Saraport,High,161,Green
C103811,50,F,Moralesburgh,Mid,5,Gold
C103812,48,M,Jenniferland,Mid,78,Platinum
C103813,24,M,Sanfordborough,Mid,91,Green
C103814,35,M,Wandahaven,Mid,87,Green
C103815,44,M,Lake Lauren,Mid,14,Green
C103816,46,F,Ashleyborough,Mid,104,Platinum
C103817,21,M,Hillburgh,High,83,Platinum
C103818,46,M,Walterton,High,175,Green
C103819,24,F,Browningport,Mid,54,Gold
C103820,36,M,Adamborough,Mid,132,Gold
C103821,51,M,Port Robertberg,Mid,95,Green
C103822,50,F,Josephmouth,High,9,Gold
C103823,52,M,East Jeffreymouth,Mid,53,Gold
C103824,26,F,North Cheryl,Mid,77,Green
C103825,28,F,Matthewsmouth,Low,60,Gold
C103826,31,F,Alvarezside,Mid,46,Green
C103827,36,M,West Matthewstad,Mid,54,Gold
C103828,40,M,Hernandezfort,High,74,Platinum
C103829,52,F,New Heidi,Mid,112,Gold
C103830,27,M,Scottton,Mid,95,Green
C103831,31,M,Lake Tommystad,High,165,Green
C103832,53,M,East Juliehaven,High,23,Gold
C103833,25,F,Kevinmouth,Mid,27,Green
C103834,45,F,Craigtown,Mid,70,Gold
C103835,37,F,New Brenda,Mid,109,Green
C103836,42,F,Annettechester,Affluent,77,Platinum
C103837,29,M,Port Teresaside,Low,179,Platinum
C103838,45,F,Fritzfurt,Affluent,50,Platinum
C103839,30,M,South Catherine,High,124,Green
C103840,22,F,North Randyborough,Mid,19,Gold
C103841,43,F,New Keithburgh,Low,1,Green
C103842,21,F,Piercestad,Mid,40,Platinum
C103843,31,F,South Rachel,Mid,160,Green
C103844,41,F,Luisstad,Low,22,Platinum
C103845,46,F,Lake Nicolemouth,High,112,Gold
C103846,51,F,Perezfurt,Affluent,40,Platinum
C103847,57,F,Shermanport,Mid,38,Gold
C103848,54,F,Mooreburgh,High,48,Green
C103849,40,F,Robertsside,Low,75,Platinum
C103850,50,F,Kathrynburgh,Mid,179,Green
C103851,39,M,South Bettychester,Low,107,Centurion
C103852,45,M,Jenkinstown,Mid,8,Platinum
C103853,31,M,East Chelsea,Affluent,86,Centurion
C103854,43,M,New Ashleychester,High,68,Green
C103855,32,M,West Chelseaburgh,Low,75,Green
C103856,36,F,Cohenstad,Mid,137,Gold
C103857,43,M,Lake Carolynfurt,Mid,90,Platinum
C103858,61,F,Port Robin,Mid,130,Green
C103859,42,M,Woodbury,High,80,Green
C103860,37,F,South Sharon,High,95,Green
C103861,28,M,West David,Mid,70,Platinum
C103862,47,F,North Jamiemouth,Mid,90,Platinum
C103863,34,F,Sanchezmouth,Mid,59,Green
C103864,42,F,Port Gregory,Low,147,Green
C103865,45,M,Porterville,Mid,28,Gold
C103866,51,M,Monicaburgh,Mid,72,Green
C103867,47,M,South Jennifer,High,14,Gold
C103868,24,M,North Kaitlynchester,High,24,Gold
C103869,21,M,Atkinsland,Low,112,Gold
C103870,45,F,Rosarioside,Mid,44,Platinum
C103871,38,F,Lake Kimberlyside,Low,56,Gold
C103872,42,F,South Timothyton,Low,120,Green
C103873,56,F,Lisaton,High,179,Platinum
C103874,31,M,Reginaldhaven,Low,32,Green
C103875,52,M,Pattersonville,Mid,178,Platinum
C103876,31,F,East Melanieshire,Low,169,Green
C103877,55,M,Lake Garychester,High,25,Platinum
C103878,46,F,Donaldbury,Mid,116,Green
C103879,21,F,Clarkville,Mid,66,Green
C103880,33,F,Dawnland,Mid,42,Green
C103881,59,F,Nolanfort,High,164,Centurion
C103882,57,F,Port Jordan,Affluent,76,Centurion
C103883,44,F,Hannahmouth,Mid,137,Green
C103884,41,F,Lyonsshire,High,164,Green
C103885,40,F,Brookeberg,Affluent,38,Green
C103886,42,M,New Keith,Affluent,161,Green
C103887,36,F,West Anna,Mid,170,Platinum
C103888,51,M,Kristopherburgh,Mid,61,Gold
C103889,44,F,Thomasmouth,Mid,174,Platinum
C103890,27,M,Ericberg,High,89,Gold
C103891,45,M,New Kelly,Mid,18,Gold
C103892,39,M,Scottbury,High,70,Platinum
C103893,34,M,Port Jasonport,Mid,82,Green
C103894,58,M,New Alexander,High,116,Green
C103895,39,M,Jenniferhaven,High,80,Platinum
C103896,21,F,Woodsburgh,Low,15,Green
C103897,35,F,Dawnshire,High,176,Green
C103898,48,F,Alexandrafurt,Mid,13,Platinum
C103899,27,F,Wonghaven,High,119,Gold
C103900,48,F,Thompsonfurt,Mid,43,Gold
C103901,27,F,Lake Staceymouth,Mid,57,Gold
C103902,52,F,West Jamie,Affluent,17,Green
C103903,31,F,West Charlotte,Mid,178,Centurion
C103904,34,F,Lake Jamesfort,High,32,Green
C103905,33,M,Hudsontown,Mid,150,Gold
C103906,44,M,Lake James,Mid,55,Platinum
C103907,58,F,South Conniemouth,Mid,13,Gold
C103908,38,M,West Angelaside,Mid,47,Platinum
C103909,37,M,Port Brianshire,Mid,87,Platinum
C103910,31,M,East Jonathan,Low,62,Gold
C103911,21,F,Lake Sharon,Mid,29,Green
C103912,32,F,East Hannah,Low,22,Gold
C103913,24,M,Thompsonview,Affluent,65,Platinum
C103914,21,M,Christopherborough,Affluent,29,Gold
C103915,37,M,East Alexandraton,Mid,48,Gold
C103916,32,F,East John,High,5,Gold
C103917,53,M,Marshallside,Mid,163,Green
C103918,28,M,West Kristyland,High,101,Green
C103919,45,M,South Darren,High,71,Centurion
C103920,45,M,South Jamesside,Affluent,174,Gold
C103921,52,M,New Tony,Mid,163,Green
C103922,35,F,New Russellville,High,173,Platinum
C103923,52,M,Watersborough,Mid,141,Gold
C103924,44,F,Gayview,Affluent,138,Platinum
C103925,50,M,Guzmanfort,Low,66,Green
C103926,64,M,West William,Mid,72,Platinum
C103927,36,M,Stephanieport,High,25,Gold
C103928,39,F,Michellebury,High,172,Gold
C103929,34,F,Joshuaside,Low,60,Green
C103930,54,F,Connieville,Affluent,175,Green
C103931,66,M,South Adam,Low,40,Green
C103932,46,M,Simpsonburgh,Mid,7,Platinum
C103933,21,M,Port Ryanport,Mid,174,Green
C103934,28,M,Port Scottside,Mid,151,Gold
C103935,50,M,East Kimberly,Mid,46,Green
C103936,25,M,East Kyle,Mid,86,Green
C103937,31,M,Lukehaven,Low,141,Green
C103938,31,F,Garciaport,Low,21,Platinum
C103939,37,F,New Emily,Mid,1,Platinum
C103940,40,M,Ericfurt,High,123,Centurion
C103941,21,M,Port Eric,High,147,Platinum
C103942,21,F,West Sue,Low,125,Green
C103943,21,M,Valdezchester,Mid,33,Platinum
C103944,22,F,Jeremyview,Low,4,Gold
C103945,38,F,Michaelport,Low,3,Platinum
C103946,40,F,Dustinmouth,High,91,Green
C103947,49,M,Mariamouth,Mid,52,Platinum
C103948,44,F,Parkershire,Low,28,Green
C103949,31,F,Farmertown,Mid,70,Green
C103950,40,M,Brownchester,Low,57,Green
C103951,49,F,Debbieberg,High,108,Green
C103952,35,M,Wangtown,Affluent,144,Gold
C103953,34,F,East Ebony,Low,24,Platinum
C103954,27,M,Kennethstad,Mid,169,Platinum
C103955,29,M,West Ronaldfurt,High,77,Green
C103956,45,F,Angelaborough,Affluent,175,Green
C103957,37,M,New Wesley,Mid,76,Green
C103958,59,M,Danielbury,Low,69,Platinum
C103959,30,M,West Jennifer,Low,101,Green
C103960,46,M,Craneton,Mid,159,Gold
C103961,42,F,Wattsfort,Mid,92,Green
C103962,37,M,West Valerie,Low,92,Gold
C103963,33,M,Brownton,Mid,30,Green
C103964,44,M,Joshuastad,Low,18,Green
C103965,43,M,Mcleanville,High,44,Green
C103966,40,F,Taylorland,Mid,155,Green
C103967,42,M,Tiffanychester,Low,99,Green
C103968,38,F,Port Edward,Mid,154,Gold
C103969,21,M,Audreyside,Mid,121,Green
C103970,38,M,South Johnshire,Affluent,115,Green
C103971,35,F,Angelaport,Mid,60,Green
C103972,59,M,East Kelseyland,Mid,146,Platinum
C103973,44,M,Susanstad,High,56,Gold
C103974,40,M,Burgessborough,Mid,31,Gold
C103975,43,M,West Taylor,Affluent,101,Green
C103976,26,F,Coxborough,Mid,59,Green
C103977,31,F,Jonathantown,Mid,124,Green
C103978,34,M,North Dawn,Low,130,Gold
C103979,42,F,Fosterfort,Mid,97,Gold
C103980,33,F,Port Allisonhaven,High,167,Platinum
C103981,32,F,Allenchester,High,107,Platinum
C103982,26,M,New Morganmouth,Mid,18,Gold
C103983,38,M,Campbellmouth,Mid,145,Gold
C103984,39,M,Lake Charlesland,High,167,Green
C103985,42,M,New Erichaven,Affluent,71,Green
C103986,30,M,New Sandraborough,Low,106,Platinum
C103987,42,M,Port Gabriellaview,Mid,54,Green
C103988,26,M,Hayesberg,Mid,94,Centurion
C103989,35,F,Charlesshire,High,76,Gold
C103990,41,M,Shawnchester,Low,35,Gold
C103991,35,M,South Autumntown,Mid,11,Green
C103992,21,M,Smithbury,High,61,Gold
C103993,22,M,Ronaldview,Low,44,Gold
C103994,40,F,New Emily,Mid,121,Green
C103995,44,F,Amandaborough,Mid,68,Green
C103996,41,F,Patriciashire,Mid,25,Green
C103997,44,F,East Kendra,Mid,176,Gold
C103998,34,F,West Hunter,Mid,160,Green
C103999,46,M,New Carolynton,Low,84,Gold
C104000,41,F,New Michael,Mid,114,Gold
C104001,30,F,West Monicabury,High,132,Green
C104002,43,F,East Kevin,High,166,Gold
C104003,41,M,Ritterbury,Low,175,Green
C104004,56,M,Port Michael,Low,1,Gold
C104005,53,M,South David,Mid,131,Green
C104006,36,F,Johnsonborough,Mid,86,Green
C104007,33,F,Williamsmouth,Mid,62,Green
C104008,55,M,Gonzalezfurt,High,64,Platinum
C104009,44,F,North Tanyahaven,Low,145,Green
C104010,36,M,East Katherineville,Low,126,Green
C104011,21,F,Yangstad,Mid,105,Green
C104012,29,F,Robertborough,High,62,Green
C104013,28,M,Port Williamfort,Low,35,Platinum
C104014,36,M,Williammouth,Mid,13,Gold
C104015,44,M,North Normanchester,Mid,163,Platinum
C104016,46,F,Nixonville,High,43,Green
C104017,54,M,Michaelport,High,130,Green
C104018,48,F,South Sonyaport,Mid,111,Gold
C104019,23,M,Lake Christopher,Mid,128,Gold
C104020,49,F,Liutown,Mid,51,Green
C104021,57,M,Jessicamouth,Mid,144,Gold
C104022,56,M,East Melanieburgh,High,146,Platinum
C104023,24,M,East Aprilberg,High,135,Green
C104024,35,M,Farmerton,High,45,Gold
C104025,48,M,Port Jodi,High,164,Green
C104026,25,F,Nathanchester,Mid,169,Platinum
C104027,21,M,South Gerald,Low,42,Gold
C104028,41,F,Lake Lisa,High,135,Green
C104029,30,M,West Natasha,Mid,15,Gold
C104030,21,M,Port Franciscofort,High,60,Centurion
C104031,51,M,West Richard,Mid,40,Gold
C104032,39,F,Reginaview,Low,165,Green
C104033,32,M,Anthonytown,Affluent,112,Gold
C104034,27,M,Anthonyfort,Low,77,Gold
C104035,39,F,Lake Monicachester,Affluent,105,Green
C104036,43,M,New Nicholashaven,Affluent,107,Green
C104037,41,F,East Craig,High,122,Gold
C104038,21,M,Phyllisland,High,80,Gold
C104039,43,M,Mcneilville,Mid,125,Green
C104040,45,F,Marshallchester,High,172,Platinum
C104041,34,M,Taylortown,Mid,134,Gold
C104042,49,M,Thomasview,Mid,32,Green
C104043,28,F,West Diana,Mid,108,Green
C104044,52,M,Summerville,Mid,114,Gold
C104045,39,F,Vasquezshire,Mid,146,Gold
C104046,32,F,East Jeffrey,Mid,68,Gold
C104047,34,F,Port Sheri,Mid,127,Green
C104048,48,M,Lake Christopher,High,135,Gold
C104049,40,F,Lake Richardville,Mid,114,Platinum
C104050,45,M,East John,Affluent,8,Green
C104051,49,M,Markmouth,High,64,Green
C104052,32,F,Kathleenberg,High,135,Platinum
C104053,39,M,Robertberg,Mid,41,Green
C104054,35,M,Lake Rebeccafurt,High,40,Green
C104055,49,M,Port Jamesburgh,Low,3,Green
C104056,33,F,East Cynthiabury,High,145,Green
C104057,38,M,South Marcus,Low,110,Gold
C104058,63,M,Webbstad,High,114,Green
C104059,52,F,Lake Molly,Affluent,112,Platinum
C104060,26,M,Hayesborough,Mid,180,Gold
C104061,47,M,Howellside,Mid,150,Gold
C104062,45,F,Wilsonview,High,4,Green
C104063,25,M,Matthewburgh,Mid,134,Gold
C104064,36,M,Matthewfort,High,166,Gold
C104065,27,M,Alvaradomouth,Low,26,Platinum
C104066,21,F,Bryanstad,Low,139,Platinum
C104067,36,M,Mayside,Affluent,17,Gold
C104068,32,F,North Jeremy,High,92,Gold
C104069,25,F,Greerville,High,31,Platinum
C104070,37,M,Davidstad,Mid,163,Gold
C104071,21,F,Shaunside,High,144,Green
C104072,38,M,Port Teresaburgh,Mid,107,Green
C104073,38,M,Wilkinshaven,Mid,146,Platinum
C104074,45,F,East Mary,High,111,Green
C104075,21,F,Port Alvin,Mid,101,Platinum
C104076,61,F,Aliciaberg,Mid,112,Green
C104077,57,M,Port Amandaside,Mid,62,Gold
C104078,29,F,Lake Stacey,High,112,Gold
C104079,54,F,West Erik,Mid,155,Green
C104080,47,M,Lake Cynthia,High,163,Gold
C104081,33,F,Port Sarah,Mid,116,Gold
C104082,31,F,New Sheri,Mid,173,Gold
C104083,32,M,Garrisonview,High,35,Gold
C104084,69,F,South Kennethhaven,Mid,28,Green
C104085,52,F,Englishmouth,Low,103,Gold
C104086,35,F,Derekport,Low,125,Green
C104087,36,M,North Johnside,Mid,102,Green
C104088,47,F,Jasonland,High,137,Platinum
C104089,46,F,Port Robertberg,Low,143,Gold
C104090,27,M,Carsonbury,High,21,Gold
C104091,41,F,Hartmanchester,Mid,52,Gold
C104092,31,F,Vargasbury,Mid,163,Green
C104093,39,M,Chadview,Affluent,97,Gold
C104094,37,M,South David,Mid,51,Platinum
C104095,49,F,East Scott,Mid,83,Green
C104096,35,M,Kathleentown,Low,55,Platinum
C104097,39,M,New Larryville,Low,77,Gold
C104098,21,M,Hallmouth,Mid,127,Green
C104099,41,M,Lynnside,Low,172,Gold
C104100,29,M,Hernandezmouth,Mid,93,Green
C104101,21,F,Stefanieton,Mid,88,Green
C104102,50,F,Masseyview,Mid,80,Platinum
C104103,37,M,Lake Stevenshire,Low,153,Platinum
C104104,21,F,Lake Heather,Mid,92,Platinum
C104105,29,F,Blakebury,High,47,Platinum
C104106,38,M,North Whitneystad,Affluent,38,Platinum
C104107,38,F,Port Melissa,Low,139,Platinum
C104108,32,M,Copelandchester,High,15,Green
C104109,21,M,Brownville,Mid,1,Gold
C104110,31,M,Meganview,Mid,135,Green
C104111,49,M,Daniellemouth,Mid,1,Gold
C104112,53,M,Estradaview,Low,49,Platinum
C104113,31,M,Christopherville,Low,96,Green
C104114,58,M,Sanchezfort,Mid,157,Gold
C104115,21,F,New Ryan,Mid,26,Gold
C104116,29,M,Daltonfort,Affluent,87,Green
C104117,47,F,Obrienfurt,Mid,173,Green
C104118,46,F,New Danielville,Low,93,Gold
C104119,37,F,North Tammybury,High,102,Green
C104120,25,F,Bettychester,Mid,71,Gold
C104121,25,F,Higginston,Mid,140,Gold
C104122,30,F,Deborahmouth,High,95,Gold
C104123,26,F,Berryhaven,Affluent,160,Green
C104124,39,M,South Lisachester,High,118,Gold
C104125,36,M,East Ashleytown,High,148,Green
C104126,25,F,Coreychester,High,119,Platinum
C104127,34,F,Lake Stephenview,Affluent,51,Green
C104128,21,M,Lorettastad,Mid,81,Platinum
C104129,41,M,Teresabury,Low,36,Gold
C104130,45,M,Seanton,Mid,67,Platinum
C104131,27,M,Stephenview,Mid,129,Green
C104132,29,F,East Angela,High,114,Green
C104133,40,M,Joystad,Mid,155,Gold
C104134,39,M,Port Vincent,Mid,111,Green
C104135,46,M,West Michaelside,Low,168,Platinum
C104136,29,M,West Maria,High,142,Green
C104137,30,M,Lake Christopherfurt,Mid,100,Centurion
C104138,35,F,Christyburgh,High,109,Platinum
C104139,26,F,Harrisfort,Mid,120,Green
C104140,35,F,Matthewmouth,Mid,79,Gold
C104141,26,F,Kariburgh,Low,134,Green
C104142,42,F,Allenborough,Low,161,Green
C104143,27,F,Reginaside,High,19,Green
C104144,40,F,Katherineside,Affluent,127,Platinum
C104145,54,F,South Christine,Mid,29,Gold
C104146,42,F,East Clarencefurt,Low,24,Gold
C104147,39,F,Dustinmouth,Mid,151,Green
C104148,22,M,Randyfurt,High,10,Gold
C104149,53,M,Port Stephanieport,High,105,Green
C104150,50,F,West Yvonnemouth,Low,169,Green
C104151,36,F,East Amyview,Low,177,Green
C104152,33,F,South Jeffreybury,High,145,Gold
C104153,29,F,East Scott,Mid,173,Gold
C104154,57,F,East Alexander,Mid,158,Green
C104155,46,M,North Meredith,Low,172,Centurion
C104156,29,M,Masseychester,Mid,55,Green
C104157,50,M,South Jacob,High,147,Gold
C104158,52,M,Burtonfurt,Affluent,157,Green
C104159,37,F,Jasminestad,Mid,2,Green
C104160,34,M,Ryanstad,Mid,164,Platinum
C104161,27,M,West Amber,Low,147,Platinum
C104162,45,M,Lake Dennisbury,Mid,135,Gold
C104163,33,F,North Tina,Mid,154,Platinum
C104164,32,M,Nicholsville,Mid,111,Platinum
C104165,37,F,Lake Michael,Mid,38,Gold
C104166,29,M,South Joseph,Mid,131,Platinum
C104167,54,M,South Christinefort,Low,102,Green
C104168,48,F,Brownburgh,Mid,95,Gold
C104169,38,F,New Shaneton,Low,92,Platinum
C104170,28,F,Thomasberg,Low,71,Green
C104171,29,F,Lake Michaelview,Affluent,171,Platinum
C104172,28,F,Staceytown,Mid,24,Green
C104173,24,F,Jordanberg,Mid,167,Platinum
C104174,41,M,Lewismouth,High,68,Green
C104175,30,F,Amandaport,Affluent,128,Green
C104176,30,F,Jessehaven,Mid,93,Green
C104177,29,F,Thomasside,High,44,Platinum
C104178,49,F,Michelleton,Mid,133,Green
C104179,29,M,Brianaland,Mid,55,Gold
C104180,51,M,New Robertburgh,Mid,158,Gold
C104181,34,F,East Tina,High,29,Green
C104182,24,M,Port Howard,High,154,Centurion
C104183,43,F,Chandlermouth,Mid,154,Green
C104184,47,F,North Sophiashire,Low,37,Gold
C104185,28,F,Ballardfurt,Mid,115,Gold
C104186,38,F,Taylormouth,Low,158,Green
C104187,41,M,North Larry,Mid,3,Green
C104188,39,F,Lake Russell,High,122,Gold
C104189,32,M,Victorburgh,High,43,Platinum
C104190,47,M,Richardbury,High,7,Green
C104191,35,F,Valerieland,High,125,Green
C104192,31,M,Shannonville,Mid,49,Centurion
C104193,21,F,Andrewton,High,121,Green
C104194,21,M,Lake Nathanielburgh,Mid,73,Gold
C104195,40,F,New Alexandermouth,Low,41,Gold
C104196,37,M,Torresshire,Low,106,Green
C104197,47,F,Micheleburgh,Mid,77,Gold
C104198,50,F,Lake Christine,Mid,127,Platinum
C104199,35,F,New Jeffery,Mid,91,Gold
C104200,48,M,Collinberg,High,155,Gold
C104201,31,F,Audreymouth,Low,8,Gold
C104202,36,M,New Eduardo,Low,32,Gold
C104203,36,F,Johnsonton,Affluent,64,Green
C104204,55,F,Port Sarahport,Low,138,Gold
C104205,23,M,West Feliciashire,Mid,13,Green
C104206,38,M,North Tyler,Mid,93,Green
C104207,30,M,New Samantha,Mid,163,Platinum
C104208,34,F,Mcfarlandside,Low,61,Platinum
C104209,34,F,Bowersville,Low,8,Centurion
C104210,38,F,West Johnberg,Low,29,Green
C104211,52,F,Port Travis,Mid,95,Platinum
C104212,58,F,Williamston,Mid,41,Gold
C104213,45,M,Cochranshire,Mid,158,Centurion
C104214,27,M,Port Aprilmouth,Mid,149,Platinum
C104215,36,F,Shermanborough,High,11,Centurion
C104216,40,F,Lukemouth,Low,2,Centurion
C104217,33,F,West Sheryl,Mid,178,Green
C104218,34,M,Powellfurt,High,169,Gold
C104219,37,M,South Andrewville,Mid,131,Green
C104220,46,M,Annafurt,Mid,80,Gold
C104221,43,F,Tylerport,Mid,179,Centurion
C104222,31,F,New Marieborough,High,87,Green
C104223,44,M,West Patriciashire,High,153,Gold
C104224,56,F,Lake Lee,Mid,158,Gold
C104225,21,M,New Anthonyport,High,106,Green
C104226,33,F,Lopezside,Mid,139,Green
C104227,32,F,Port Marciachester,Mid,17,Green
C104228,38,M,New Nathan,Mid,154,Green
C104229,21,M,East Coreyburgh,Low,23,Gold
C104230,52,M,Lake Luke,High,180,Gold
C104231,38,F,South Jamie,Mid,48,Green
C104232,41,F,North Sandraborough,Mid,20,Centurion
C104233,40,M,West Adambury,Affluent,2,Gold
C104234,32,M,Traceyfurt,Low,88,Gold
C104235,45,F,West Samantha,Mid,31,Green
C104236,38,F,Williamsberg,Low,155,Gold
C104237,21,M,New Elizabeth,High,130,Green
C104238,36,M,Beckerport,High,78,Gold
C104239,34,F,Lake Jill,Mid,4,Gold
C104240,45,M,Roberttown,High,141,Green
C104241,67,M,Colonfurt,Mid,163,Platinum
C104242,42,F,Meganborough,High,128,Gold
C104243,61,F,Kingtown,Mid,134,Green
C104244,30,F,Williamsmouth,Mid,31,Centurion
C104245,31,M,Lake Hannah,Affluent,138,Gold
C104246,35,M,Lake Dannyburgh,Mid,21,Gold
C104247,42,M,Jonesside,Low,23,Gold
C104248,30,F,Garyview,Mid,131,Green
C104249,21,F,Mitchellport,Affluent,160,Centurion
C104250,38,F,Melissaview,Mid,148,Gold
C104251,25,F,Port Davidborough,Low,29,Green
C104252,50,F,New Meghanborough,Mid,105,Platinum
C104253,45,M,New Wendy,Mid,52,Gold
C104254,29,M,Mendozaville,Low,115,Gold
C104255,43,M,North Marissa,High,174,Platinum
C104256,31,M,North Kathryn,Affluent,162,Green
C104257,37,M,East Ryanstad,Mid,101,Green
C104258,37,F,Rodgersmouth,Mid,84,Green
C104259,34,M,Lake Sarahborough,Mid,61,Platinum
C104260,47,F,Lake Louis,Low,125,Green
C104261,25,F,East Matthewview,High,71,Green
C104262,43,M,West Steven,Mid,70,Green
C104263,41,M,South Normanport,Mid,139,Green
C104264,22,M,East Jackborough,High,108,Gold
C104265,29,M,Dianemouth,Mid,21,Centurion
C104266,25,F,Port Scottbury,Mid,131,Green
C104267,33,F,Angelaberg,Low,82,Gold
C104268,38,F,Brianland,High,88,Platinum
C104269,27,M,Holmestown,Affluent,111,Gold
C104270,48,M,Lake Sarah,Mid,10,Platinum
C104271,49,F,Benjaminville,Affluent,155,Gold
C104272,51,M,North Patrick,Low,12,Green
C104273,21,M,Port Paulshire,Mid,7,Centurion
C104274,59,F,Port Jeffreyton,Mid,145,Gold
C104275,39,M,North Deborahfort,Mid,114,Green
C104276,38,F,Campbellfurt,Mid,26,Green
C104277,36,M,Kentbury,Mid,15,Centurion
C104278,23,M,Salazarstad,Low,33,Platinum
C104279,41,M,Mendozaberg,Mid,62,Gold
C104280,55,F,Herrerastad,Low,47,Platinum
C104281,39,F,East Justin,High,95,Gold
C104282,25,M,South Yvette,Mid,35,Green
C104283,21,F,West Jody,Low,76,Gold
C104284,34,M,Trujilloberg,Mid,123,Gold
C104285,29,M,South Robertside,Mid,83,Gold
C104286,45,M,South David,High,25,Green
C104287,53,M,Jaredfurt,Mid,57,Green
C104288,43,F,Stephensonmouth,Mid,32,Platinum
C104289,37,M,Wallacefurt,High,63,Platinum
C104290,36,F,Coxmouth,Mid,12,Gold
C104291,38,F,Andersonhaven,Low,63,Platinum
C104292,25,F,East Jay,Mid,77,Gold
C104293,44,F,New James,Affluent,92,Platinum
C104294,26,F,Rachelside,Mid,1,Green
C104295,50,M,Brooksport,Mid,179,Green
C104296,34,F,South Donald,Low,70,Gold
C104297,47,F,New Deniseport,Low,136,Green
C104298,21,F,Williamsborough,Mid,133,Gold
C104299,47,M,Andreaburgh,Mid,86,Platinum
C104300,52,M,Gileschester,Low,39,Gold
C104301,23,F,South Andrew,Affluent,23,Platinum
C104302,36,M,South Ashley,High,68,Gold
C104303,41,F,West Tonya,Mid,180,Gold
C104304,42,M,Lake Richard,High,4,Gold
C104305,34,M,East Robert,Low,126,Green
C104306,32,F,Sanchezberg,Mid,175,Green
C104307,40,M,Stewarthaven,Mid,21,Gold
C104308,41,M,Lake Coltonland,High,105,Platinum
C104309,31,M,North Alanton,High,66,Gold
C104310,28,F,Melissamouth,Mid,7,Green
C104311,51,M,Jamesberg,Affluent,49,Green
C104312,39,M,West Mary,Low,16,Centurion
C104313,21,F,Cindymouth,High,145,Gold
C104314,51,M,Alvarezburgh,Affluent,84,Platinum
C104315,31,M,Kevinside,Low,87,Gold
C104316,38,F,East Frank,High,98,Gold
C104317,42,M,New Reneechester,Low,75,Gold
C104318,21,M,New Andrea,Mid,34,Green
C104319,34,F,Gravesview,Mid,161,Gold
C104320,52,F,North Elizabeth,Mid,26,Gold
C104321,49,M,South Colton,Affluent,66,Gold
C104322,34,F,East Nicolefort,High,125,Platinum
C104323,45,M,Woodstown,Mid,63,Green
C104324,47,M,Sarahshire,High,87,Gold
C104325,46,F,South Patricia,Affluent,41,Green
C104326,25,M,Pottsshire,Low,98,Green
C104327,56,F,Nicoleland,Affluent,124,Gold
C104328,32,M,Caseyberg,Low,79,Green
C104329,39,M,Ericaberg,High,10,Gold
C104330,34,M,Port Susanborough,Mid,15,Green
C104331,40,M,Kellyland,Low,42,Green
C104332,28,F,Carriefort,Mid,93,Green
C104333,35,F,New Patriciachester,Mid,17,Green
C104334,40,F,West Melissa,Mid,9,Platinum
C104335,51,F,New Juan,Low,114,Gold
C104336,50,F,South Lucasburgh,Mid,36,Platinum
C104337,50,F,Lake Johnport,Affluent,36,Green
C104338,47,M,Shanechester,Mid,48,Platinum
C104339,58,F,Billymouth,Mid,51,Gold
C104340,34,M,West Andreaberg,Mid,97,Green
C104341,36,F,Lake Ashleyport,Low,119,Gold
C104342,35,F,Gonzalezfort,High,95,Gold
C104343,37,M,Priceview,High,70,Gold
C104344,22,F,Rogershaven,Mid,74,Gold
C104345,40,F,Russellmouth,Mid,80,Gold
C104346,43,M,West Jennifer,High,68,Green
C104347,35,F,South Juan,Mid,150,Gold
C104348,21,M,South Samanthaland,High,77,Platinum
C104349,38,F,Michelleville,Mid,116,Green
C104350,23,F,Port Davidville,High,6,Gold
C104351,42,M,North Gregory,Mid,154,Gold
C104352,39,M,East Ashleybury,Mid,75,Platinum
C104353,40,M,Port Charlestown,Affluent,88,Gold
C104354,26,M,Mollyland,Mid,3,Green
C104355,51,M,New Connie,Mid,52,Gold
C104356,39,F,Welchmouth,Mid,74,Gold
C104357,27,F,New Davidberg,Mid,125,Gold
C104358,44,F,Lake Sara,Mid,65,Gold
C104359,39,F,North Jennifer,Low,52,Gold
C104360,58,F,North Ryanbury,Low,76,Platinum
C104361,31,F,North Jennifer,Mid,142,Gold
C104362,24,F,Floreshaven,High,89,Gold
C104363,41,M,South Lisa,Mid,72,Green
C104364,49,M,Jacobsburgh,Mid,68,Green
C104365,63,M,Robertsshire,High,156,Centurion
C104366,75,F,South Jacksontown,Low,138,Gold
C104367,21,M,East Terriview,Mid,115,Gold
C104368,36,M,New Barbara,Low,57,Platinum
C104369,24,M,Lake David,Low,66,Green
C104370,35,F,East Jacobmouth,Mid,90,Platinum
C104371,65,F,East Ralph,Mid,50,Platinum
C104372,28,M,Carolynhaven,Low,14,Platinum
C104373,37,F,Jefferyview,Mid,16,Green
C104374,31,F,Jillhaven,Mid,171,Gold
C104375,26,F,Lake Pamelaview,Mid,42,Green
C104376,57,M,Karenland,Mid,110,Gold
C104377,21,F,North Troyton,High,22,Gold
C104378,37,M,Millermouth,Low,68,Green
C104379,38,F,Lake Emilymouth,Mid,19,Gold
C104380,37,F,Helenland,Low,66,Gold
C104381,34,F,Jessicamouth,Low,167,Platinum
C104382,55,F,Howardfort,Mid,73,Gold
C104383,21,F,Victorfort,Mid,147,Green
C104384,42,M,Amyborough,High,144,Green
C104385,43,M,New George,Mid,54,Platinum
C104386,41,M,Robertmouth,Affluent,153,Gold
C104387,28,F,Sandrafurt,Low,112,Gold
C104388,51,F,Meltonmouth,Low,18,Green
C104389,50,F,Hernandezfurt,Low,151,Green
C104390,28,F,Herringberg,Low,117,Platinum
C104391,24,M,Patrickberg,Mid,85,Platinum
C104392,22,M,Diazchester,Mid,139,Green
C104393,40,M,East Brittany,Low,39,Gold
C104394,38,F,East Cody,Affluent,105,Green
C104395,34,F,Kennedyview,High,68,Centurion
C104396,60,F,Jamesfort,Mid,25,Gold
C104397,32,M,Mooreside,Low,158,Platinum
C104398,40,M,Jeremyfort,Low,173,Gold
C104399,35,F,Reynoldsburgh,Low,123,Platinum
C104400,59,M,Costaton,Low,121,Platinum
C104401,21,M,Suzanneland,Mid,61,Green
C104402,34,M,Janiceport,Mid,100,Centurion
C104403,44,F,East April,Mid,51,Platinum
C104404,35,M,Larachester,Affluent,98,Green
C104405,23,M,Smithport,High,137,Platinum
C104406,39,F,West Crystal,Affluent,2,Gold
C104407,21,M,Carrberg,Low,5,Platinum
C104408,45,M,Matthewstad,Mid,180,Green
C104409,33,F,West Annette,Mid,86,Gold
C104410,31,F,Brownmouth,Low,133,Green
C104411,49,M,Robertborough,Low,68,Platinum
C104412,26,M,Haleymouth,High,9,Centurion
C104413,21,M,Buchananside,Mid,93,Gold
C104414,27,F,Barbaramouth,Mid,150,Gold
C104415,60,F,East Tammy,Mid,155,Gold
C104416,26,M,Lake Brittany,Mid,138,Green
C104417,42,M,Port Lori,Low,125,Gold
C104418,47,M,Elliotttown,Mid,61,Gold
C104419,27,M,Williamville,Low,51,Green
C104420,27,M,Christensenmouth,Low,10,Green
C104421,39,F,New Travisview,Affluent,134,Gold
C104422,40,F,South Perryborough,Mid,62,Gold
C104423,52,M,Jenniferstad,High,113,Platinum
C104424,29,F,South Johntown,Mid,133,Green
C104425,33,M,Michaelfort,Mid,122,Green
C104426,69,M,Port Joseph,Mid,123,Gold
C104427,21,F,Toddmouth,Low,63,Gold
C104428,21,M,Port Lisa,Low,111,Gold
C104429,22,F,New Cassie,High,89,Gold
C104430,50,F,Jessicaborough,High,51,Gold
C104431,33,F,Johnfurt,Mid,178,Gold
C104432,33,F,Haynestown,Mid,132,Green
C104433,27,M,Joseberg,Affluent,104,Green
C104434,48,F,Anthonychester,Low,123,Green
C104435,22,M,West Stevenberg,Mid,48,Green
C104436,31,F,Garrettside,Mid,32,Green
C104437,27,M,New Sean,High,120,Green
C104438,21,F,Danielview,Affluent,179,Centurion
C104439,32,F,Hillmouth,Mid,180,Green
C104440,37,F,Frankberg,High,99,Green
C104441,29,F,Stephanieville,High,74,Platinum
C104442,35,F,Port Markfort,Mid,34,Gold
C104443,35,M,Donaldfurt,Mid,164,Gold
C104444,36,F,Lake Ryanmouth,Mid,70,Gold
C104445,26,F,Thompsonton,Affluent,171,Gold
C104446,25,F,Marioshire,Low,110,Green
C104447,38,F,New Brianberg,High,16,Green
C104448,21,M,Brownland,Mid,59,Platinum
C104449,35,M,East Curtis,High,19,Green
C104450,55,F,Lake Jimmy,Mid,95,Green
C104451,37,M,Teresamouth,Mid,113,Gold
C104452,21,F,South Matthewland,High,41,Green
C104453,39,F,Moraleston,High,81,Gold
C104454,47,M,Mayfurt,High,175,Platinum
C104455,29,F,New Mackenzie,Low,103,Platinum
C104456,34,F,South Erik,High,54,Platinum
C104457,28,M,Jeremyton,Low,95,Green
C104458,32,F,North Dawnbury,Mid,147,Centurion
C104459,30,M,Williamsbury,Mid,62,Green
C104460,42,F,East Stephanie,Mid,99,Green
C104461,56,M,New Luis,Mid,93,Gold
C104462,38,F,Avilafurt,Affluent,65,Gold
C104463,21,M,New Kathyfort,Low,68,Green
C104464,65,F,Lake Jenniferchester,High,28,Gold
C104465,44,F,North Jameston,Mid,18,Platinum
C104466,46,M,East Brandi,Low,26,Green
C104467,37,F,West Jacquelineshire,Low,104,Gold
C104468,40,F,Williamburgh,Affluent,147,Green
C104469,34,F,Lewisside,High,55,Gold
C104470,47,F,Lake Julieport,Affluent,119,Green
C104471,32,F,Angelahaven,Affluent,124,Gold
C104472,43,F,Mooreborough,Mid,134,Green
C104473,48,M,Matthewmouth,Mid,129,Platinum
C104474,51,F,Philipport,High,8,Centurion
C104475,49,F,Johnsonhaven,Mid,51,Platinum
C104476,26,F,Harrisville,Mid,85,Green
C104477,55,M,South Lindaborough,Mid,25,Green
C104478,45,M,Port Ashley,Mid,175,Gold
C104479,41,F,Marissaborough,Mid,83,Gold
C104480,42,M,Michaelton,Low,93,Centurion
C104481,36,M,New Pamela,Mid,117,Platinum
C104482,32,M,Jaytown,Mid,138,Gold
C104483,33,F,Alexanderburgh,Mid,56,Green
C104484,52,F,Jamiefurt,Mid,12,Platinum
C104485,38,F,Stephenfurt,High,161,Green
C104486,41,M,South Timothy,Low,120,Green
C104487,38,M,Laurabury,Mid,71,Platinum
C104488,30,F,New Danieltown,High,17,Gold
C104489,21,F,New Brendantown,Mid,122,Green
C104490,46,M,Sarahport,Mid,124,Green
C104491,45,F,Jamesshire,High,10,Green
C104492,37,M,North Brian,Mid,31,Gold
C104493,26,F,Lake James,High,60,Green
C104494,58,M,Harmonstad,High,70,Platinum
C104495,34,F,West Roberttown,Mid,17,Green
C104496,40,F,Kayleeville,Mid,50,Gold
C104497,30,M,Donaldmouth,Low,37,Green
C104498,23,F,North Samantha,Mid,118,Green
C104499,44,M,South Gregville,Mid,157,Gold
C104500,21,M,Lake Jimmyshire,Mid,160,Gold
C104501,40,M,Josephshire,Mid,80,Green
C104502,40,F,Brownberg,Mid,11,Gold
C104503,25,M,North Raymond,Low,134,Platinum
C104504,23,M,Johnsonfort,Mid,123,Green
C104505,29,M,Rivaschester,Mid,35,Green
C104506,31,F,North Barbara,High,33,Gold
C104507,21,M,Lake Bryanview,Low,18,Gold
C104508,25,M,Jenniferborough,Mid,165,Green
C104509,38,M,Andrewview,Affluent,13,Green
C104510,59,M,East Hannah,Low,90,Gold
C104511,49,F,Lake Bradleyshire,Mid,110,Centurion
C104512,39,F,Hansenfort,Low,1,Gold
C104513,50,M,Lake Melinda,Mid,63,Green
C104514,50,F,West Michaelstad,Mid,34,Gold
C104515,34,M,Hooverside,Mid,103,Green
C104516,40,M,West Donna,Mid,10,Green
C104517,48,M,Jessicaside,High,128,Gold
C104518,50,F,West Jill,Low,7,Platinum
C104519,50,F,Richardshire,Low,56,Platinum
C104520,26,F,Watsonstad,High,80,Green
C104521,50,M,Dylanfort,Mid,165,Platinum
C104522,58,F,Wardchester,High,157,Green
C104523,54,F,New Jonberg,Mid,12,Green
C104524,26,F,Sandymouth,High,145,Platinum
C104525,23,F,Molinaburgh,Mid,48,Platinum
C104526,43,M,West Williamberg,High,26,Green
C104527,54,F,Amberburgh,Affluent,112,Green
C104528,40,M,Port Laura,Mid,122,Green
C104529,35,F,Millerchester,Low,12,Gold
C104530,37,F,New Amyhaven,Mid,149,Platinum
C104531,49,M,New Adamside,Low,42,Green
C104532,34,F,Lake Jeremy,Mid,61,Gold
C104533,43,M,Tracymouth,Mid,58,Green
C104534,36,M,Amyfurt,Mid,34,Green
C104535,28,F,Robinsonstad,Mid,7,Platinum
C104536,27,M,Wattsville,Mid,109,Platinum
C104537,43,M,Lake Dawn,Mid,35,Green
C104538,21,F,Port Heather,Low,15,Green
C104539,43,F,Lake Aaron,Low,25,Green
C104540,36,F,South Drewland,Low,59,Gold
C104541,48,F,Johnfurt,Mid,79,Green
C104542,44,F,Marciaside,Mid,86,Gold
C104543,38,F,Port Jamestown,Mid,134,Green
C104544,26,F,West Davidburgh,Mid,180,Green
C104545,26,M,North Jonville,High,88,Platinum
C104546,30,F,Duffyfurt,Low,149,Green
C104547,47,M,Lake Carlamouth,Mid,71,Platinum
C104548,57,M,Brooksport,High,121,Gold
C104549,41,F,Harveyfort,High,93,Platinum
C104550,31,F,Lake Traviston,Affluent,96,Green
C104551,32,M,Florestown,Low,32,Gold
C104552,33,M,Jackiefurt,Low,53,Green
C104553,49,M,South Haleystad,High,59,Centurion
C104554,32,M,Vangfurt,Mid,69,Gold
C104555,37,M,South Katherineland,Mid,132,Green
C104556,52,F,Kingland,High,86,Green
C104557,31,M,East Jenniferville,High,18,Platinum
C104558,44,M,Jamesmouth,Affluent,81,Platinum
C104559,47,F,New Tracey,Affluent,114,Platinum
C104560,38,F,West Kylemouth,High,24,Platinum
C104561,59,M,New Robert,Mid,66,Platinum
C104562,56,M,Lake Davidtown,High,141,Gold
C104563,40,M,Jonesburgh,Low,62,Green
C104564,29,F,Hillshire,Mid,54,Green
C104565,29,M,Solisside,High,143,Gold
C104566,40,F,West Brendahaven,Mid,131,Gold
C104567,26,F,Thompsonmouth,Mid,37,Gold
C104568,40,F,Melissaton,Low,37,Green
C104569,56,M,Carolynchester,High,131,Gold
C104570,38,F,Lake Ericland,Mid,35,Green
C104571,37,M,South Todd,High,180,Gold
C104572,47,M,South Kimberlyburgh,Mid,124,Gold
C104573,43,M,Williamsburgh,High,156,Green
C104574,25,F,West Michelle,High,18,Platinum
C104575,32,M,Perezmouth,Mid,122,Gold
C104576,58,F,North Frankberg,Mid,164,Platinum
C104577,41,M,South Tylerchester,Mid,161,Green
C104578,26,F,Lake Aliciastad,Affluent,154,Green
C104579,35,M,South Thomasview,Mid,48,Green
C104580,21,M,Grantchester,Affluent,168,Green
C104581,21,M,North Christopherstad,Mid,17,Green
C104582,48,F,Moralesbury,High,168,Green
C104583,37,M,North Andrew,High,135,Platinum
C104584,43,F,New Jacobborough,High,57,Platinum
C104585,50,M,Kellerside,Affluent,8,Platinum
C104586,41,F,Angelafort,Mid,128,Centurion
C104587,46,M,Port Dianashire,Low,117,Gold
C104588,40,M,Wilsonton,High,56,Gold
C104589,52,F,East Dylan,High,126,Green
C104590,57,M,Lake Jacqueline,Mid,159,Green
C104591,40,M,West Briantown,Mid,59,Platinum
C104592,39,M,New Elizabethshire,Mid,58,Platinum
C104593,41,F,West Nicoleberg,Mid,140,Platinum
C104594,36,M,Samanthafort,Mid,176,Platinum
C104595,33,M,East Elizabeth,Mid,159,Green
C104596,49,F,Mendozaville,High,108,Gold
C104597,33,M,South Angela,Mid,74,Gold
C104598,32,F,East Elizabethhaven,Mid,167,Centurion
C104599,47,F,Port Kathleen,Mid,148,Platinum
C104600,48,F,Palmerland,Low,101,Gold
C104601,63,M,East Courtney,High,48,Green
C104602,51,F,Francostad,Affluent,71,Green
C104603,47,M,Port Jose,Mid,116,Green
C104604,48,M,Port Ryanmouth,High,122,Platinum
C104605,36,M,Johnsonstad,High,78,Green
C104606,44,M,Colebury,High,29,Green
C104607,44,M,South Christina,Low,93,Green
C104608,32,F,Lucasburgh,Affluent,73,Platinum
C104609,37,M,New Adriana,Mid,100,Gold
C104610,48,M,Mejiachester,Mid,176,Gold
C104611,37,M,South Carlland,Low,74,Green
C104612,44,M,Port Darlene,Mid,95,Green
C104613,47,M,Joshuaview,Low,17,Green
C104614,47,M,Santosmouth,Mid,137,Platinum
C104615,57,M,Marymouth,Mid,97,Platinum
C104616,31,F,Melissafort,High,162,Gold
C104617,56,M,Hughesshire,High,173,Green
C104618,43,F,South Matthew,Mid,9,Platinum
C104619,47,F,Hesterside,High,135,Gold
C104620,45,M,West Crystalview,High,144,Green
C104621,45,M,Brookebury,High,19,Green
C104622,30,F,Saramouth,Low,134,Gold
C104623,46,M,New James,High,114,Gold
C104624,22,F,Jamesmouth,Affluent,139,Centurion
C104625,61,M,Ramirezchester,High,125,Platinum
C104626,42,M,Port Chloe,Mid,61,Green
C104627,50,M,Port Kayla,Mid,42,Gold
C104628,45,M,Jamesstad,Mid,13,Green
C104629,38,M,Jamesmouth,Mid,140,Gold
C104630,32,M,North Jenny,Low,85,Gold
C104631,29,M,Danielleborough,Mid,20,Gold
C104632,46,F,Isaacfort,High,50,Platinum
C104633,45,M,Johnfort,High,164,Gold
C104634,44,F,Sarahmouth,Low,92,Platinum
C104635,36,M,Dustinland,Affluent,88,Green
C104636,42,M,Davidfurt,Mid,69,Green
C104637,33,M,Smithborough,High,37,Gold
C104638,30,F,Sarahmouth,High,140,Centurion
C104639,34,M,Williamchester,High,99,Green
C104640,35,M,West Brent,Affluent,125,Green
C104641,54,M,Fullerfort,Mid,168,Gold
C104642,22,F,South Samuelmouth,High,54,Gold
C104643,37,F,East Herbertstad,Low,130,Platinum
C104644,44,M,North Melanieview,High,178,Gold
C104645,59,F,New Amandaberg,High,41,Centurion
C104646,31,M,Lake Gloriaborough,High,45,Platinum
C104647,25,M,Lake Ashleytown,Mid,103,Green
C104648,45,F,West Tiffanyview,High,106,Gold
C104649,39,F,Russellbury,Low,137,Gold
C104650,35,M,New Cassandra,Low,128,Centurion
C104651,42,F,Sarahstad,High,86,Green
C104652,47,F,East Andrew,Mid,47,Green
C104653,46,M,Kathrynburgh,High,5,Green
C104654,41,M,Harristown,Mid,1,Gold
C104655,52,M,North Ashley,Low,44,Green
C104656,40,M,Lisaville,High,150,Gold
C104657,38,F,East Meganbury,Mid,38,Platinum
C104658,45,M,South Chelsea,Low,19,Gold
C104659,24,M,East Joshua,High,159,Gold
C104660,44,F,East Emilychester,Mid,115,Platinum
C104661,34,F,Griffinbury,Mid,87,Gold
C104662,23,F,Port Christophermouth,Mid,170,Green
C104663,42,F,Hernandezfurt,High,123,Green
C104664,32,F,Johnsonview,High,82,Gold
C104665,21,F,Lake Travis,High,154,Green
C104666,28,M,Marcfort,Low,141,Gold
C104667,56,M,Masseyborough,High,58,Centurion
C104668,31,F,Drewland,High,146,Gold
C104669,41,M,Jacksonfurt,High,67,Green
C104670,26,M,East Leon,Mid,122,Green
C104671,61,F,Hillport,High,87,Platinum
C104672,38,M,South Caroline,High,131,Platinum
C104673,30,M,Yushire,Low,55,Gold
C104674,47,M,Lake Heidi,Mid,89,Green
C104675,60,M,Marqueztown,High,58,Gold
C104676,33,F,Armstrongstad,Low,63,Green
C104677,30,F,Smithchester,Affluent,91,Green
C104678,63,F,Blankenshipland,High,52,Green
C104679,36,M,Scottbury,Mid,126,Gold
C104680,35,M,Michaelview,Mid,24,Green
C104681,21,F,Moorebury,Mid,72,Green
C104682,37,M,Port Barry,Affluent,9,Green
C104683,23,M,Diazbury,Mid,110,Gold
C104684,31,F,Lake Ruthland,High,165,Gold
C104685,21,F,West Christianview,Mid,94,Green
C104686,51,F,Hernandezberg,Low,117,Platinum
C104687,21,M,Ramirezburgh,Low,83,Gold
C104688,21,M,South Larry,Mid,80,Green
C104689,28,F,East Monicaton,Affluent,152,Green
C104690,51,M,West Amy,Mid,149,Gold
C104691,33,M,Jacobsonbury,Mid,100,Green
C104692,34,M,Port Susanland,Mid,40,Green
C104693,43,M,Port Craigburgh,Mid,103,Gold
C104694,36,M,Port Stevenstad,Mid,62,Gold
C104695,51,M,East Amanda,High,69,Platinum
C104696,35,F,East Kristin,Mid,142,Platinum
C104697,35,M,Melissaview,Mid,109,Centurion
C104698,62,M,New Williamton,Low,170,Green
C104699,38,F,Taylorton,Affluent,178,Green
C104700,40,M,Mooreberg,Mid,4,Centurion
C104701,35,F,Port Chelsea,Low,72,Gold
C104702,21,M,Audreyview,High,17,Gold
C104703,47,F,Sanchezburgh,Mid,114,Green
C104704,56,M,Lake Johnton,Mid,85,Green
C104705,51,F,South Derekport,Mid,57,Green
C104706,31,F,Ricefort,High,107,Gold
C104707,36,F,Piercefurt,Low,48,Green
C104708,41,F,Haydenhaven,High,172,Gold
C104709,41,F,Kristinshire,Mid,173,Gold
C104710,45,F,Waltonhaven,Mid,117,Green
C104711,40,F,Jacksonfort,Mid,161,Green
C104712,34,F,Port Benjamin,Mid,31,Green
C104713,39,M,New Virginiaport,High,112,Green
C104714,48,M,New Rebeccafurt,Mid,47,Green
C104715,70,M,Evanstown,Mid,134,Green
C104716,32,M,Tonytown,Mid,108,Gold
C104717,40,F,South Kimberly,Affluent,72,Gold
C104718,34,M,South Michelle,Mid,71,Green
C104719,41,F,Lake Laura,Affluent,162,Gold
C104720,48,F,Sancheztown,Mid,108,Platinum
C104721,35,F,South Johnny,Low,53,Gold
C104722,21,F,Owensmouth,Mid,142,Green
C104723,49,M,Nicolemouth,Mid,16,Gold
C104724,39,F,South Susan,Mid,171,Gold
C104725,34,M,East Penny,Low,116,Centurion
C104726,31,F,West Nathanielstad,Affluent,73,Centurion
C104727,41,M,Blankenshipchester,High,74,Green
C104728,30,M,New Kellyhaven,High,81,Gold
C104729,31,F,Williamsfort,Low,12,Platinum
C104730,24,F,West Markport,Low,128,Platinum
C104731,30,M,North Victoria,Low,70,Gold
C104732,44,F,Lake Jennifer,High,147,Green
C104733,22,M,Brianhaven,Affluent,41,Green
C104734,50,M,Lake Adriana,Mid,157,Gold
C104735,25,F,South Richardmouth,Low,59,Gold
C104736,39,F,Christyport,Mid,89,Centurion
C104737,43,F,Brenthaven,Mid,24,Platinum
C104738,47,F,South Katherinechester,Mid,144,Green
C104739,47,F,Lake Kimberlyshire,Mid,180,Gold
C104740,37,M,East Sarahfurt,High,80,Green
C104741,36,M,Donnamouth,Low,134,Gold
C104742,44,M,Douglasborough,Low,165,Gold
C104743,41,F,New Patrickfurt,Affluent,132,Green
C104744,34,M,North Bradley,Mid,92,Green
C104745,42,M,East Jamesshire,Low,166,Green
C104746,36,F,South Lauren,Low,169,Green
C104747,31,M,South Amy,Low,92,Platinum
C104748,33,F,Veronicaborough,Mid,81,Green
C104749,43,M,North Frankton,High,142,Green
C104750,27,F,Jessicaland,Mid,71,Green
C104751,50,M,South Rose,Mid,179,Platinum
C104752,31,M,Lake Trevor,High,65,Green
C104753,21,F,Lake Stevemouth,Mid,52,Green
C104754,44,F,Melissaview,High,30,Gold
C104755,21,M,Crystalmouth,High,99,Green
C104756,26,M,Lake Evelyn,Low,158,Green
C104757,64,M,Lindabury,High,98,Gold
C104758,49,M,Port Andrew,Mid,42,Green
C104759,48,M,Nelsonhaven,Affluent,139,Platinum
C104760,25,F,Victorfurt,Mid,27,Gold
C104761,35,M,New Kevinview,Affluent,152,Gold
C104762,51,M,Port Earlbury,High,167,Green
C104763,45,M,East Steven,Mid,72,Platinum
C104764,50,M,North Heidi,Mid,18,Gold
C104765,57,F,Robertfurt,Affluent,77,Green
C104766,45,F,Knightport,High,45,Green
C104767,24,M,East Franciscofort,Low,115,Gold
C104768,44,M,Port Leeton,High,87,Platinum
C104769,35,M,Sullivanchester,Mid,140,Platinum
C104770,23,F,South Thomas,Low,177,Gold
C104771,47,F,West Sharonville,Mid,159,Gold
C104772,51,F,Joefort,Mid,92,Green
C104773,36,F,Chapmanfurt,High,22,Gold
C104774,41,F,Atkinsonport,Mid,172,Centurion
C104775,21,F,New Linda,High,92,Gold
C104776,50,M,Erikmouth,Low,77,Green
C104777,46,M,Castanedaville,Mid,25,Green
C104778,40,M,North Lauratown,Mid,108,Green
C104779,24,F,New Roy,Mid,179,Gold
C104780,21,M,Port Lindseyberg,Low,135,Platinum
C104781,60,F,North Thomaston,Low,109,Green
C104782,27,F,West Tonya,Mid,134,Green
C104783,39,M,Erikastad,Mid,24,Gold
C104784,27,F,North Frederickport,Mid,19,Platinum
C104785,21,M,Craigshire,Mid,83,Gold
C104786,42,M,North Christinaborough,High,115,Green
C104787,44,F,South Madison,Affluent,9,Green
C104788,21,F,Rodriguezshire,Mid,112,Gold
C104789,50,M,Christinahaven,Mid,164,Platinum
C104790,32,M,Port Cheyenneberg,Low,102,Green
C104791,26,M,South Catherineview,Affluent,168,Gold
C104792,25,M,Lake Kimberly,Low,152,Gold
C104793,47,F,South Catherineport,Mid,48,Gold
C104794,21,M,South Melissaburgh,Mid,69,Green
C104795,24,F,Patrickstad,Mid,170,Platinum
C104796,42,F,Kellyfurt,Low,119,Gold
C104797,41,M,Romanbury,High,45,Gold
C104798,26,M,Elizabethborough,Low,125,Gold
C104799,52,F,South Eduardo,Mid,14,Centurion
C104800,25,M,North Christopher,Low,157,Gold
C104801,35,F,East Danielmouth,Low,134,Gold
C104802,34,M,East Jennifer,Affluent,135,Green
C104803,34,M,Kayleemouth,Low,37,Green
C104804,35,M,Lake Timothy,High,53,Green
C104805,35,M,Martinezside,Mid,18,Centurion
C104806,35,F,Sharonborough,Low,38,Platinum
C104807,35,F,Douglasstad,Affluent,129,Green
C104808,49,M,South James,Mid,44,Green
C104809,35,M,North Anthonyview,High,47,Green
C104810,45,M,Lopezfort,Low,35,Platinum
C104811,39,M,Barrettfurt,High,60,Green
C104812,42,F,Shannonmouth,Low,90,Gold
C104813,46,F,Barrettshire,Mid,52,Platinum
C104814,25,M,North Misty,High,8,Gold
C104815,44,F,West Robert,Affluent,107,Platinum
C104816,35,F,Hutchinsonmouth,Affluent,169,Gold
C104817,27,M,North Nicole,High,131,Gold
C104818,46,F,New Cassandra,High,142,Gold
C104819,33,M,Rebeccaburgh,Low,96,Green
C104820,42,F,Johnsontown,Mid,26,Centurion
C104821,21,M,Jenniferstad,Mid,111,Gold
C104822,45,M,Aaronfort,Mid,123,Green
C104823,66,F,East Dylan,Mid,168,Green
C104824,37,F,Alyssahaven,Mid,51,Green
C104825,35,F,South Kayla,Low,123,Gold
C104826,32,M,South Tamarashire,High,5,Green
C104827,44,F,Ambermouth,Low,77,Platinum
C104828,34,M,West Marvinchester,Mid,160,Green
C104829,45,F,South Mariachester,Mid,1,Green
C104830,56,F,Sloanshire,High,11,Platinum
C104831,47,M,West Mary,High,8,Gold
C104832,36,M,South Joseph,Mid,153,Platinum
C104833,25,F,Port Jeromeshire,Low,168,Gold
C104834,33,F,Ralphtown,Mid,32,Green
C104835,36,F,North Jeffrey,Low,28,Gold
C104836,23,M,Allentown,Mid,131,Green
C104837,49,F,Williamsland,Mid,128,Green
C104838,44,F,Amandaside,Low,62,Green
C104839,26,F,Smithport,Mid,27,Gold
C104840,21,F,South Vanessaborough,Affluent,45,Green
C104841,45,M,Kimberlybury,Affluent,105,Green
C104842,21,F,Castromouth,Mid,92,Green
C104843,38,M,New Diana,Low,25,Green
C104844,33,M,Lake Rubenmouth,Low,44,Green
C104845,46,M,South Andrew,Mid,174,Green
C104846,46,M,Lake Jessica,Affluent,142,Green
C104847,28,M,Lake Kelly,Low,136,Green
C104848,47,M,Robertchester,High,176,Green
C104849,34,F,Lake Frank,Low,142,Platinum
C104850,38,M,Port Sarahport,Affluent,80,Gold
C104851,38,M,North Tonyaville,Mid,82,Gold
C104852,62,F,East Cameronview,High,135,Platinum
C104853,36,M,North Kathy,Mid,88,Green
C104854,21,F,Davidside,Mid,177,Green
C104855,30,M,Dixonfort,Low,127,Platinum
C104856,46,F,Kristenstad,Low,55,Gold
C104857,34,M,West Gregoryborough,Affluent,141,Centurion
C104858,38,M,Jessicaland,Affluent,56,Platinum
C104859,33,F,East Dustinburgh,High,15,Green
C104860,21,M,South Vickie,Mid,58,Centurion
C104861,29,F,Anthonyfurt,High,163,Platinum
C104862,37,F,Garciahaven,Low,88,Green
C104863,21,F,Lewisborough,Mid,97,Centurion
C104864,25,M,Ayalaland,Mid,144,Green
C104865,34,F,Port Diane,Mid,8,Gold
C104866,34,M,Grantmouth,Mid,173,Green
C104867,42,M,Morrisstad,Low,40,Green
C104868,34,M,North Benjamin,Mid,14,Gold
C104869,41,F,North Ashley,High,53,Green
C104870,30,F,Lake Sarahmouth,Mid,127,Gold
C104871,40,M,Bradytown,Low,155,Gold
C104872,54,F,Michelleland,Low,175,Green
C104873,41,F,Port Cody,Mid,80,Green
C104874,35,M,New Derekfort,Mid,115,Gold
C104875,27,F,Davidton,Mid,134,Platinum
C104876,38,M,Johnside,Mid,55,Gold
C104877,35,F,Carterville,High,44,Gold
C104878,44,F,West Elizabethberg,Mid,18,Gold
C104879,21,M,Lisaberg,High,16,Green
C104880,35,F,Matthewchester,Mid,12,Gold
C104881,42,M,New Michaelfort,Mid,148,Centurion
C104882,39,F,Joannachester,High,45,Gold
C104883,34,M,North Tinamouth,Low,93,Gold
C104884,34,F,Lake Christopher,Low,22,Gold
C104885,25,F,New Carrie,High,97,Gold
C104886,42,F,West Danielview,Mid,47,Gold
C104887,42,M,Lucasville,High,29,Gold
C104888,22,F,New Jason,Low,45,Gold
C104889,46,M,East Brandonport,High,77,Green
C104890,30,M,Port Jennifershire,Mid,9,Gold
C104891,33,M,Rebeccaport,Low,24,Platinum
C104892,58,F,South Karenton,Mid,15,Green
C104893,55,M,Samanthachester,Mid,164,Centurion
C104894,22,F,Lake Mathewton,Mid,13,Green
C104895,23,F,North Clinton,Low,91,Green
C104896,26,F,North Patriciaton,Low,172,Gold
C104897,55,M,Pachecofurt,Mid,101,Platinum
C104898,31,F,West Erikside,Low,71,Gold
C104899,21,M,North Matthew,Affluent,122,Green
C104900,51,F,Lake Samantha,Low,76,Green
C104901,44,F,Lake Lisafort,Mid,164,Gold
C104902,62,F,Lake Jean,Low,116,Green
C104903,44,F,Lake Susan,Mid,61,Gold
C104904,37,M,South Adam,Affluent,168,Gold
C104905,40,M,Barbaraborough,Low,126,Gold
C104906,33,M,Kelleyton,Affluent,155,Green
C104907,52,M,Clarkfurt,Mid,1,Green
C104908,52,F,Port Allison,High,162,Green
C104909,21,M,Derekshire,Mid,68,Green
C104910,48,F,Bartlettport,High,88,Gold
C104911,26,F,Johnville,Mid,21,Platinum
C104912,64,F,Scottfort,Mid,161,Green
C104913,54,F,North Richardborough,Low,135,Green
C104914,25,M,Hayleyshire,Low,3,Green
C104915,40,M,Port Danielle,Affluent,51,Platinum
C104916,48,F,Lake Johnton,Mid,79,Green
C104917,31,M,East Julie,Mid,95,Centurion
C104918,22,M,Lake Ralphborough,High,123,Green
C104919,39,F,Susanshire,Mid,6,Green
C104920,36,F,Lake Jasonville,Affluent,157,Green
C104921,27,F,South Danielborough,High,17,Gold
C104922,51,M,Thomasville,Mid,117,Gold
C104923,23,F,Markchester,High,60,Gold
C104924,36,F,Kellerview,Low,150,Green
C104925,40,F,Alvaradoberg,Mid,152,Green
C104926,41,M,South Michael,Mid,125,Green
C104927,50,F,South Tracy,Mid,81,Gold
C104928,35,F,Samuelview,High,85,Green
C104929,21,F,South Steventon,Affluent,51,Gold
C104930,33,M,Lake Stephenport,Mid,178,Green
C104931,45,F,South Daniel,Mid,139,Green
C104932,36,F,Donaldview,Affluent,71,Gold
C104933,36,F,South Kayla,Mid,170,Green
C104934,43,M,Floydhaven,Mid,39,Gold
C104935,45,M,New Shawnport,Mid,69,Green
C104936,21,M,South James,Affluent,48,Green
C104937,37,F,Maryfurt,Mid,125,Platinum
C104938,35,F,Ethanbury,High,57,Green
C104939,38,M,Conwaytown,High,21,Gold
C104940,21,F,Lake Todd,Mid,82,Platinum
C104941,52,F,New William,Mid,99,Green
C104942,38,M,North Joseph,High,148,Platinum
C104943,42,M,Alexaville,Mid,15,Green
C104944,57,M,Michellehaven,High,69,Gold
C104945,42,F,Julietown,Affluent,179,Gold
C104946,21,M,New Susanville,Mid,76,Platinum
C104947,37,F,West Johnny,High,62,Gold
C104948,45,F,Port Susan,High,119,Gold
C104949,38,M,Lake Tyler,High,37,Gold
C104950,56,M,East Susanmouth,Mid,134,Green
C104951,28,F,Bradleytown,Low,26,Gold
C104952,51,M,Leeville,Mid,8,Green
C104953,47,F,Jenniferchester,High,4,Gold
C104954,38,M,Heatherview,Mid,21,Gold
C104955,41,M,Lake Richard,High,159,Platinum
C104956,27,F,Codyfort,Mid,149,Gold
C104957,34,F,East Mark,Mid,25,Platinum
C104958,44,M,Michaelbury,Low,143,Green
C104959,36,M,Trevorchester,High,163,Green
C104960,38,F,Lake Charlesshire,Mid,177,Gold
C104961,48,M,East Robert,Mid,43,Gold
C104962,21,M,East Stuartside,Mid,169,Gold
C104963,42,F,North Erinside,High,37,Gold
C104964,57,F,Higginsbury,Mid,42,Green
C104965,33,F,East Nathan,Mid,175,Gold
C104966,24,M,West Alexandershire,Affluent,92,Green
C104967,33,M,Martinezview,High,61,Green
C104968,21,F,Orozcoland,Affluent,142,Green
C104969,40,F,Sandraville,Mid,68,Gold
C104970,37,F,Port Johnside,Mid,53,Gold
C104971,41,M,North Thomas,High,84,Green
C104972,36,M,Ambertown,Mid,34,Gold
C104973,40,F,Montoyaborough,High,76,Green
C104974,42,F,Clayville,Mid,97,Platinum
C104975,24,M,New Brandishire,Mid,152,Gold
C104976,41,M,Aaronstad,Low,148,Green
C104977,53,F,Karenside,Mid,30,Centurion
C104978,27,F,North Joanne,Low,88,Green
C104979,41,M,Lake Joshuaburgh,Low,7,Gold
C104980,52,M,East Joan,Affluent,36,Gold
C104981,25,M,East Margaret,Mid,38,Green
C104982,46,M,East Kenneth,High,52,Gold
C104983,35,M,Lake Shannonberg,High,143,Green
C104984,49,M,North Jessicaborough,Mid,174,Platinum
C104985,28,F,Courtneyport,Low,151,Green
C104986,37,F,Mooreland,High,140,Green
C104987,21,F,South Nicholas,Mid,172,Gold
C104988,42,F,West Austin,High,143,Green
C104989,42,M,Lake Megan,High,93,Gold
C104990,43,M,Rodriguezburgh,Affluent,107,Platinum
C104991,43,F,North Eric,Mid,126,Gold
C104992,36,F,South Jermaineburgh,Mid,49,Green
C104993,21,M,Jenniferside,Mid,21,Gold
C104994,48,M,Oliviaburgh,Low,15,Platinum
C104995,37,F,South Roger,High,14,Green
C104996,42,M,Ramirezview,Low,42,Gold
C104997,35,M,Lake Lauren,Mid,15,Green
C104998,59,F,East Richardfurt,High,63,Platinum
C104999,31,F,Hoshire,Mid,27,Gold
